gid,role,role_score,cluster_id,priority_score,evidence,in_deg,out_deg,in_kzt,out_kzt,in_tx,out_tx,pagerank,betweenness,seed_reach_count,pass_through,depth,is_seed,truncated_by_depth
100000000343175100,distributor,0.9691195370931307,13,0.9349049040808248,"Распределение: 31 получателей, 33 переводов, выход 4.0m KZT. Seed: входящий поток неполон.",8,31,178712.0,4000039.0,14,33,0.000713258197938405,0.0007040456702723672,8,22.382598818210305,0,True,False
100000000456947100,peripheral,1.0,73,0.028091637010676157,"Нет выраженной спецроли: in=0, out=0, оборот 0 KZT. Seed: входящий поток неполон.",0,0,0.0,0.0,0,0,0.0002855692942172909,0.0,1,,0,True,False
100000000580561100,distributor,0.6977323168556757,43,0.5020275901056965,"Распределение: 3 получателей, 13 переводов, выход 1.5m KZT. Seed: входящий поток неполон.",2,3,27980.0,1488077.0,3,13,0.0008349888856684653,4.467250585954369e-06,1,53.183595425303785,0,True,False
100000001415126100,peripheral,0.5687754683925754,21,0.4039324338937952,"Нет выраженной спецроли: in=1, out=0, оборот 27k KZT. Seed: входящий поток неполон.",1,0,27000.0,0.0,1,0,0.00040961890543080487,0.0,8,0.0,0,True,False
100000001429930100,peripheral,0.5740905182565826,15,0.3918539935325624,"Нет выраженной спецроли: in=1, out=0, оборот 26k KZT. Seed: входящий поток неполон.",1,0,26000.0,0.0,1,0,0.00035079789147407785,0.0,8,0.0,0,True,False
100000001616816100,consolidator,0.941386460575009,6,0.8855002435914036,"Консолидация: 5 плательщиков, 11 seed-маршрутов, вход 176k KZT. Seed: входящий поток неполон.",5,3,176195.0,181326.0,12,10,0.002434657190684458,7.07183140397744e-05,11,1.0291211441868384,0,True,False
100000001732159100,consolidator,0.9291282389019916,11,0.7666825697824692,"Консолидация: 2 плательщиков, 10 seed-маршрутов, вход 2.4m KZT. Seed: входящий поток неполон.",2,4,2378100.0,1505966.0,30,23,0.0010950567872996843,1.3357079252003561e-05,10,0.633264370716118,0,True,False
100000002527114100,distributor,0.9753098407342193,4,0.7863743458068436,"Распределение: 111 получателей, 113 переводов, выход 3.3m KZT. Seed: входящий поток неполон.",3,111,129000.0,3289249.0,4,113,0.0008111056953132627,0.0003265063817156426,1,25.49805426356589,0,True,False
100000002916006100,peripheral,1.0,21,0.09198800309412165,"Нет выраженной спецроли: in=0, out=1, оборот 32k KZT. Seed: входящий поток неполон.",0,1,0.0,32000.0,0,1,0.0002855692942172909,0.0,1,,0,True,False
100000003016635100,distributor,0.9952058905125607,2,0.8999443902341506,"Распределение: 73 получателей, 151 переводов, выход 9.4m KZT. Seed: входящий поток неполон.",8,73,586981.0,9414081.0,36,151,0.0011896363343877673,0.00363329654556414,7,16.038135817002594,0,True,False
100000003200071100,peripheral,1.0,69,0.08902703404970712,"Нет выраженной спецроли: in=0, out=1, оборот 30k KZT. Seed: входящий поток неполон.",0,1,0.0,30000.0,0,1,0.0002855692942172909,0.0,1,,0,True,False
100000003265658100,peripheral,1.0,74,0.028091637010676157,"Нет выраженной спецроли: in=0, out=0, оборот 0 KZT. Seed: входящий поток неполон.",0,0,0.0,0.0,0,0,0.0002855692942172909,0.0,1,,0,True,False
100000003349739100,peripheral,1.0,75,0.028091637010676157,"Нет выраженной спецроли: in=0, out=0, оборот 0 KZT. Seed: входящий поток неполон.",0,0,0.0,0.0,0,0,0.0002855692942172909,0.0,1,,0,True,False
100000003684369100,distributor,0.9882308646099319,3,0.9800798922859449,"Распределение: 62 получателей, 67 переводов, выход 8.6m KZT. Seed: входящий поток неполон.",24,62,3848436.0,8588655.0,58,67,0.0020202912084868667,0.0015795119940352825,10,2.2317260830113845,0,True,False
100000003770083100,peripheral,1.0,76,0.028091637010676157,"Нет выраженной спецроли: in=0, out=0, оборот 0 KZT. Seed: входящий поток неполон.",0,0,0.0,0.0,0,0,0.0002855692942172909,0.0,1,,0,True,False
100000003975102100,peripheral,1.0,2,0.3664679658372324,"Нет выраженной спецроли: in=1, out=2, оборот 114k KZT. Seed: входящий поток неполон.",1,2,25650.0,88500.0,1,2,0.0003454652180169808,1.4841199168892846e-06,8,3.4502923976608186,0,True,False
100000003977183100,distributor,0.6719740634005764,6,0.4656309152871992,"Распределение: 4 получателей, 6 переводов, выход 766k KZT. Seed: входящий поток неполон.",2,4,123800.0,766000.0,2,6,0.000331460381699444,0.0,2,6.187399030694669,0,True,False
100000004007116100,consolidator,0.6940688489496456,26,0.4746783260892735,"Консолидация: 3 плательщиков, 1 seed-маршрутов, вход 765k KZT. Seed: входящий поток неполон.",3,4,764704.0,148000.0,24,6,0.0006277769573248429,0.0,1,0.19353893794200108,0,True,False
100000004019124100,consolidator,0.9269476968345793,2,0.6732126430171685,"Консолидация: 3 плательщиков, 12 seed-маршрутов, вход 193k KZT. Seed: входящий поток неполон.",3,0,193000.0,0.0,3,0,0.0012028680902033705,0.0,12,0.0,0,True,False
100000004021459100,peripheral,1.0,77,0.028091637010676157,"Нет выраженной спецроли: in=0, out=0, оборот 0 KZT. Seed: входящий поток неполон.",0,0,0.0,0.0,0,0,0.0002855692942172909,0.0,1,,0,True,False
100000004041163100,coordinator,0.723577382718594,21,0.7107922541518802,"Структурный кандидат: degree=3, seed-маршрутов 15, betweenness=0.0000. Seed: входящий поток неполон.",1,2,50000.0,866000.0,1,6,0.0020847480556725213,1.3357079252003561e-05,15,17.32,0,True,False
100000004174835100,peripheral,1.0,78,0.028091637010676157,"Нет выраженной спецроли: in=0, out=0, оборот 0 KZT. Seed: входящий поток неполон.",0,0,0.0,0.0,0,0,0.0002855692942172909,0.0,1,,0,True,False
100000004193835100,peripheral,1.0,2,0.3620741308266721,"Нет выраженной спецроли: in=1, out=1, оборот 52k KZT. Seed: входящий поток неполон.",1,1,47000.0,5000.0,1,1,0.00046993013969558515,3.7102997922232114e-06,8,0.10638297872340426,0,True,False
100000004269433100,peripheral,1.0,60,0.18559500174822663,"Нет выраженной спецроли: in=0, out=1, оборот 1.4m KZT. Seed: входящий поток неполон.",0,1,0.0,1372000.0,0,67,0.0002855692942172909,0.0,1,,0,True,False
100000004358004100,distributor,0.7663544668587897,3,0.406602640445876,"Распределение: 11 получателей, 17 переводов, выход 981k KZT. Seed: входящий поток неполон.",0,11,0.0,980850.0,0,17,0.0002855692942172909,0.0,1,,0,True,False
100000004388983100,peripheral,1.0,66,0.18946444993126837,"Нет выраженной спецроли: in=0, out=2, оборот 451k KZT. Seed: входящий поток неполон.",0,2,0.0,450816.0,0,23,0.0002855692942172909,0.0,1,,0,True,False
100000004714705100,peripheral,1.0,21,0.0956219196486304,"Нет выраженной спецроли: in=0, out=1, оборот 37k KZT. Seed: входящий поток неполон.",0,1,0.0,36550.0,0,1,0.0002855692942172909,0.0,1,,0,True,False
100000004723755100,peripheral,1.0,3,0.12809163701067616,"Нет выраженной спецроли: in=0, out=1, оборот 95k KZT. Seed: входящий поток неполон.",0,1,0.0,95000.0,0,5,0.0002855692942172909,0.0,1,,0,True,False
100000004813068100,distributor,0.5957132564841499,25,0.3335138946041228,"Распределение: 3 получателей, 5 переводов, выход 297k KZT. Seed: входящий поток неполон.",0,3,0.0,297000.0,0,5,0.0002855692942172909,0.0,1,,0,True,False
100000004971871100,peripheral,1.0,58,0.20113760459424382,"Нет выраженной спецроли: in=1, out=1, оборот 31k KZT. Seed: входящий поток неполон.",1,1,25400.0,5650.0,3,1,0.0007430293125206683,0.0,1,0.22244094488188976,0,True,False
100000005017150100,peripheral,1.0,79,0.028091637010676157,"Нет выраженной спецроли: in=0, out=0, оборот 0 KZT. Seed: входящий поток неполон.",0,0,0.0,0.0,0,0,0.0002855692942172909,0.0,1,,0,True,False
100000005087431100,peripheral,1.0,80,0.028091637010676157,"Нет выраженной спецроли: in=0, out=0, оборот 0 KZT. Seed: входящий поток неполон.",0,0,0.0,0.0,0,0,0.0002855692942172909,0.0,1,,0,True,False
100000005235389100,peripheral,1.0,81,0.028091637010676157,"Нет выраженной спецроли: in=0, out=0, оборот 0 KZT. Seed: входящий поток неполон.",0,0,0.0,0.0,0,0,0.0002855692942172909,0.0,1,,0,True,False
100000005264990100,coordinator,0.7271295479648123,21,0.7259201320665155,"Структурный кандидат: degree=3, seed-маршрутов 8, betweenness=0.0001. Seed: входящий поток неполон.",1,2,17070.0,122000.0,1,2,0.0003639962150845014,5.7880676758682096e-05,8,7.147041593438781,0,True,False
100000005370580100,peripheral,0.5828960486282962,15,0.385801962179917,"Нет выраженной спецроли: in=1, out=0, оборот 24k KZT. Seed: входящий поток неполон.",1,0,24075.0,0.0,1,0,0.0003459684664848734,0.0,8,0.0,0,True,False
100000005382566100,consolidator,0.9736063768176728,21,0.841778535175341,"Консолидация: 7 плательщиков, 15 seed-маршрутов, вход 393k KZT. Seed: входящий поток неполон.",7,1,393066.0,50000.0,11,1,0.002113262052157115,2.6714158504007122e-05,15,0.12720510041570626,0,True,False
100000005386383100,consolidator,0.751481784553934,21,0.6542090588728284,"Консолидация: 2 плательщиков, 8 seed-маршрутов, вход 38k KZT. Seed: входящий поток неполон.",2,1,37500.0,29000.0,2,1,0.0005243332756978218,1.7067379044226773e-05,8,0.7733333333333333,0,True,False
100000005392290100,peripheral,1.0,70,0.12183322516679998,"Нет выраженной спецроли: in=0, out=1, оборот 81k KZT. Seed: входящий поток неполон.",0,1,0.0,81465.0,0,1,0.0002855692942172909,0.0,1,,0,True,False
100000005395727100,peripheral,0.6192287775494204,2,0.36847984287142554,"Нет выраженной спецроли: in=1, out=0, оборот 17k KZT. Seed: входящий поток неполон.",1,0,17000.0,0.0,1,0,0.0003712067299561801,0.0,8,0.0,0,True,False
100000005409680100,consolidator,0.8270395484008348,5,0.5914185398640832,"Консолидация: 2 плательщиков, 10 seed-маршрутов, вход 55k KZT. Seed: входящий поток неполон.",2,0,55060.0,0.0,2,0,0.000633528818793162,0.0,10,0.0,0,True,False
100000005417257100,peripheral,1.0,21,0.15140926823544062,"Нет выраженной спецроли: in=0, out=2, оборот 106k KZT. Seed: входящий поток неполон.",0,2,0.0,106000.0,0,2,0.0002855692942172909,0.0,1,,0,True,False
100000005454368100,consolidator,0.7503810176387271,15,0.5210837927485312,"Консолидация: 2 плательщиков, 8 seed-маршрутов, вход 49k KZT. Seed: входящий поток неполон.",2,0,48600.0,0.0,2,0,0.000394192963208194,0.0,8,0.0,0,True,False
100000005480435100,peripheral,1.0,82,0.028091637010676157,"Нет выраженной спецроли: in=0, out=0, оборот 0 KZT. Seed: входящий поток неполон.",0,0,0.0,0.0,0,0,0.0002855692942172909,0.0,1,,0,True,False
100000005485830100,distributor,0.6647694524495678,45,0.35352581259502863,"Распределение: 5 получателей, 9 переводов, выход 276k KZT. Seed: входящий поток неполон.",0,5,0.0,275885.0,0,9,0.0002855692942172909,0.0,1,,0,True,False
100000005493505100,consolidator,0.8700441694117951,3,0.6181352550522585,"Консолидация: 3 плательщиков, 12 seed-маршрутов, вход 62k KZT. Seed: входящий поток неполон.",3,0,62020.0,0.0,3,0,0.0006174200765778783,0.0,12,0.0,0,True,False
100000005495722100,peripheral,1.0,83,0.028091637010676157,"Нет выраженной спецроли: in=0, out=0, оборот 0 KZT. Seed: входящий поток неполон.",0,0,0.0,0.0,0,0,0.0002855692942172909,0.0,1,,0,True,False
100000005498992100,distributor,0.8,19,0.42341465181552135,"Распределение: 16 получателей, 19 переводов, выход 2.3m KZT. Seed: входящий поток неполон.",0,16,0.0,2262868.0,0,19,0.0002855692942172909,0.0,1,,0,True,False
100000005519347100,consolidator,0.8315886913077565,2,0.6301848840447989,"Консолидация: 2 плательщиков, 10 seed-маршрутов, вход 73k KZT. Seed: входящий поток неполон.",2,1,73100.0,99000.0,2,1,0.0005567200012967696,4.96361176217152e-07,10,1.3543091655266757,0,True,False
100000005523088100,terminal,0.7514392565729827,21,0.635690935451015,"Наблюдаемый сток: 1 плательщиков, вход 700k KZT, depth=0<4, исходящих нет. Seed: входящий поток неполон.",1,0,700000.0,0.0,2,0,0.0017206377268585411,0.0,16,0.0,0,True,False
100000005543136100,peripheral,1.0,3,0.05430294252884574,"Нет выраженной спецроли: in=0, out=1, оборот 10k KZT. Seed: входящий поток неполон.",0,1,0.0,10000.0,0,1,0.0002855692942172909,0.0,1,,0,True,False
100000005550592100,peripheral,1.0,84,0.028091637010676157,"Нет выраженной спецроли: in=0, out=0, оборот 0 KZT. Seed: входящий поток неполон.",0,0,0.0,0.0,0,0,0.0002855692942172909,0.0,1,,0,True,False
100000005560900100,peripheral,1.0,85,0.028091637010676157,"Нет выраженной спецроли: in=0, out=0, оборот 0 KZT. Seed: входящий поток неполон.",0,0,0.0,0.0,0,0,0.0002855692942172909,0.0,1,,0,True,False
100000005568407100,peripheral,1.0,86,0.028091637010676157,"Нет выраженной спецроли: in=0, out=0, оборот 0 KZT. Seed: входящий поток неполон.",0,0,0.0,0.0,0,0,0.0002855692942172909,0.0,1,,0,True,False
100000005668605100,consolidator,0.8914232415315073,21,0.6388090369386789,"Консолидация: 3 плательщиков, 11 seed-маршрутов, вход 94k KZT. Seed: входящий поток неполон.",3,0,94500.0,0.0,3,0,0.0008383018688148931,0.0,11,0.0,0,True,False
100000005744674100,peripheral,1.0,21,0.10813874333638275,"Нет выраженной спецроли: in=0, out=1, оборот 50k KZT. Seed: входящий поток неполон.",0,1,0.0,50066.0,0,2,0.0002855692942172909,0.0,1,,0,True,False
100000006232815100,distributor,0.6417867435158502,30,0.4462949310266358,"Распределение: 5 получателей, 5 переводов, выход 296k KZT. Seed: входящий поток неполон.",1,5,160000.0,296500.0,2,5,0.0005566536352336269,0.0,1,1.853125,0,True,False
100000006249740100,distributor,0.5479827089337177,53,0.2889433034769454,"Распределение: 3 получателей, 5 переводов, выход 93k KZT. Seed: входящий поток неполон.",0,3,0.0,93007.0,0,5,0.0002855692942172909,0.0,1,,0,True,False
100000006831291100,peripheral,1.0,53,0.0633540865396129,"Нет выраженной спецроли: in=0, out=1, оборот 15k KZT. Seed: входящий поток неполон.",0,1,0.0,15000.0,0,3,0.0002855692942172909,0.0,1,,0,True,False
100000006866783100,distributor,0.9892586186397015,1,0.897670048324801,"Распределение: 67 получателей, 90 переводов, выход 3.9m KZT. Seed: входящий поток неполон.",13,67,838812.0,3948037.0,31,90,0.0008703719471294018,0.004565848431574097,7,4.706700667133994,0,True,False
100000007018630100,peripheral,1.0,61,0.14989513633772866,"Нет выраженной спецроли: in=0, out=1, оборот 200k KZT. Seed: входящий поток неполон.",0,1,0.0,200000.0,0,5,0.0002855692942172909,0.0,1,,0,True,False
100000007747786100,distributor,0.8292507204610952,6,0.4334639851385116,"Распределение: 31 получателей, 35 переводов, выход 4.2m KZT. Seed: входящий поток неполон.",0,31,0.0,4238009.4,0,35,0.0002855692942172909,0.0,1,,0,True,False
100000007982728100,distributor,0.761671469740634,6,0.4103892711573645,"Распределение: 8 получателей, 12 переводов, выход 1.8m KZT. Seed: входящий поток неполон.",0,8,0.0,1804384.0,0,12,0.0002855692942172909,0.0,1,,0,True,False
100000008117324100,peripheral,1.0,87,0.028091637010676157,"Нет выраженной спецроли: in=0, out=0, оборот 0 KZT. Seed: входящий поток неполон.",0,0,0.0,0.0,0,0,0.0002855692942172909,0.0,1,,0,True,False
100000008205000100,peripheral,1.0,88,0.028091637010676157,"Нет выраженной спецроли: in=0, out=0, оборот 0 KZT. Seed: входящий поток неполон.",0,0,0.0,0.0,0,0,0.0002855692942172909,0.0,1,,0,True,False
100000008314203100,consolidator,0.8809321391352603,11,0.6677886307854053,"Консолидация: 2 плательщиков, 10 seed-маршрутов, вход 382k KZT. Seed: входящий поток неполон.",2,2,382076.0,327000.0,10,13,0.0005029908624026965,0.0,10,0.8558506684533967,0,True,False
100000008418835100,distributor,0.6172190201729106,60,0.4776701431894529,"Распределение: 4 получателей, 6 переводов, выход 186k KZT. Seed: входящий поток неполон.",1,4,1372000.0,186179.0,67,6,0.0005285862410602082,0.0,2,0.13569897959183674,0,True,False
100000008513251100,peripheral,1.0,89,0.028091637010676157,"Нет выраженной спецроли: in=0, out=0, оборот 0 KZT. Seed: входящий поток неполон.",0,0,0.0,0.0,0,0,0.0002855692942172909,0.0,1,,0,True,False
100000008516839100,consolidator,0.9152969860587269,21,0.6618857864868058,"Консолидация: 3 плательщиков, 11 seed-маршрутов, вход 155k KZT. Seed: входящий поток неполон.",3,0,155000.0,0.0,4,0,0.0010695838614429962,0.0,11,0.0,0,True,False
100000008522127100,peripheral,1.0,64,0.1395990394332872,"Нет выраженной спецроли: in=0, out=1, оборот 145k KZT. Seed: входящий поток неполон.",0,1,0.0,145000.0,0,3,0.0002855692942172909,0.0,1,,0,True,False
100000008571433100,consolidator,0.6612270240011873,52,0.47769126527547723,"Консолидация: 2 плательщиков, 1 seed-маршрутов, вход 350k KZT. Seed: входящий поток неполон.",2,2,350000.0,1434000.0,2,3,0.0016264807087207904,0.0,1,4.097142857142857,0,True,False
100000008575624100,distributor,0.5440201729106628,48,0.28627030069594617,"Распределение: 3 получателей, 5 переводов, выход 90k KZT. Seed: входящий поток неполон.",0,3,0.0,89500.0,0,5,0.0002855692942172909,0.0,1,,0,True,False
100000008601794100,consolidator,0.6729887229264735,55,0.47696131215036414,"Консолидация: 2 плательщиков, 1 seed-маршрутов, вход 494k KZT. Seed: входящий поток неполон.",2,1,494400.0,871400.0,8,13,0.002367779758018107,0.0,1,1.7625404530744337,0,True,False
100000008637537100,consolidator,0.9447365523660802,11,0.8850532104021512,"Консолидация: 3 плательщиков, 10 seed-маршрутов, вход 620k KZT. Seed: входящий поток неполон.",3,3,619890.0,2351495.0,22,30,0.0008287331534345293,5.3428317008014244e-05,10,3.793406894771653,0,True,False
100000008650785100,consolidator,0.8301197921875957,2,0.731487162763221,"Консолидация: 2 плательщиков, 9 seed-маршрутов, вход 92k KZT. Seed: входящий поток неполон.",2,2,92000.0,120120.0,2,2,0.0006125210138081811,1.533590580785594e-05,9,1.3056521739130436,0,True,False
100000008654653100,peripheral,1.0,2,0.11123430188281613,"Нет выраженной спецроли: in=0, out=1, оборот 54k KZT. Seed: входящий поток неполон.",0,1,0.0,54000.0,0,1,0.0002855692942172909,0.0,1,,0,True,False
100000008659445100,distributor,0.7121037463976945,42,0.4906308102401574,"Распределение: 4 получателей, 18 переводов, выход 875k KZT. Seed: входящий поток неполон.",3,4,138490.0,875150.0,7,18,0.0024238038911821246,0.0,1,6.319228825185934,0,True,False
100000008669037100,peripheral,1.0,90,0.028091637010676157,"Нет выраженной спецроли: in=0, out=0, оборот 0 KZT. Seed: входящий поток неполон.",0,0,0.0,0.0,0,0,0.0002855692942172909,0.0,1,,0,True,False
100000008673001100,peripheral,0.5622237395263001,21,0.3340073676861628,"Нет выраженной спецроли: in=1, out=0, оборот 80k KZT. Seed: входящий поток неполон.",1,0,80000.0,0.0,1,0,0.0004689783107025115,0.0,2,0.0,0,True,False
100000008680731100,distributor,0.806628242074928,12,0.4218976432449757,"Распределение: 27 получателей, 28 переводов, выход 1.5m KZT. Seed: входящий поток неполон.",0,27,0.0,1464354.0,0,28,0.0002855692942172909,0.0,1,,0,True,False
100000008701222100,peripheral,1.0,91,0.028091637010676157,"Нет выраженной спецроли: in=0, out=0, оборот 0 KZT. Seed: входящий поток неполон.",0,0,0.0,0.0,0,0,0.0002855692942172909,0.0,1,,0,True,False
100000008738325100,peripheral,1.0,21,0.2590012420139326,"Нет выраженной спецроли: in=1, out=1, оборот 91k KZT. Seed: входящий поток неполон.",1,1,36550.0,54000.0,1,1,0.0005285862410602082,1.4841199168892846e-06,2,1.4774281805745555,0,True,False
100000003134937100,peripheral,0.692285325446937,2,0.21748315583310443,"Нет выраженной спецроли: in=1, out=0, оборот 10k KZT.",1,0,10286.0,0.0,1,0,0.000286675224915866,0.0,7,0.0,1,False,False
100000005074393100,consolidator,0.9578076654417101,15,0.9273611017797266,"Консолидация: 4 плательщиков, 10 seed-маршрутов, вход 563k KZT.",4,6,563026.0,685500.0,5,10,0.0010600834163353942,0.00016028495102404273,10,1.2175281425724567,1,False,False
100000001924185100,consolidator,0.8139844261686826,13,0.5817073354257484,"Консолидация: 2 плательщиков, 11 seed-маршрутов, вход 151k KZT.",2,0,151000.0,0.0,2,0,0.0003102198760278653,0.0,11,0.0,1,False,False
100000004070318100,distributor,0.9220664919064901,1,0.8146275521318098,"Распределение: 19 получателей, 37 переводов, выход 552k KZT.",4,19,207246.55,551860.0,6,37,0.00031412234761755547,0.001126768270359613,7,2.662818753798314,1,False,False
100000005807278100,peripheral,0.7700157569295,45,0.1326535209056631,"Нет выраженной спецроли: in=1, out=0, оборот 8k KZT.",1,0,8385.0,0.0,1,0,0.0002929553322377627,0.0,1,0.0,1,False,False
100000003377795100,peripheral,0.77485483217882,6,0.10656582860339374,"Нет выраженной спецроли: in=1, out=0, оборот 7k KZT.",1,0,7000.0,0.0,1,0,0.00028597068988854644,0.0,1,0.0,1,False,False
100000004330371100,consolidator,0.7729715020181129,2,0.6145876450717724,"Консолидация: 2 плательщиков, 7 seed-маршрутов, вход 264k KZT.",2,2,264171.0,90681.0,12,6,0.00125427193015661,1.3357079252003561e-05,7,0.3432662934235779,1,False,False
100000008165763100,consolidator,0.960061890412108,3,0.9284679482922694,"Консолидация: 15 плательщиков, 9 seed-маршрутов, вход 1.2m KZT.",15,17,1165815.0,1267858.0,26,17,0.0009102399259160802,0.00018162548238238356,9,1.087529324978663,1,False,False
100000001684867100,peripheral,0.6008981994269915,2,0.2826973115974893,"Нет выраженной спецроли: in=1, out=0, оборот 31k KZT.",1,0,30550.0,0.0,1,0,0.00028885397075253017,0.0,7,0.0,1,False,False
100000003900547100,peripheral,0.6302499673327031,2,0.26043125047342963,"Нет выраженной спецроли: in=1, out=0, оборот 24k KZT.",1,0,23700.0,0.0,1,0,0.00028811747208587257,0.0,7,0.0,1,False,False
100000006656003100,peripheral,0.5512053305443755,4,0.23408071714765288,"Нет выраженной спецроли: in=1, out=1, оборот 29k KZT.",1,1,20000.0,9000.0,1,1,0.0002897670599476741,0.0,1,0.45,1,False,False
100000008237827100,terminal,0.48219919670713646,3,0.41030489178489876,"Наблюдаемый сток: 1 плательщиков, вход 40k KZT, depth=1<4, исходящих нет.",1,0,40001.0,0.0,1,0,0.00029357895180421055,0.0,10,0.0,1,False,False
100000003014659100,terminal,0.6073351390416948,13,0.5063373841914118,"Наблюдаемый сток: 1 плательщиков, вход 280k KZT, depth=1<4, исходящих нет.",1,0,280000.0,0.0,1,0,0.0003280369433880595,0.0,8,0.0,1,False,False
100000007939160100,peripheral,0.7407239279460527,43,0.3738301459979885,"Нет выраженной спецроли: in=1, out=2, оборот 809k KZT.",1,2,795000.0,14300.0,2,2,0.0006653456234025181,2.968239833778569e-06,1,0.017987421383647798,1,False,False
100000007274584100,peripheral,0.5229571949519751,3,0.4061084091692592,"Нет выраженной спецроли: in=1, out=0, оборот 38k KZT.",1,0,38000.0,0.0,1,0,0.0002931782787002525,0.0,10,0.0,1,False,False
100000001524952100,terminal,0.4998497606818027,1,0.38014132207175494,"Наблюдаемый сток: 1 плательщиков, вход 104k KZT, depth=1<4, исходящих нет.",1,0,103807.0,0.0,1,0,0.00030504892931036134,0.0,7,0.0,1,False,False
100000003131693100,terminal,0.6375255793000649,3,0.5510227161969671,"Наблюдаемый сток: 1 плательщиков, вход 353k KZT, depth=1<4, исходящих нет.",1,0,353277.0,0.0,1,0,0.0003563082208274809,0.0,10,0.0,1,False,False
100000008383405100,peripheral,0.6025520216620476,25,0.22446000304303118,"Нет выраженной спецроли: in=1, out=0, оборот 25k KZT.",1,0,25000.0,0.0,2,0,0.0003060252661737654,0.0,1,0.0,1,False,False
100000008736173100,peripheral,0.6607002537563358,4,0.19822287844315742,"Нет выраженной спецроли: in=1, out=0, оборот 31k KZT.",1,0,31060.0,0.0,1,0,0.000292088424396576,0.0,1,0.0,1,False,False
100000002861485100,peripheral,0.6083551350570912,2,0.2771398291975105,"Нет выраженной спецроли: in=1, out=0, оборот 29k KZT.",1,0,29323.0,0.0,1,0,0.00028872204610085294,0.0,7,0.0,1,False,False
100000008745474100,peripheral,0.6403920035296813,4,0.216537728559153,"Нет выраженной спецроли: in=1, out=0, оборот 41k KZT.",1,0,40559.0,0.0,1,0,0.0002940821532302215,0.0,1,0.0,1,False,False
100000008691330100,peripheral,0.6992541975460004,4,0.16804452574413795,"Нет выраженной спецроли: in=1, out=0, оборот 21k KZT.",1,0,21440.0,0.0,1,0,0.0002900692990802617,0.0,1,0.0,1,False,False
100000007639767100,distributor,0.8957826840218998,33,0.8005371087378255,"Распределение: 10 получателей, 13 переводов, выход 822k KZT.",4,10,90913.0,822244.0,4,13,0.000301440039227222,0.0012936148617544165,7,9.044295095310902,1,False,False
100000002921047100,consolidator,0.8238393027104982,6,0.7048724086720455,"Консолидация: 2 плательщиков, 9 seed-маршрутов, вход 338k KZT.",2,1,338000.0,163000.02,2,1,0.00031704809387447845,1.4841199168892845e-05,9,0.48224857988165676,1,False,False
100000004783447100,peripheral,0.6764867451434619,4,0.18482469584294772,"Нет выраженной спецроли: in=1, out=0, оборот 26k KZT.",1,0,26200.0,0.0,1,0,0.0002910683673240929,0.0,1,0.0,1,False,False
100000008696919100,peripheral,0.6587963552975871,4,0.2000846818849043,"Нет выраженной спецроли: in=1, out=0, оборот 32k KZT.",1,0,31945.0,0.0,1,0,0.00029227417553014546,0.0,1,0.0,1,False,False
100000008736940100,consolidator,0.6990187308634168,42,0.4806981343698043,"Консолидация: 3 плательщиков, 1 seed-маршрутов, вход 451k KZT.",3,3,451090.0,182100.0,13,6,0.0024141567490764664,0.0,1,0.40368884258130305,1,False,False
100000005940652100,peripheral,0.6462346201559641,11,0.31126396461873973,"Нет выраженной спецроли: in=1, out=0, оборот 8k KZT.",1,0,8395.0,0.0,1,0,0.00028808836221548404,0.0,10,0.0,1,False,False
100000004180097100,coordinator,0.8074947016677474,1,0.7659407216309112,"Структурный кандидат: degree=6, seed-маршрутов 7, betweenness=0.0002.",3,3,104854.0,47800.0,5,7,0.0008565318930578581,0.00021371326803205698,7,0.4558719743643542,1,False,False
100000005539201100,transit,0.5612802905696369,2,0.5153868579625225,"Транзит: вход 46k, выход 25k KZT, коэффициент 0.55.",1,1,45504.0,25000.0,1,1,0.0002904617957249677,2.8445631740377952e-05,7,0.5494022503516175,1,False,False
100000005620225100,terminal,0.6554481287688381,1,0.40162785843285176,"Наблюдаемый сток: 2 плательщиков, вход 50k KZT, depth=1<4, исходящих нет.",2,0,49845.66,0.0,2,0,0.000296236243145001,0.0,7,0.0,1,False,False
100000004388353100,consolidator,0.7510720922879367,13,0.5222315569803964,"Консолидация: 2 плательщиков, 8 seed-маршрутов, вход 63k KZT.",2,0,62960.0,0.0,2,0,0.00034075907407916386,0.0,8,0.0,1,False,False
100000007442518100,distributor,0.9075218119950403,31,0.8369382986437376,"Распределение: 9 получателей, 12 переводов, выход 4.4m KZT.",5,9,510000.0,4419999.0,8,12,0.0006487732246506228,0.0001736420302760463,7,8.666664705882352,1,False,False
100000000267734100,distributor,0.7374237783301155,6,0.5638931673544539,"Распределение: 7 получателей, 8 переводов, выход 282k KZT.",2,7,180000.0,282000.0,4,8,0.0005373190777888428,1.4841199168892845e-05,1,1.5666666666666667,1,False,False
100000001987030100,consolidator,0.5785355291134177,2,0.5404292593831698,"Консолидация: 2 плательщиков, 7 seed-маршрутов, вход 31k KZT.",2,1,30864.0,19000.0,2,1,0.0002938727535543705,4.007123775601068e-05,7,0.6156039398652151,1,False,False
100000002603478100,peripheral,0.6933045148624102,12,0.1692490270681538,"Нет выраженной спецроли: in=1, out=0, оборот 24k KZT.",1,0,23500.0,0.0,1,0,0.0002894692379814412,0.0,1,0.0,1,False,False
100000001380054100,consolidator,0.6160714228100005,30,0.4459858719362612,"Консолидация: 2 плательщиков, 1 seed-маршрутов, вход 127k KZT.",2,3,127050.0,360000.0,2,4,0.0007164305424822365,0.0,1,2.833530106257379,1,False,False
100000002992171100,peripheral,0.7381254577454565,4,0.13760890799961006,"Нет выраженной спецроли: in=1, out=0, оборот 15k KZT.",1,0,14627.0,0.0,1,0,0.0002886393301842066,0.0,1,0.0,1,False,False
100000002781227100,transit,0.7582947457888727,64,0.48466138914970514,"Транзит: вход 191k, выход 212k KZT, коэффициент 1.11.",2,3,191167.62,212420.0,8,10,0.0023265921896669563,0.0,1,1.1111714421092862,1,False,False
100000008745643100,peripheral,0.7024273616439152,4,0.1652392174577174,"Нет выраженной спецроли: in=1, out=0, оборот 20k KZT.",1,0,20313.0,0.0,1,0,0.0002898327549813546,0.0,1,0.0,1,False,False
100000002836736100,terminal,0.7728237429946796,6,0.49037117429778554,"Наблюдаемый сток: 2 плательщиков, вход 509k KZT, depth=1<4, исходящих нет.",2,0,509000.0,0.0,2,0,0.0004517900546889058,0.0,3,0.0,1,False,False
100000004188160100,transit,0.7827831600171079,2,0.7368688510281057,"Транзит: вход 88k, выход 134k KZT, коэффициент 1.52.",2,5,87862.0,133846.0,5,6,0.0002968274021349181,0.0018026669107818205,7,1.5233661878855478,1,False,False
100000004841728100,peripheral,0.6137374251071972,4,0.23814661535403273,"Нет выраженной спецроли: in=1, out=0, оборот 52k KZT.",1,0,52208.0,0.0,1,0,0.00029652714187988316,0.0,1,0.0,1,False,False
100000001554432100,terminal,0.5131375466618056,3,0.43564687546961656,"Наблюдаемый сток: 1 плательщиков, вход 54k KZT, depth=1<4, исходящих нет.",1,0,53920.0,0.0,1,0,0.00029636604272574585,0.0,10,0.0,1,False,False
100000008768896100,peripheral,0.628413309060053,4,0.2271036903082566,"Нет выраженной спецроли: in=1, out=0, оборот 47k KZT.",1,0,47060.0,0.0,1,0,0.0002954466369808825,0.0,1,0.0,1,False,False
100000008232832100,peripheral,0.6518878027905182,11,0.5187294450098754,"Нет выраженной спецроли: in=1, out=1, оборот 475k KZT.",1,1,337000.0,138000.0,2,1,0.0004942271899045276,0.0,10,0.4094955489614243,1,False,False
100000002864256100,terminal,0.5775527778494756,3,0.49534894078750075,"Наблюдаемый сток: 1 плательщиков, вход 136k KZT, depth=1<4, исходящих нет.",1,0,135780.0,0.0,1,0,0.0003127573971935152,0.0,10,0.0,1,False,False
100000001929088100,terminal,0.7591724526767825,6,0.45638546024726234,"Наблюдаемый сток: 2 плательщиков, вход 396k KZT, depth=1<4, исходящих нет.",2,0,396010.0,0.0,2,0,0.0003175873990634125,0.0,2,0.0,1,False,False
100000002794197100,peripheral,0.6622868358052932,6,0.1794030375558157,"Нет выраженной спецроли: in=1, out=0, оборот 30k KZT.",1,0,30100.0,0.0,1,0,0.0002872952956036898,0.0,1,0.0,1,False,False
100000005669845100,peripheral,0.7074250950981309,30,0.19804802279175857,"Нет выраженной спецроли: in=1, out=0, оборот 20k KZT.",1,0,20000.0,0.0,1,0,0.0003175358448925586,0.0,1,0.0,1,False,False
100000002211413100,peripheral,0.6485629010818119,4,0.20941820194105373,"Нет выраженной спецроли: in=1, out=0, оборот 37k KZT.",1,0,37000.0,0.0,1,0,0.00029333516081849983,0.0,1,0.0,1,False,False
100000002784085100,terminal,0.4823301179571728,19,0.31462802169890797,"Наблюдаемый сток: 1 плательщиков, вход 200k KZT, depth=1<4, исходящих нет.",1,0,200000.0,0.0,1,0,0.0003070479617173764,0.0,1,0.0,1,False,False
100000008782421100,peripheral,0.623574233810733,4,0.231052038171563,"Нет выраженной спецроли: in=1, out=0, оборот 50k KZT.",1,0,49680.0,0.0,1,0,0.00029599654429156275,0.0,1,0.0,1,False,False
100000003739818100,terminal,0.5175799763988862,3,0.43981999278256456,"Наблюдаемый сток: 1 плательщиков, вход 57k KZT, depth=1<4, исходящих нет.",1,0,57293.0,0.0,1,0,0.00029704144021682556,0.0,10,0.0,1,False,False
100000002214570100,peripheral,0.6752968086067439,4,0.18578201578751408,"Нет выраженной спецроли: in=1, out=0, оборот 26k KZT.",1,0,26471.0,0.0,1,0,0.0002911252470497396,0.0,1,0.0,1,False,False
100000006443391100,consolidator,0.6398832809581116,19,0.4276456109712126,"Консолидация: 3 плательщиков, 1 seed-маршрутов, вход 87k KZT.",3,2,86775.93,60041.71000000001,7,6,0.0024195077535015437,0.0,1,0.6919166409394865,1,False,False
100000005473151100,consolidator,0.9090027238879407,8,0.8857379794721676,"Консолидация: 3 плательщиков, 9 seed-маршрутов, вход 1.2m KZT.",3,4,1220000.0,225000.0,4,6,0.0004682674337196517,0.00016622143069159988,9,0.18442622950819673,1,False,False
100000005124479100,consolidator,0.7918545305104485,1,0.7236482088300853,"Консолидация: 2 плательщиков, 10 seed-маршрутов, вход 138k KZT.",2,2,137753.0,22000.0,2,2,0.0003032300539809193,3.561887800534283e-05,10,0.15970614070110994,1,False,False
100000005527892100,distributor,0.8526543824983156,22,0.8408789890612319,"Распределение: 8 получателей, 8 переводов, выход 552k KZT.",3,8,220001.0,552419.0,3,8,0.00031243167214621076,0.00037223127580485426,8,2.510984040981632,1,False,False
100000008028628100,peripheral,0.6061218312722016,4,0.24465852787522924,"Нет выраженной спецроли: in=1, out=0, оборот 57k KZT.",1,0,57224.0,0.0,1,0,0.0002975799415250633,0.0,1,0.0,1,False,False
100000001953577100,peripheral,0.7297165728859822,4,0.14420850208487515,"Нет выраженной спецроли: in=1, out=0, оборот 16k KZT.",1,0,15600.0,0.0,1,0,0.00028884355148698975,0.0,1,0.0,1,False,False
100000008193577100,distributor,0.7079250720461094,42,0.48106359671325755,"Распределение: 5 получателей, 16 переводов, выход 480k KZT.",2,5,154300.0,480180.0,6,16,0.0012389478209868787,0.0,1,3.1119896305897603,1,False,False
100000008753193100,peripheral,0.6513394196674873,4,0.20669151935689567,"Нет выраженной спецроли: in=1, out=0, оборот 35k KZT.",1,0,35225.0,0.0,1,0,0.0002929626091099283,0.0,1,0.0,1,False,False
100000008746025100,peripheral,0.6979849319068345,4,0.16911064593584654,"Нет выраженной спецроли: in=1, out=0, оборот 22k KZT.",1,0,22000.0,0.0,1,0,0.0002901868365207124,0.0,1,0.0,1,False,False
100000002934441100,terminal,0.6768669864297628,1,0.4246276876323326,"Наблюдаемый сток: 2 плательщиков, вход 61k KZT, depth=1<4, исходящих нет.",2,0,60845.6,0.0,2,0,0.00030248130107500554,0.0,7,0.0,1,False,False
100000003701161100,consolidator,0.8451091007056136,24,0.818664910921486,"Консолидация: 4 плательщиков, 7 seed-маршрутов, вход 1.5m KZT.",4,3,1527103.0,349000.0,13,7,0.0016488161626324826,0.00014692787177203917,7,0.22853730232996727,1,False,False
100000006707582100,distributor,0.7698847262247839,8,0.4903356508855954,"Распределение: 14 получателей, 15 переводов, выход 961k KZT.",2,14,39520.0,961138.0,2,15,0.000538055648514295,0.0,1,24.320293522267207,1,False,False
100000003239379100,peripheral,0.573120924653888,12,0.27204453186800087,"Нет выраженной спецроли: in=1, out=0, оборот 92k KZT.",1,0,92500.0,0.0,1,0,0.00030092013669320166,0.0,1,0.0,1,False,False
100000000979923100,terminal,0.5364942505557473,13,0.4409484118843256,"Наблюдаемый сток: 1 плательщиков, вход 98k KZT, depth=1<4, исходящих нет.",1,0,97900.0,0.0,1,0,0.0003004178044094989,0.0,8,0.0,1,False,False
100000001111763100,peripheral,0.7232909155877049,4,0.14965188469709245,"Нет выраженной спецроли: in=1, out=0, оборот 17k KZT.",1,0,17144.0,0.0,1,0,0.0002891676190013754,0.0,1,0.0,1,False,False
100000003865939100,peripheral,0.5826404169476322,70,0.3043537259120983,"Нет выраженной спецроли: in=1, out=0, оборот 81k KZT.",1,0,81465.0,0.0,1,0,0.0005285862410602082,0.0,1,0.0,1,False,False
100000002858835100,peripheral,0.6876721485886115,4,0.1769578291829602,"Нет выраженной спецроли: in=1, out=0, оборот 24k KZT.",1,0,24400.0,0.0,1,0,0.0002906905684083584,0.0,1,0.0,1,False,False
100000003404627100,consolidator,0.9755539728272616,11,0.7198259498005036,"Консолидация: 4 плательщиков, 11 seed-маршрутов, вход 878k KZT.",4,0,877700.0,0.0,5,0,0.0013785777125656824,0.0,11,0.0,1,False,False
100000008691027100,peripheral,0.7199590932848943,4,0.15196191216083196,"Нет выраженной спецроли: in=1, out=0, оборот 18k KZT.",1,0,17534.0,0.0,1,0,0.00028924947543311784,0.0,1,0.0,1,False,False
100000004071080100,consolidator,0.8200954288369151,1,0.6872348900867893,"Консолидация: 9 плательщиков, 7 seed-маршрутов, вход 239k KZT.",9,2,238600.0,46500.0,16,5,0.0013690045738923458,1.92935589195607e-05,7,0.19488683989941324,1,False,False
100000002864680100,peripheral,0.6070737805015761,12,0.23965847900157033,"Нет выраженной спецроли: in=1, out=0, оборот 56k KZT.",1,0,55932.0,0.0,1,0,0.00029485149228607616,0.0,1,0.0,1,False,False
100000001330685100,consolidator,0.7991986429762893,5,0.6245907717280028,"Консолидация: 3 плательщиков, 7 seed-маршрутов, вход 2.4m KZT.",3,1,2435923.0,100500.0,7,1,0.0004382160258847987,1.3357079252003561e-05,7,0.04125746175063826,1,False,False
100000008745725100,peripheral,0.628413309060053,4,0.2271036903082566,"Нет выраженной спецроли: in=1, out=0, оборот 47k KZT.",1,0,47060.0,0.0,1,0,0.0002954466369808825,0.0,1,0.0,1,False,False
100000002621949100,terminal,0.5910387252656133,3,0.508804462261212,"Наблюдаемый сток: 1 плательщиков, вход 165k KZT, depth=1<4, исходящих нет.",1,0,164612.0,0.0,1,0,0.0003185306140517454,0.0,10,0.0,1,False,False
100000007908818100,consolidator,0.9416404588908281,3,0.9044077352095324,"Консолидация: 4 плательщиков, 11 seed-маршрутов, вход 727k KZT.",4,6,727475.0,302000.0,4,13,0.0004753811920473764,0.0001246660730186999,11,0.4151345407058662,1,False,False
100000008691495100,peripheral,0.6738688847626821,4,0.18722313674077024,"Нет выраженной спецроли: in=1, out=0, оборот 27k KZT.",1,0,27000.0,0.0,1,0,0.0002912362779533082,0.0,1,0.0,1,False,False
100000003832231100,peripheral,0.5289068776355652,3,0.40060665304001497,"Нет выраженной спецроли: in=1, out=0, оборот 35k KZT.",1,0,35000.0,0.0,1,0,0.00029257756939896605,0.0,10,0.0,1,False,False
100000002371751100,transit,0.5060428224521051,61,0.3939875236489775,"Транзит: вход 200k, выход 250k KZT, коэффициент 1.25.",1,1,200000.0,250000.0,5,1,0.0005285862410602082,0.0,1,1.25,1,False,False
100000002894076100,terminal,0.9643161504696024,6,0.6846355053374736,"Наблюдаемый сток: 4 плательщиков, вход 1.1m KZT, depth=1<4, исходящих нет.",4,0,1122782.0,0.0,6,0,0.00038267994337591544,0.0,10,0.0,1,False,False
100000001362940100,terminal,0.5405060870063205,3,0.4609604617754327,"Наблюдаемый сток: 1 плательщиков, вход 81k KZT, depth=1<4, исходящих нет.",1,0,81000.0,0.0,1,0,0.00030178844535202483,0.0,10,0.0,1,False,False
100000008741372100,peripheral,0.6502288122332172,4,0.20759422210562192,"Нет выраженной спецроли: in=1, out=0, оборот 36k KZT.",1,0,35975.0,0.0,1,0,0.00029312002532481767,0.0,1,0.0,1,False,False
100000002618492100,terminal,0.8281420293408788,13,0.5913611588489924,"Наблюдаемый сток: 2 плательщиков, вход 296k KZT, depth=1<4, исходящих нет.",2,0,296500.0,0.0,2,0,0.00036902681066638884,0.0,8,0.0,1,False,False
100000002750332100,peripheral,0.7501834813175325,19,0.12334689871790518,"Нет выраженной спецроли: in=1, out=0, оборот 11k KZT.",1,0,11360.0,0.0,1,0,0.00028678928253129574,0.0,1,0.0,1,False,False
100000004948177100,terminal,0.8705659891496179,2,0.5636712267193985,"Наблюдаемый сток: 3 плательщиков, вход 437k KZT, depth=1<4, исходящих нет.",3,0,437163.0,0.0,8,0,0.00042215807154897264,0.0,7,0.0,1,False,False
100000002511825100,peripheral,0.5371969301613522,1,0.34659402744730466,"Нет выраженной спецроли: in=1, out=0, оборот 65k KZT.",1,0,65000.0,0.0,1,0,0.00029776670172400603,0.0,7,0.0,1,False,False
100000008566737100,consolidator,0.8425419552950058,1,0.6092857022031932,"Консолидация: 2 плательщиков, 10 seed-маршрутов, вход 230k KZT.",2,0,230000.0,0.0,2,0,0.00034946381190953385,0.0,10,0.0,1,False,False
100000008661585100,peripheral,0.6373774976366622,4,0.21963757095994976,"Нет выраженной спецроли: in=1, out=0, оборот 43k KZT.",1,0,43141.0,0.0,1,0,0.00029462408478601393,0.0,1,0.0,1,False,False
100000004759121100,consolidator,0.8447352214762069,1,0.7736529632549773,"Консолидация: 6 плательщиков, 7 seed-маршрутов, вход 710k KZT.",6,2,710000.0,312000.0,10,6,0.0014151796822407352,5.3428317008014244e-05,7,0.4394366197183099,1,False,False
100000004360785100,terminal,0.48985429377337125,2,0.36181765160104723,"Наблюдаемый сток: 1 плательщиков, вход 95k KZT, depth=1<4, исходящих нет.",1,0,94705.0,0.0,1,0,0.00029575179147653256,0.0,7,0.0,1,False,False
100000005092518100,peripheral,0.6783906436022107,4,0.18354175298850917,"Нет выраженной спецроли: in=1, out=0, оборот 26k KZT.",1,0,26144.0,0.0,1,0,0.0002910566135800478,0.0,1,0.0,1,False,False
100000008737958100,terminal,0.6065934905772997,4,0.318011594266775,"Наблюдаемый сток: 2 плательщиков, вход 53k KZT, depth=1<4, исходящих нет.",2,0,53373.0,0.0,2,0,0.00029962614026345346,0.0,1,0.0,1,False,False
100000003044518100,peripheral,0.654512583765402,6,0.1856694501272949,"Нет выраженной спецроли: in=1, out=0, оборот 34k KZT.",1,0,34423.0,0.0,1,0,0.00028754318610180955,0.0,1,0.0,1,False,False
100000004159526100,consolidator,0.8986373502547241,16,0.8388882422023922,"Консолидация: 4 плательщиков, 8 seed-маршрутов, вход 275k KZT.",4,4,275037.0,68000.0,4,6,0.0008532026216190936,7.420599584446424e-05,8,0.24723946232688693,1,False,False
100000007544358100,consolidator,0.7250645279938569,2,0.577054043488183,"Консолидация: 2 плательщиков, 7 seed-маршрутов, вход 322k KZT.",2,1,322500.0,350000.0,2,3,0.0003405716742742659,1.3357079252003561e-05,7,1.0852713178294573,1,False,False
100000005901606100,peripheral,0.6507047868479043,4,0.20725167097840103,"Нет выраженной спецроли: in=1, out=0, оборот 36k KZT.",1,0,35660.0,0.0,1,0,0.0002930539105145642,0.0,1,0.0,1,False,False
100000006658598100,peripheral,0.706881880297345,2,0.20845271212919564,"Нет выраженной спецроли: in=1, out=0, оборот 9k KZT.",1,0,9000.0,0.0,1,0,0.00028653695669903076,0.0,7,0.0,1,False,False
100000002793851100,peripheral,0.689905452373501,2,0.2190864078218813,"Нет выраженной спецроли: in=1, out=0, оборот 11k KZT.",1,0,11052.0,0.0,1,0,0.0002867575837448675,0.0,7,0.0,1,False,False
100000005612411100,distributor,0.8335150291864594,3,0.8160064165466734,"Распределение: 8 получателей, 8 переводов, выход 507k KZT.",3,8,115500.0,506997.0,4,8,0.00032720608268876,0.00010685663401602849,8,4.389584415584416,1,False,False
100000007511163100,transit,0.7554945006103695,2,0.6725671064862931,"Транзит: вход 64k, выход 82k KZT, коэффициент 1.29.",2,3,63666.0,82052.0,2,3,0.0003395973251602175,5.6396556841792816e-05,7,1.2887883642760658,1,False,False
100000002648315100,peripheral,0.532075746008011,6,0.3325308584237729,"Нет выраженной спецроли: in=1, out=2, оборот 208k KZT.",1,2,132000.0,76000.0,1,3,0.0002931384697323959,2.968239833778569e-06,1,0.5757575757575758,1,False,False
100000004739664100,transit,0.6462126381336414,4,0.27976582691527674,"Транзит: вход 12k, выход 10k KZT, коэффициент 0.83.",1,1,12000.0,10000.0,1,1,0.00028808795365552084,2.968239833778569e-06,1,0.8333333333333334,1,False,False
100000003713616100,peripheral,0.6678519618929932,2,0.23452294228947662,"Нет выраженной спецроли: in=1, out=0, оборот 16k KZT.",1,0,15893.0,0.0,1,0,0.00028727807864198997,0.0,7,0.0,1,False,False
100000003476560100,terminal,0.5034593961631655,3,0.4280570174644657,"Наблюдаемый сток: 1 плательщиков, вход 50k KZT, depth=1<4, исходящих нет.",1,0,50000.0,0.0,1,0,0.00029558111590539824,0.0,10,0.0,1,False,False
100000008782800100,peripheral,0.6370601812268708,4,0.22002942550747698,"Нет выраженной спецроли: in=1, out=0, оборот 43k KZT.",1,0,43381.0,0.0,1,0,0.0002946744579747786,0.0,1,0.0,1,False,False
100000004218576100,peripheral,0.6783906436022107,4,0.18354175298850917,"Нет выраженной спецроли: in=1, out=0, оборот 26k KZT.",1,0,26144.0,0.0,1,0,0.0002910566135800478,0.0,1,0.0,1,False,False
100000003299365100,transit,0.7076368876080692,3,0.5834527383760597,"Транзит: вход 200k, выход 200k KZT, коэффициент 1.00.",1,1,200000.0,200000.0,1,1,0.0003256165809697203,0.0,10,1.0,1,False,False
100000008730021100,terminal,0.5376629331844888,60,0.35777970450067426,"Наблюдаемый сток: 1 плательщиков, вход 76k KZT, depth=1<4, исходящих нет.",1,0,75555.0,0.0,3,0,0.00046813825917664206,0.0,2,0.0,1,False,False
100000002757797100,peripheral,0.565188014409101,12,0.27869336917711773,"Нет выраженной спецроли: in=1, out=0, оборот 100k KZT.",1,0,100000.0,0.0,1,0,0.00030216479959665387,0.0,1,0.0,1,False,False
100000002845605100,peripheral,0.5447331948938998,1,0.3395008446215292,"Нет выраженной спецроли: in=1, out=0, оборот 58k KZT.",1,0,57567.0,0.0,1,0,0.00029637188126250733,0.0,7,0.0,1,False,False
100000000817146100,terminal,0.5236763896910077,2,0.4906128344607291,"Наблюдаемый сток: 1 плательщиков, вход 70k KZT, depth=1<4, исходящих нет.",1,0,70020.0,0.0,1,0,0.000589468478641026,0.0,9,0.0,1,False,False
100000002957306100,consolidator,0.8703481164278594,13,0.637496276986342,"Консолидация: 2 плательщиков, 11 seed-маршрутов, вход 398k KZT.",2,0,398490.0,0.0,2,0,0.0003551868796242705,0.0,11,0.0,1,False,False
100000008188026100,distributor,0.7199436087032832,2,0.6631499662822504,"Распределение: 4 получателей, 4 переводов, выход 338k KZT.",2,4,86468.0,337983.17,5,4,0.0002993035967853829,5.194419709112496e-05,7,3.9087659018365173,1,False,False
100000004790991100,terminal,0.6672568323046496,2,0.4497904920648013,"Наблюдаемый сток: 1 плательщиков, вход 239k KZT, depth=1<4, исходящих нет.",1,0,239413.0,0.0,4,0,0.0003113105139662674,0.0,7,0.0,1,False,False
100000002973903100,terminal,0.7961837337833085,12,0.5422958029275379,"Наблюдаемый сток: 3 плательщиков, вход 93k KZT, depth=1<4, исходящих нет.",3,0,92880.0,0.0,3,0,0.00031686903979445306,0.0,8,0.0,1,False,False
100000004325327100,transit,0.6537559611161153,1,0.5652909108539743,"Транзит: вход 71k, выход 70k KZT, коэффициент 0.99.",2,1,70817.0,70000.0,3,1,0.00029579231968135573,2.6714158504007122e-05,7,0.988463222107686,1,False,False
100000001477796100,peripheral,0.5256027922876141,3,0.3221935241588336,"Нет выраженной спецроли: in=1, out=0, оборот 182k KZT.",1,0,182000.0,0.0,1,0,0.0003306619019813842,0.0,1,0.0,1,False,False
100000007536804100,transit,0.48169727933247497,6,0.3292088775149381,"Транзит: вход 100k, выход 55k KZT, коэффициент 0.55.",1,2,100000.0,55000.0,1,2,0.00029130351809237046,5.936479667557138e-06,1,0.55,1,False,False
100000008665380100,consolidator,0.6036875127039488,1,0.45253383903754185,"Консолидация: 2 плательщиков, 7 seed-маршрутов, вход 69k KZT.",2,1,69100.0,18200.0,2,1,0.00029077432850192693,1.3357079252003561e-05,7,0.2633863965267728,1,False,False
100000001870116100,peripheral,0.6894967179449125,4,0.17573977136226052,"Нет выраженной спецроли: in=1, out=0, оборот 24k KZT.",1,0,24000.0,0.0,1,0,0.00029060661309375074,0.0,1,0.0,1,False,False
100000001074553100,terminal,0.569258581416583,19,0.29170833401653684,"Наблюдаемый сток: 2 плательщиков, вход 29k KZT, depth=1<4, исходящих нет.",2,0,28971.0,0.0,2,0,0.0002894987523363481,0.0,2,0.0,1,False,False
100000000978041100,peripheral,0.6357909155877048,4,0.22132993978299506,"Нет выраженной спецроли: in=1, out=0, оборот 44k KZT.",1,0,44445.0,0.0,1,0,0.00029489777911163493,0.0,1,0.0,1,False,False
100000002603769100,terminal,0.8744871133563269,1,0.5915616848448796,"Наблюдаемый сток: 3 плательщиков, вход 1.2m KZT, depth=1<4, исходящих нет.",3,0,1185368.0,0.0,3,0,0.0005415388680707105,0.0,7,0.0,1,False,False
100000005034574100,terminal,0.6296895921185508,66,0.38554417997548573,"Наблюдаемый сток: 1 плательщиков, вход 259k KZT, depth=1<4, исходящих нет.",1,0,258816.0,0.0,16,0,0.0004250866895938891,0.0,1,0.0,1,False,False
100000002958286100,terminal,0.49779929293450725,19,0.32979466692300763,"Наблюдаемый сток: 1 плательщиков, вход 257k KZT, depth=1<4, исходящих нет.",1,0,257000.0,0.0,1,0,0.00031316938195490073,0.0,1,0.0,1,False,False
100000005634552100,distributor,0.692773874297232,1,0.5827034395025654,"Распределение: 3 получателей, 4 переводов, выход 1.2m KZT.",1,3,25850.0,1196000.0,1,4,0.00028834863590095484,1.7289997031760165e-05,7,46.2669245647969,1,False,False
100000008736760100,peripheral,0.6092949953701166,4,0.24221022901965317,"Нет выраженной спецроли: in=1, out=0, оборот 55k KZT.",1,0,54757.0,0.0,1,0,0.0002970621471222205,0.0,1,0.0,1,False,False
100000008701944100,peripheral,0.5922101402515947,60,0.3110323161941482,"Нет выраженной спецроли: in=1, out=0, оборот 52k KZT.",1,0,52124.0,0.0,1,0,0.00041152025351239013,0.0,2,0.0,1,False,False
100000008748408100,distributor,0.8006484149855908,6,0.48019482112919865,"Распределение: 21 получателей, 22 переводов, выход 1.5m KZT.",1,21,360000.0,1499960.0,2,22,0.00033405459494233067,0.0,1,4.166555555555555,1,False,False
100000008486520100,peripheral,0.642546692001134,2,0.3620447116170367,"Нет выраженной спецроли: in=1, out=1, оборот 50k KZT.",1,1,35720.0,14000.0,2,1,0.00028940983908926294,1.3357079252003561e-05,7,0.3919372900335946,1,False,False
100000003163256100,transit,0.6886120210874267,2,0.41566702473013617,"Транзит: вход 13k, выход 15k KZT, коэффициент 1.11.",1,1,13485.0,15000.0,1,1,0.00028701917516909777,1.3357079252003561e-05,7,1.1123470522803114,1,False,False
100000003102157100,terminal,0.5726738767289469,1,0.39451837554434477,"Наблюдаемый сток: 1 плательщиков, вход 97k KZT, depth=1<4, исходящих нет.",1,0,96746.0,0.0,2,0,0.0003037239155502857,0.0,7,0.0,1,False,False
100000004741837100,peripheral,0.6194612093997929,2,0.26807634040832234,"Нет выраженной спецроли: in=1, out=0, оборот 26k KZT.",1,0,25596.0,0.0,1,0,0.0002883213263153591,0.0,7,0.0,1,False,False
100000008443341100,coordinator,0.6967341179011403,1,0.6427954565096559,"Структурный кандидат: degree=5, seed-маршрутов 7, betweenness=0.0000.",2,3,34500.0,50000.0,2,4,0.0006689699930486659,3.131470922419088e-05,7,1.4492753623188406,1,False,False
100000004792397100,peripheral,0.5891454033483576,4,0.2607249575548774,"Нет выраженной спецроли: in=1, out=0, оборот 74k KZT.",1,0,73520.0,0.0,1,0,0.0003010002810421795,0.0,1,0.0,1,False,False
100000003809101100,consolidator,0.7970919249668487,13,0.7753291704038889,"Консолидация: 2 плательщиков, 8 seed-маршрутов, вход 166k KZT.",2,2,166050.0,55200.0,3,4,0.00036194707754243303,8.360542198476302e-05,8,0.3324299909665763,1,False,False
100000002838861100,consolidator,0.9303373926818802,19,0.7776799799670518,"Консолидация: 5 плательщиков, 8 seed-маршрутов, вход 555k KZT.",5,1,554523.95,10000.0,5,1,0.002119918647260691,1.4890835286514562e-05,8,0.018033486200190272,1,False,False
100000008560717100,consolidator,0.7827034930616276,5,0.5928896471736815,"Консолидация: 7 плательщиков, 7 seed-маршрутов, вход 529k KZT.",7,1,529000.0,25000.0,9,1,0.0003308341565552128,1.3357079252003561e-05,7,0.04725897920604915,1,False,False
100000008693069100,peripheral,0.7074250950981309,4,0.16181581638606463,"Нет выраженной спецроли: in=1, out=0, оборот 20k KZT.",1,0,20000.0,0.0,1,0,0.0002897670599476741,0.0,1,0.0,1,False,False
100000008672162100,peripheral,0.7301132183982216,4,0.14389661984352664,"Нет выраженной спецроли: in=1, out=0, оборот 16k KZT.",1,0,15550.0,0.0,1,0,0.0002888330570726638,0.0,1,0.0,1,False,False
100000007311010100,consolidator,0.7679690096243501,3,0.6600192268743755,"Консолидация: 2 плательщиков, 10 seed-маршрутов, вход 64k KZT.",2,1,64480.0,20000.0,2,1,0.0003093598362490275,1.7809439002671416e-05,10,0.31017369727047145,1,False,False
100000005505655100,coordinator,0.6721731918542146,27,0.6555150593067977,"Структурный кандидат: degree=3, seed-маршрутов 7, betweenness=0.0002.",2,1,33070.0,20000.0,2,1,0.00032150802112552193,0.00018699910952804985,7,0.6047777441790142,1,False,False
100000004707703100,transit,0.8431437519922367,2,0.7662601440042319,"Транзит: вход 239k, выход 232k KZT, коэффициент 0.97.",2,5,239300.0,231650.0,3,6,0.0006355624384346348,6.975363609379638e-05,7,0.9680317592979524,1,False,False
100000004005964100,transit,0.6510988701565824,26,0.4086632317700296,"Транзит: вход 98k, выход 72k KZT, коэффициент 0.74.",3,3,97900.0,72000.0,9,5,0.00040452469148817213,0.0,1,0.7354443309499489,1,False,False
100000008244300100,consolidator,0.8209004357252785,5,0.5665631768455336,"Консолидация: 5 плательщиков, 8 seed-маршрутов, вход 65k KZT.",5,0,65430.0,0.0,6,0,0.000479365914728666,0.0,8,0.0,1,False,False
100000002692044100,peripheral,0.5692337986339424,12,0.2758911882430677,"Нет выраженной спецроли: in=1, out=0, оборот 97k KZT.",1,0,97000.0,0.0,1,0,0.000301666934435273,0.0,1,0.0,1,False,False
100000001103905100,peripheral,0.7167859291869796,4,0.15454423174606513,"Нет выраженной спецроли: in=1, out=0, оборот 18k KZT.",1,0,18000.0,0.0,1,0,0.00028934728337463573,0.0,1,0.0,1,False,False
100000008755361100,peripheral,0.7381254577454565,4,0.13760890799961006,"Нет выраженной спецроли: in=1, out=0, оборот 15k KZT.",1,0,14627.0,0.0,1,0,0.0002886393301842066,0.0,1,0.0,1,False,False
100000002810870100,peripheral,0.6562578240192551,4,0.20291040545421307,"Нет выраженной спецроли: in=1, out=0, оборот 34k KZT.",1,0,33677.0,0.0,1,0,0.00029263770204239665,0.0,1,0.0,1,False,False
100000005897462100,terminal,0.5370495542728824,13,0.4412663113013933,"Наблюдаемый сток: 1 плательщиков, вход 98k KZT, depth=1<4, исходящих нет.",1,0,98400.0,0.0,1,0,0.00030049363949730384,0.0,8,0.0,1,False,False
100000000941942100,terminal,0.5753315629809352,3,0.49313006771845486,"Наблюдаемый сток: 1 плательщиков, вход 130k KZT, depth=1<4, исходящих нет.",1,0,130000.0,0.0,1,0,0.00031160003060637,0.0,10,0.0,1,False,False
100000008723830100,consolidator,0.7347892798030606,2,0.5834784325152841,"Консолидация: 2 плательщиков, 7 seed-маршрутов, вход 460k KZT.",2,1,459785.0,455000.0,2,1,0.0003402309877065733,1.3357079252003561e-05,7,0.9895929619278576,1,False,False
100000008776576100,peripheral,0.7376494831307692,4,0.13824117380666603,"Нет выраженной спецроли: in=1, out=0, оборот 15k KZT.",1,0,14765.0,0.0,1,0,0.00028866829476774624,0.0,1,0.0,1,False,False
100000005432267100,terminal,0.8551593055013341,3,0.621526507522745,"Наблюдаемый сток: 2 плательщиков, вход 350k KZT, depth=1<4, исходящих нет.",2,0,350001.0,0.0,2,0,0.0003423334858506325,0.0,10,0.0,1,False,False
100000006745291100,terminal,0.5235636068567446,13,0.42733858902589256,"Наблюдаемый сток: 1 плательщиков, вход 83k KZT, depth=1<4, исходящих нет.",1,0,82534.0,0.0,1,0,0.0002980872404910774,0.0,8,0.0,1,False,False
100000008670667100,peripheral,0.7305891930129088,4,0.14346453197241377,"Нет выраженной спецроли: in=1, out=0, оборот 16k KZT.",1,0,15534.0,0.0,1,0,0.0002888296988600795,0.0,1,0.0,1,False,False
100000002480800100,consolidator,0.9092647478729958,3,0.6752752521220211,"Консолидация: 2 плательщиков, 10 seed-маршрутов, вход 569k KZT.",2,0,569251.0,0.0,2,0,0.0006410781031176427,0.0,10,0.0,1,False,False
100000002182176100,peripheral,0.5772581268975263,1,0.3129341427366617,"Нет выраженной спецроли: in=1, out=0, оборот 42k KZT.",1,0,42465.0,0.0,1,0,0.0002935379543676395,0.0,7,0.0,1,False,False
100000008219168100,peripheral,0.529965892922247,6,0.2380348627259098,"Нет выраженной спецроли: in=1, out=0, оборот 53k KZT.",1,0,53200.0,0.0,2,0,0.0002886199013188332,0.0,1,0.0,1,False,False
100000004226848100,terminal,0.6311792511042353,3,0.5442475531811685,"Наблюдаемый сток: 1 плательщиков, вход 302k KZT, depth=1<4, исходящих нет.",1,0,301866.0,0.0,1,0,0.0003460138655313352,0.0,10,0.0,1,False,False
100000006326645100,peripheral,0.6811671621878862,4,0.18129412640986883,"Нет выраженной спецроли: in=1, out=0, оборот 25k KZT.",1,0,25264.0,0.0,1,0,0.00029087191188791094,0.0,1,0.0,1,False,False
100000003589877100,consolidator,0.7901640583913816,11,0.78362890924439,"Консолидация: 2 плательщиков, 9 seed-маршрутов, вход 176k KZT.",2,6,176000.0,416129.0,2,6,0.0003069751599714215,6.530127634312852e-05,9,2.364369318181818,1,False,False
100000003942602100,transit,0.7076368876080692,4,0.3320253292958185,"Транзит: вход 30k, выход 30k KZT, коэффициент 1.00.",1,1,30000.0,30000.0,1,1,0.0002918659428128657,0.0,1,1.0,1,False,False
100000000922570100,transit,0.6849074155901921,12,0.345083501708912,"Транзит: вход 47k, выход 50k KZT, коэффициент 1.06.",1,1,47101.0,50000.0,1,1,0.00029338594320602463,0.0,1,1.0615485870788306,1,False,False
100000005079754100,coordinator,0.69858301866791,3,0.7341490213623112,"Структурный кандидат: degree=3, seed-маршрутов 10, betweenness=0.0001.",1,2,70000.0,122000.0,1,2,0.0002995858445806412,7.14760093752699e-05,10,1.7428571428571429,1,False,False
100000003187359100,peripheral,0.7130574613719296,4,0.15747752935150902,"Нет выраженной спецроли: in=1, out=0, оборот 19k KZT.",1,0,19072.0,0.0,1,0,0.0002895722836177843,0.0,1,0.0,1,False,False
100000000998559100,terminal,0.5583551350570911,3,0.477350508856833,"Наблюдаемый сток: 1 плательщиков, вход 100k KZT, depth=1<4, исходящих нет.",1,0,100000.0,0.0,1,0,0.0003055929375935056,0.0,10,0.0,1,False,False
100000008690932100,peripheral,0.6953670715260548,4,0.17128552936011995,"Нет выраженной спецроли: in=1, out=0, оборот 23k KZT.",1,0,23000.0,0.0,1,0,0.00029039672480723154,0.0,1,0.0,1,False,False
100000008773876100,peripheral,0.6786286309095544,4,0.18327010407074634,"Нет выраженной спецроли: in=1, out=0, оборот 26k KZT.",1,0,26120.0,0.0,1,0,0.00029105157626117134,0.0,1,0.0,1,False,False
100000006789108100,peripheral,0.5423588772774349,13,0.3713385267543159,"Нет выраженной спецроли: in=1, out=0, оборот 38k KZT.",1,0,37500.0,0.0,1,0,0.0002912569258026617,0.0,8,0.0,1,False,False
100000004058740100,peripheral,0.665459999903208,4,0.19437021912728591,"Нет выраженной спецроли: in=1, out=0, оборот 30k KZT.",1,0,30000.0,0.0,1,0,0.0002918659428128657,0.0,1,0.0,1,False,False
100000007641801100,terminal,0.4823301179571728,6,0.30326236333591866,"Наблюдаемый сток: 1 плательщиков, вход 200k KZT, depth=1<4, исходящих нет.",1,0,200000.0,0.0,1,0,0.0002970377419674501,0.0,1,0.0,1,False,False
100000000555721100,terminal,0.7454979927760911,1,0.46567974574770293,"Наблюдаемый сток: 2 плательщиков, вход 113k KZT, depth=1<4, исходящих нет.",2,0,113000.0,0.0,3,0,0.00030809196179581376,0.0,7,0.0,1,False,False
100000008729801100,peripheral,0.7199590932848943,4,0.15196191216083196,"Нет выраженной спецроли: in=1, out=0, оборот 18k KZT.",1,0,17534.0,0.0,1,0,0.00028924947543311784,0.0,1,0.0,1,False,False
100000004664905100,terminal,0.8201580109084573,2,0.5381412159892095,"Наблюдаемый сток: 2 плательщиков, вход 329k KZT, depth=1<4, исходящих нет.",2,0,329020.0,0.0,4,0,0.0004118439668426327,0.0,7,0.0,1,False,False
100000003057225100,terminal,0.553158917526771,2,0.4204162674619005,"Наблюдаемый сток: 1 плательщиков, вход 236k KZT, depth=1<4, исходящих нет.",1,0,236000.0,0.0,1,0,0.000310943554849581,0.0,7,0.0,1,False,False
100000000703902100,peripheral,0.6803738711634075,4,0.18202853208461695,"Нет выраженной спецроли: in=1, out=0, оборот 25k KZT.",1,0,25499.0,0.0,1,0,0.00029092123563524295,0.0,1,0.0,1,False,False
100000008720798100,peripheral,0.7305891930129088,4,0.14346453197241377,"Нет выраженной спецроли: in=1, out=0, оборот 16k KZT.",1,0,15534.0,0.0,1,0,0.0002888296988600795,0.0,1,0.0,1,False,False
100000001411870100,terminal,0.8169467047166736,6,0.50895317608577,"Наблюдаемый сток: 2 плательщиков, вход 900k KZT, depth=1<4, исходящих нет.",2,0,900000.0,0.0,4,0,0.0004780448174649528,0.0,2,0.0,1,False,False
100000008556318100,consolidator,0.8686780714518474,3,0.6331030469338154,"Консолидация: 2 плательщиков, 10 seed-маршрутов, вход 180k KZT.",2,0,180132.0,0.0,2,0,0.0005605041030696609,0.0,10,0.0,1,False,False
100000002720627100,terminal,0.5857576231758743,13,0.4865982669081398,"Наблюдаемый сток: 1 плательщиков, вход 199k KZT, depth=1<4, исходящих нет.",1,0,199300.0,0.0,1,0,0.0003157971602163415,0.0,8,0.0,1,False,False
100000003022835100,terminal,0.5731896772148427,3,0.4911203682507035,"Наблюдаемый сток: 1 плательщиков, вход 125k KZT, depth=1<4, исходящих нет.",1,0,125000.0,0.0,1,0,0.0003105988484375593,0.0,10,0.0,1,False,False
100000008304115100,peripheral,0.6154826653610503,12,0.23215381841184848,"Нет выраженной спецроли: in=1, out=0, оборот 51k KZT.",1,0,51000.0,0.0,1,0,0.00029403300196076604,0.0,1,0.0,1,False,False
100000003886323100,consolidator,0.7274186100347483,2,0.5615542689743858,"Консолидация: 2 плательщиков, 7 seed-маршрутов, вход 78k KZT.",2,1,78168.0,7650.0,6,1,0.0018048414724057063,1.3357079252003561e-05,7,0.09786613447958244,1,False,False
100000000607731100,peripheral,0.6567817574480294,30,0.2810655193846339,"Нет выраженной спецроли: in=1, out=1, оборот 87k KZT.",1,1,20000.0,66666.0,1,1,0.0003175358448925586,0.0,1,3.3333,1,False,False
100000005961971100,peripheral,0.6275406889331264,4,0.22778036566970858,"Нет выраженной спецроли: in=1, out=0, оборот 47k KZT.",1,0,47353.0,0.0,1,0,0.00029550813424883264,0.0,1,0.0,1,False,False
100000000440392100,terminal,0.614106333664577,2,0.3991231477915963,"Наблюдаемый сток: 1 плательщиков, вход 106k KZT, depth=1<4, исходящих нет.",1,0,105705.0,0.0,4,0,0.0002969344900653258,0.0,7,0.0,1,False,False
100000004105288100,consolidator,0.8687724839728594,3,0.6330113389515736,"Консолидация: 2 плательщиков, 11 seed-маршрутов, вход 215k KZT.",2,0,215000.0,0.0,2,0,0.0004630401380988289,0.0,11,0.0,1,False,False
100000008169544100,distributor,0.6569089246587364,2,0.6374072676254607,"Распределение: 4 получателей, 7 переводов, выход 43k KZT.",1,4,137104.0,42800.0,2,7,0.0003003104494280091,6.215164407506349e-05,7,0.31217178200490137,1,False,False
100000004186824100,consolidator,0.7451883693130672,2,0.5297832118878095,"Консолидация: 2 плательщиков, 7 seed-маршрутов, вход 452k KZT.",2,1,451700.0,7000.0,7,1,0.0003819271547747407,0.0,7,0.015497011290679655,1,False,False
100000008672200100,peripheral,0.7689051494952297,4,0.11385095550516258,"Нет выраженной спецроли: in=1, out=0, оборот 9k KZT.",1,0,8511.0,0.0,1,0,0.00028735565342385543,0.0,1,0.0,1,False,False
100000002188829100,terminal,0.6436339201885508,3,0.5577144340759619,"Наблюдаемый сток: 1 плательщиков, вход 400k KZT, depth=1<4, исходящих нет.",1,0,400000.0,0.0,1,0,0.00036566386772214973,0.0,10,0.0,1,False,False
100000008717341100,peripheral,0.7381254577454565,4,0.13760890799961006,"Нет выраженной спецроли: in=1, out=0, оборот 15k KZT.",1,0,14627.0,0.0,1,0,0.0002886393301842066,0.0,1,0.0,1,False,False
100000002214301100,peripheral,0.5285806040305919,1,0.5024318809521103,"Нет выраженной спецроли: in=1, out=1, оборот 29k KZT.",1,1,21438.0,8000.0,1,1,0.00028959218686542876,6.700875878931553e-05,7,0.373169138912212,1,False,False
100000002565277100,terminal,0.6518048177406813,3,0.5664456220841169,"Наблюдаемый сток: 1 плательщиков, вход 483k KZT, depth=1<4, исходящих нет.",1,0,483319.0,0.0,1,0,0.0003823473671467781,0.0,10,0.0,1,False,False
100000005546031100,consolidator,0.6176945438354795,48,0.3923435097033797,"Консолидация: 3 плательщиков, 1 seed-маршрутов, вход 67k KZT.",3,1,66800.0,8000.0,6,1,0.0007125289535173747,0.0,1,0.11976047904191617,1,False,False
100000003449074100,peripheral,0.6984729954378708,1,0.21587241608930688,"Нет выраженной спецроли: in=1, out=0, оборот 10k KZT.",1,0,10000.0,0.0,1,0,0.0002874458184490932,0.0,7,0.0,1,False,False
100000008748914100,distributor,0.805043227665706,3,0.5187793748394215,"Распределение: 13 получателей, 21 переводов, выход 4.5m KZT.",2,13,180000.0,4471847.0,9,21,0.0007908267344260672,0.0,1,24.843594444444445,1,False,False
100000004744306100,coordinator,0.7058089817366487,21,0.6950173477197465,"Структурный кандидат: degree=3, seed-маршрутов 8, betweenness=0.0000.",1,2,69000.0,92000.0,1,3,0.0004607769966825421,2.680350351572621e-05,8,1.3333333333333333,1,False,False
100000003158727100,terminal,0.8956165528823041,6,0.6177861832146608,"Наблюдаемый сток: 3 плательщиков, вход 368k KZT, depth=1<4, исходящих нет.",3,0,367940.0,0.0,3,0,0.00031412912735274626,0.0,9,0.0,1,False,False
100000001389255100,peripheral,0.7268607251978589,4,0.14689113482780616,"Нет выраженной спецроли: in=1, out=0, оборот 16k KZT.",1,0,16136.0,0.0,1,0,0.00028895605160856404,0.0,1,0.0,1,False,False
100000008695495100,peripheral,0.700682121390062,4,0.16672658891027847,"Нет выраженной спецроли: in=1, out=0, оборот 21k KZT.",1,0,21000.0,0.0,1,0,0.00028997694823419326,0.0,1,0.0,1,False,False
100000004015047100,consolidator,0.9888568220608305,6,0.7550868869114307,"Консолидация: 9 плательщиков, 11 seed-маршрутов, вход 919k KZT.",9,1,919104.0,69195.0,18,7,0.0022785971106508724,8.904719501335708e-06,11,0.07528527783580531,1,False,False
100000005183943100,terminal,0.6666569538592579,43,0.4322205217829007,"Наблюдаемый сток: 1 плательщиков, вход 681k KZT, depth=1<4, исходящих нет.",1,0,680900.0,0.0,9,0,0.0006108393603081353,0.0,1,0.0,1,False,False
100000003004487100,consolidator,0.7488916712105129,32,0.7385438900738384,"Консолидация: 4 плательщиков, 7 seed-маршрутов, вход 184k KZT.",4,2,183702.8,265015.0,9,3,0.0003508724817163427,0.0001350549124369249,7,1.4426290726107605,1,False,False
100000003042994100,terminal,0.6679594614977593,2,0.45791956271569845,"Наблюдаемый сток: 1 плательщиков, вход 286k KZT, depth=1<4, исходящих нет.",1,0,286086.0,0.0,3,0,0.0003163287040785169,0.0,7,0.0,1,False,False
100000001899164100,consolidator,0.9044113554750389,12,0.8464679258120562,"Консолидация: 4 плательщиков, 8 seed-маршрутов, вход 292k KZT.",4,3,291675.0,76500.0,5,3,0.0011765620095510495,8.014247551202137e-05,8,0.2622782206222679,1,False,False
100000003946524100,transit,0.8384270764187596,3,0.8116169324898469,"Транзит: вход 134k, выход 145k KZT, коэффициент 1.08.",2,2,133757.0,144750.0,2,2,0.0003260605758889203,8.934501171908738e-05,10,1.0821863528637754,1,False,False
100000008717340100,peripheral,0.6391227378905153,4,0.21753655399985214,"Нет выраженной спецроли: in=1, out=0, оборот 42k KZT.",1,0,41500.0,0.0,1,0,0.000294279658107836,0.0,1,0.0,1,False,False
100000003831324100,terminal,0.8401541775423222,6,0.5944132300640123,"Наблюдаемый сток: 2 плательщиков, вход 300k KZT, depth=1<4, исходящих нет.",2,0,300000.0,0.0,2,0,0.00031519260326985687,0.0,9,0.0,1,False,False
100000008129393100,peripheral,0.7592269989965896,53,0.16211629954126416,"Нет выраженной спецроли: in=1, out=0, оборот 10k KZT.",1,0,10000.0,0.0,1,0,0.00031169818202604903,0.0,1,0.0,1,False,False
100000004388209100,peripheral,0.7495488484979496,4,0.12762203192316016,"Нет выраженной спецроли: in=1, out=0, оборот 12k KZT.",1,0,11800.0,0.0,1,0,0.000288045975998217,0.0,1,0.0,1,False,False
100000000706545100,consolidator,0.8343348817363193,2,0.6842608616037776,"Консолидация: 3 плательщиков, 7 seed-маршрутов, вход 1.1m KZT.",3,1,1070300.0,75800.0,8,3,0.0032266260404967403,1.3401751757863106e-05,7,0.07082126506586939,1,False,False
100000004497606100,peripheral,0.7305891930129088,4,0.14346453197241377,"Нет выраженной спецроли: in=1, out=0, оборот 16k KZT.",1,0,15534.0,0.0,1,0,0.0002888296988600795,0.0,1,0.0,1,False,False
100000008470470100,peripheral,0.6564164822241509,4,0.20264718342944005,"Нет выраженной спецроли: in=1, out=0, оборот 34k KZT.",1,0,33547.0,0.0,1,0,0.00029261041656514913,0.0,1,0.0,1,False,False
100000004318918100,terminal,0.5180105696853937,13,0.42246237812779963,"Наблюдаемый сток: 1 плательщиков, вход 76k KZT, depth=1<4, исходящих нет.",1,0,75600.0,0.0,1,0,0.0002970355594933984,0.0,8,0.0,1,False,False
100000005228059100,peripheral,0.6791839346266895,4,0.18288490990266917,"Нет выраженной спецроли: in=1, out=0, оборот 26k KZT.",1,0,26000.0,0.0,1,0,0.00029102638966678907,0.0,1,0.0,1,False,False
100000001609499100,consolidator,0.7384121838531601,1,0.6828292679631323,"Консолидация: 3 плательщиков, 7 seed-маршрутов, вход 263k KZT.",3,2,263113.0,21000.0,3,2,0.00032091395654925293,5.769612548330268e-05,7,0.07981361620292422,1,False,False
100000002824176100,terminal,0.480931292205341,6,0.34749611795561386,"Наблюдаемый сток: 1 плательщиков, вход 144k KZT, depth=1<4, исходящих нет.",1,0,144000.0,0.0,1,0,0.0003385981575005863,0.0,2,0.0,1,False,False
100000001363952100,consolidator,0.6847755272743697,9,0.5330397937202221,"Консолидация: 2 плательщиков, 7 seed-маршрутов, вход 197k KZT.",2,1,196655.0,91000.0,2,2,0.00030709529312419024,1.3357079252003561e-05,7,0.4627393150441128,1,False,False
100000001049200100,coordinator,0.6689478295273414,20,0.6755821771616237,"Структурный кандидат: degree=6, seed-маршрутов 7, betweenness=0.0004.",2,4,76624.0,36000.0,2,5,0.0002982913003271399,0.000427716992077024,7,0.46982668615577367,1,False,False
100000002662768100,peripheral,0.5804192020790919,3,0.27174618830594555,"Нет выраженной спецроли: in=1, out=0, оборот 84k KZT.",1,0,84300.0,0.0,1,0,0.00030645559550582425,0.0,1,0.0,1,False,False
100000004737477100,transit,0.6541977509278897,1,0.4712682176353073,"Транзит: вход 50k, выход 40k KZT, коэффициент 0.82.",2,1,49598.0,40500.0,3,3,0.00029231930484893123,1.3357079252003561e-05,7,0.8165651840800032,1,False,False
100000008680451100,peripheral,0.6926698820428272,4,0.17327892957933885,"Нет выраженной спецроли: in=1, out=0, оборот 24k KZT.",1,0,23534.0,0.0,1,0,0.0002905088051522328,0.0,1,0.0,1,False,False
100000001952325100,terminal,0.49653002729534135,4,0.28455732589435356,"Наблюдаемый сток: 1 плательщиков, вход 78k KZT, depth=1<4, исходящих нет.",1,0,77888.0,0.0,2,0,0.0003019170730776952,0.0,1,0.0,1,False,False
100000008751429100,consolidator,0.6918644718545023,42,0.46801252978834307,"Консолидация: 3 плательщиков, 1 seed-маршрутов, вход 386k KZT.",3,1,386200.0,72600.0,6,2,0.0015043129924041134,0.0,1,0.1879854997410668,1,False,False
100000001960517100,terminal,0.504016061017671,6,0.3683591160049578,"Наблюдаемый сток: 1 плательщиков, вход 200k KZT, depth=1<4, исходящих нет.",1,0,200000.0,0.0,1,0,0.00035922049322186785,0.0,2,0.0,1,False,False
100000008686234100,peripheral,0.5834457968884601,1,0.3078091681174193,"Нет выраженной спецроли: in=1, out=0, оборот 40k KZT.",1,0,39778.0,0.0,1,0,0.0002930337323065542,0.0,7,0.0,1,False,False
100000004213658100,peripheral,0.6808498457780947,4,0.1816414969716309,"Нет выраженной спецроли: in=1, out=0, оборот 25k KZT.",1,0,25347.0,0.0,1,0,0.00029088933261569206,0.0,1,0.0,1,False,False
100000001194266100,terminal,0.5034593961631655,3,0.4280570174644657,"Наблюдаемый сток: 1 плательщиков, вход 50k KZT, depth=1<4, исходящих нет.",1,0,50000.0,0.0,1,0,0.00029558111590539824,0.0,10,0.0,1,False,False
100000002243354100,peripheral,0.7014754124145408,4,0.16608058243469886,"Нет выраженной спецроли: in=1, out=0, оборот 21k KZT.",1,0,20879.0,0.0,1,0,0.0002899515517515244,0.0,1,0.0,1,False,False
100000006069103100,consolidator,0.7950994416715332,2,0.734804735382518,"Консолидация: 3 плательщиков, 7 seed-маршрутов, вход 229k KZT.",3,3,228818.0,270000.0,3,4,0.0011516310982681742,4.007123775601068e-05,7,1.1799770997036947,1,False,False
100000002760175100,terminal,0.5813151934387936,13,0.4823361816236615,"Наблюдаемый сток: 1 плательщиков, вход 187k KZT, depth=1<4, исходящих нет.",1,0,187410.0,0.0,1,0,0.00031399380182834,0.0,8,0.0,1,False,False
100000003567087100,peripheral,0.6008861105106422,4,0.24963675824810516,"Нет выраженной спецроли: in=1, out=0, оборот 62k KZT.",1,0,62115.0,0.0,1,0,0.0002986065051344285,0.0,1,0.0,1,False,False
100000008229700100,peripheral,0.6515832601356147,12,0.2107695157162053,"Нет выраженной спецроли: in=1, out=1, оборот 31k KZT.",1,1,23500.0,7200.0,1,1,0.0002894692379814412,0.0,1,0.30638297872340425,1,False,False
100000004076740100,coordinator,0.8225768955100671,1,0.7859040905490728,"Структурный кандидат: degree=9, seed-маршрутов 7, betweenness=0.0003.",3,6,93250.0,125000.0,5,10,0.0007414546780411359,0.0002908875037102998,7,1.3404825737265416,1,False,False
100000003284932100,terminal,0.5290033671513794,3,0.45094632944728075,"Наблюдаемый сток: 1 плательщиков, вход 70k KZT, depth=1<4, исходящих нет.",1,0,69925.0,0.0,1,0,0.000299570826848109,0.0,10,0.0,1,False,False
100000008071620100,peripheral,0.569007900242948,1,0.32029705910392203,"Нет выраженной спецроли: in=1, out=0, оборот 47k KZT.",1,0,46968.0,0.0,1,0,0.0002943829532292201,0.0,7,0.0,1,False,False
100000003235780100,terminal,0.6807541124497085,1,0.406504403926071,"Наблюдаемый сток: 2 плательщиков, вход 65k KZT, depth=1<4, исходящих нет.",2,0,65000.0,0.0,2,0,0.00029120007891764556,0.0,7,0.0,1,False,False
100000005363908100,transit,0.7076368876080692,48,0.3525687583585296,"Транзит: вход 20k, выход 20k KZT, коэффициент 1.00.",1,1,19500.0,19500.0,1,1,0.00033851712062440693,0.0,1,1.0,1,False,False
100000001851289100,terminal,0.6062414197933168,2,0.3985644213713617,"Наблюдаемый сток: 1 плательщиков, вход 110k KZT, depth=1<4, исходящих нет.",1,0,109510.0,0.0,3,0,0.00029734359625899464,0.0,7,0.0,1,False,False
100000002870937100,peripheral,0.5807365184888835,6,0.2448190674771598,"Нет выраженной спецроли: in=1, out=0, оборот 84k KZT.",1,0,83700.0,0.0,1,0,0.0002903688396007325,0.0,1,0.0,1,False,False
100000002152857100,distributor,0.6977665706051874,6,0.42687295490692423,"Распределение: 5 получателей, 6 переводов, выход 1.2m KZT.",1,5,105000.0,1230000.0,1,6,0.0002997108402620942,0.0,1,11.714285714285714,1,False,False
100000002600345100,terminal,0.6654435956772696,2,0.40691658352965443,"Наблюдаемый сток: 2 плательщиков, вход 52k KZT, depth=1<4, исходящих нет.",2,0,52400.0,0.0,2,0,0.0002957205308431163,0.0,7,0.0,1,False,False
100000002580377100,peripheral,0.8198514351648006,2,0.31263208440129137,"Нет выраженной спецроли: in=1, out=1, оборот 43k KZT.",1,1,37750.0,5000.0,2,1,0.000289628100737922,1.3357079252003561e-05,7,0.13245033112582782,1,False,False
100000004094958100,transit,0.6979176360379357,48,0.38301093456472546,"Транзит: вход 39k, выход 40k KZT, коэффициент 1.03.",1,1,39000.0,40000.0,1,1,0.00039146494703152303,0.0,1,1.0256410256410255,1,False,False
100000002609774100,peripheral,0.584253563183375,8,0.5246711560725374,"Нет выраженной спецроли: in=1, out=1, оборот 35k KZT.",1,1,7700.0,27500.0,1,1,0.00028639718322944613,0.00027849510240427427,7,3.5714285714285716,1,False,False
100000002596035100,terminal,0.5959117482892016,13,0.496178858603268,"Наблюдаемый сток: 1 плательщиков, вход 232k KZT, depth=1<4, исходящих нет.",1,0,231570.0,0.0,1,0,0.0003206915567832726,0.0,8,0.0,1,False,False
100000004664515100,peripheral,0.5863016445765834,1,0.3050831889334467,"Нет выраженной спецроли: in=1, out=0, оборот 38k KZT.",1,0,37691.0,0.0,1,0,0.0002926421016993771,0.0,7,0.0,1,False,False
100000000661912100,coordinator,0.8705304924860006,1,0.8454070327532363,"Структурный кандидат: degree=7, seed-маршрутов 7, betweenness=0.0008.",5,2,393036.0,430700.0,9,8,0.0017491597591117625,0.0008495102404274265,7,1.0958283719557496,1,False,False
100000004144536100,terminal,0.7611265821457494,26,0.4569849331604297,"Наблюдаемый сток: 4 плательщиков, вход 168k KZT, depth=1<4, исходящих нет.",4,0,168000.0,0.0,6,0,0.0009685966718954048,0.0,1,0.0,1,False,False
100000006177176100,peripheral,0.7076751713218237,2,0.20794072638327316,"Нет выраженной спецроли: in=1, out=0, оборот 9k KZT.",1,0,8911.0,0.0,1,0,0.0002865273875922669,0.0,7,0.0,1,False,False
100000002158488100,peripheral,0.6589550135024826,4,0.19984427062537558,"Нет выраженной спецроли: in=1, out=0, оборот 32k KZT.",1,0,31723.0,0.0,1,0,0.00029222758033053823,0.0,1,0.0,1,False,False
100000000041368100,terminal,0.5896108014215518,3,0.5072179151956767,"Наблюдаемый сток: 1 плательщиков, вход 160k KZT, depth=1<4, исходящих нет.",1,0,160000.0,0.0,1,0,0.0003176071236192344,0.0,10,0.0,1,False,False
100000008722328100,peripheral,0.6914799455061091,4,0.17430354427491462,"Нет выраженной спецроли: in=1, out=0, оборот 24k KZT.",1,0,23677.0,0.0,1,0,0.00029053881917720503,0.0,1,0.0,1,False,False
100000008735384100,peripheral,0.6451517496765534,4,0.21317609940378307,"Нет выраженной спецроли: in=1, out=0, оборот 39k KZT.",1,0,39220.0,0.0,1,0,0.00029380111281457236,0.0,1,0.0,1,False,False
100000004480280100,coordinator,0.6669088189952576,3,0.6938936295626436,"Структурный кандидат: degree=3, seed-маршрутов 10, betweenness=0.0000.",1,2,146694.0,295850.0,1,7,0.0003149427776315953,2.3745918670228553e-05,10,2.0167832358515003,1,False,False
100000004286573100,peripheral,0.7251154849440058,12,0.14482035619151898,"Нет выраженной спецроли: in=1, out=0, оборот 17k KZT.",1,0,16590.0,0.0,1,0,0.0002883224885597272,0.0,1,0.0,1,False,False
100000001746925100,peripheral,0.6989431393398191,3,0.607704329663562,"Нет выраженной спецроли: in=1, out=1, оборот 70k KZT.",1,1,65250.0,5000.0,1,1,0.000298634721520271,8.904719501335707e-05,10,0.07662835249042145,1,False,False
100000001660397100,transit,0.8389878551020482,9,0.7015386017649794,"Транзит: вход 49k, выход 49k KZT, коэффициент 1.01.",2,3,48600.0,49000.0,2,4,0.0002951523346277189,0.0002780316411200997,7,1.008230452674897,1,False,False
100000002591469100,terminal,0.49224625576315645,6,0.3124161809354678,"Наблюдаемый сток: 1 плательщиков, вход 236k KZT, depth=1<4, исходящих нет.",1,0,235670.0,0.0,1,0,0.000299083139623691,0.0,1,0.0,1,False,False
100000002731501100,distributor,0.7497118155619596,26,0.4815190277167434,"Распределение: 7 получателей, 20 переводов, выход 834k KZT.",3,7,570370.0,833960.0,7,20,0.0004855839777590129,0.0,1,1.4621386117783193,1,False,False
100000000089154100,distributor,0.868402473064097,1,0.6981741165750148,"Распределение: 15 получателей, 21 переводов, выход 426k KZT.",1,15,10000.0,425500.0,1,21,0.0002874458184490932,8.425287249633276e-05,7,42.55,1,False,False
100000008732098100,peripheral,0.729319927373743,4,0.14472056226216673,"Нет выраженной спецроли: in=1, out=0, оборот 16k KZT.",1,0,15677.0,0.0,1,0,0.00028885971288505175,0.0,1,0.0,1,False,False
100000005456919100,consolidator,0.6685884178703826,42,0.4599317181574075,"Консолидация: 2 плательщиков, 1 seed-маршрутов, вход 480k KZT.",2,1,479950.0,5000.0,10,1,0.0013700274780428614,0.0,1,0.010417751849150954,1,False,False
100000000507799100,transit,0.6293147882681215,38,0.5093635257999625,"Транзит: вход 5k, выход 8k KZT, коэффициент 1.56.",1,1,5132.0,8000.0,1,1,0.0002861210768679897,8.041051054717864e-05,7,1.558846453624318,1,False,False
100000008716439100,peripheral,0.7468516590147221,4,0.12959319014949647,"Нет выраженной спецроли: in=1, out=0, оборот 12k KZT.",1,0,12267.0,0.0,1,0,0.00028814399382802143,0.0,1,0.0,1,False,False
100000002981527100,peripheral,0.5304418675369342,19,0.30391962656207194,"Нет выраженной спецроли: in=1, out=0, оборот 168k KZT.",1,0,168000.0,0.0,1,0,0.0003036113749173627,0.0,1,0.0,1,False,False
100000002844652100,peripheral,0.6015207433302252,6,0.22676618144830468,"Нет выраженной спецроли: in=1, out=0, оборот 61k KZT.",1,0,61360.0,0.0,1,0,0.0002890878139870397,0.0,1,0.0,1,False,False
100000002605548100,consolidator,0.7997223078114362,13,0.5684319036892312,"Консолидация: 2 плательщиков, 10 seed-маршрутов, вход 117k KZT.",2,0,116695.0,0.0,2,0,0.00031432137112675444,0.0,10,0.0,1,False,False
100000002750956100,peripheral,0.5664693689646161,1,0.3221863438827162,"Нет выраженной спецроли: in=1, out=0, оборот 47k KZT.",1,0,47416.0,0.0,1,0,0.00029446702151480483,0.0,7,0.0,1,False,False
100000002982252100,peripheral,0.7022687034390194,4,0.1653906607457159,"Нет выраженной спецроли: in=1, out=0, оборот 20k KZT.",1,0,20320.0,0.0,1,0,0.0002898342241993602,0.0,1,0.0,1,False,False
100000000961900100,terminal,0.6505410571459913,1,0.38610885887992735,"Наблюдаемый сток: 2 плательщиков, вход 36k KZT, depth=1<4, исходящих нет.",2,0,36000.0,0.0,3,0,0.0002943204405632645,0.0,7,0.0,1,False,False
100000007175718100,peripheral,0.7074250950981309,45,0.1875498021511892,"Нет выраженной спецроли: in=1, out=0, оборот 20k KZT.",1,0,20000.0,0.0,1,0,0.00030318655842831487,0.0,1,0.0,1,False,False
100000002306369100,distributor,0.7717647192041807,3,0.6669056862053141,"Распределение: 6 получателей, 9 переводов, выход 261k KZT.",1,6,73166.0,260900.0,1,9,0.00029929907141169583,4.029211245805005e-05,7,3.5658639258672062,1,False,False
100000000667713100,transit,0.7513058596757345,2,0.6952641195794169,"Транзит: вход 119k, выход 79k KZT, коэффициент 0.66.",2,6,119495.0,79236.0,10,7,0.0003201059721320319,8.405729688009296e-05,7,0.663090505878907,1,False,False
100000001072022100,terminal,0.9573578549120322,3,0.693199093103963,"Наблюдаемый сток: 3 плательщиков, вход 1.7m KZT, depth=1<4, исходящих нет.",3,0,1684000.0,0.0,6,0,0.0005021346766292359,0.0,10,0.0,1,False,False
100000008116374100,peripheral,0.5991529591731384,2,0.28436432531019606,"Нет выраженной спецроли: in=1, out=0, оборот 31k KZT.",1,0,31284.0,0.0,1,0,0.00028893288900381874,0.0,7,0.0,1,False,False
100000000703894100,peripheral,0.6637019531337965,30,0.3209247341963505,"Нет выраженной спецроли: in=1, out=1, оборот 155k KZT.",1,1,120000.0,35000.0,1,1,0.00047736859826889746,0.0,1,0.2916666666666667,1,False,False
100000008066326100,peripheral,0.6519861414034194,1,0.25232834742216786,"Нет выраженной спецроли: in=1, out=0, оборот 19k KZT.",1,0,19320.0,0.0,1,0,0.00028919473903313297,0.0,7,0.0,1,False,False
100000004662806100,consolidator,0.7491976347263851,12,0.6692530975997497,"Консолидация: 2 плательщиков, 8 seed-маршрутов, вход 107k KZT.",2,2,106585.0,59900.0,2,3,0.00030544976624820286,2.6714158504007122e-05,8,0.5619927757189098,1,False,False
100000005778283100,terminal,0.9184633343872906,6,0.658406132615421,"Наблюдаемый сток: 3 плательщиков, вход 616k KZT, depth=1<4, исходящих нет.",3,0,615760.0,0.0,3,0,0.0004375840554275676,0.0,9,0.0,1,False,False
100000004408683100,terminal,0.7451806763662996,2,0.48784127198309385,"Наблюдаемый сток: 2 плательщиков, вход 113k KZT, depth=1<4, исходящих нет.",2,0,112919.68,0.0,3,0,0.00038531432958819066,0.0,7,0.0,1,False,False
100000002704875100,terminal,0.8290428703826188,9,0.5189890431777184,"Наблюдаемый сток: 3 плательщиков, вход 245k KZT, depth=1<4, исходящих нет.",3,0,244891.0,0.0,4,0,0.00031507379549976304,0.0,7,0.0,1,False,False
100000008349675100,transit,0.5483068357325008,6,0.2933793356383401,"Транзит: вход 47k, выход 37k KZT, коэффициент 0.79.",1,1,46520.0,36650.0,1,2,0.0002882368551639779,1.4841199168892846e-06,1,0.7878331900257953,1,False,False
100000006889963100,consolidator,0.9423904959944247,5,0.8056272559310237,"Консолидация: 4 плательщиков, 11 seed-маршрутов, вход 1.4m KZT.",4,1,1431000.0,443475.8,6,3,0.00042726044416286713,1.7809439002671416e-05,11,0.30990621942697416,1,False,False
100000008771819100,peripheral,0.6457863824961363,4,0.2126592942233194,"Нет выраженной спецроли: in=1, out=0, оборот 39k KZT.",1,0,38900.0,0.0,1,0,0.00029373394856288624,0.0,1,0.0,1,False,False
100000008586731100,peripheral,0.7485968992685752,12,0.12677300544106687,"Нет выраженной спецроли: in=1, out=0, оборот 12k KZT.",1,0,12000.0,0.0,1,0,0.00028756075486281447,0.0,1,0.0,1,False,False
100000005844459100,terminal,0.773331175006372,1,0.5076031126951852,"Наблюдаемый сток: 2 плательщиков, вход 243k KZT, depth=1<4, исходящих нет.",2,0,243400.0,0.0,2,0,0.00033808255774742736,0.0,7,0.0,1,False,False
100000008172352100,coordinator,0.8068255321917496,34,0.8112954147655715,"Структурный кандидат: degree=10, seed-маршрутов 8, betweenness=0.0001.",3,7,90265.0,289510.0,3,8,0.00037526567278554397,0.00012021371326803205,8,3.207333961114496,1,False,False
100000001162560100,distributor,0.7878962536023055,19,0.47552450013792247,"Распределение: 12 получателей, 14 переводов, выход 2.9m KZT.",1,12,331300.0,2904398.0,2,14,0.00032114870693118253,0.0,1,8.76667069121642,1,False,False
100000008779584100,peripheral,0.6597483045269614,4,0.19913153817114831,"Нет выраженной спецроли: in=1, out=0, оборот 31k KZT.",1,0,31400.0,0.0,1,0,0.00029215978641399247,0.0,1,0.0,1,False,False
100000007631637100,peripheral,0.7313031549349396,4,0.14258229046811582,"Нет выраженной спецроли: in=1, out=0, оборот 15k KZT.",1,0,15341.0,0.0,1,0,0.0002887891904207813,0.0,1,0.0,1,False,False
100000007347733100,peripheral,0.6949704260138154,53,0.21521452841653482,"Нет выраженной спецроли: in=1, out=0, оборот 23k KZT.",1,0,23007.0,0.0,1,0,0.0003456840263989008,0.0,1,0.0,1,False,False
100000001463701100,consolidator,0.8701321694634174,13,0.6395476460452728,"Консолидация: 2 плательщиков, 8 seed-маршрутов, вход 621k KZT.",2,0,621000.0,0.0,2,0,0.0005722109368497137,0.0,8,0.0,1,False,False
100000008664469100,peripheral,0.5605591895122652,3,0.3744599904399074,"Нет выраженной спецроли: in=1, out=0, оборот 25k KZT.",1,0,25000.0,0.0,1,0,0.0002905752050613446,0.0,10,0.0,1,False,False
100000003923946100,distributor,0.645028818443804,6,0.46968064346053806,"Распределение: 4 получателей, 4 переводов, выход 675k KZT.",1,4,282000.0,675000.0,3,4,0.00038941748481374446,0.0,2,2.393617021276596,1,False,False
100000006562026100,terminal,0.6904961154147697,53,0.43041189951366,"Наблюдаемый сток: 2 плательщиков, вход 75k KZT, depth=1<4, исходящих нет.",2,0,75000.0,0.0,6,0,0.0006853595679127574,0.0,2,0.0,1,False,False
100000008776298100,peripheral,0.6376948140464538,4,0.21929020039818767,"Нет выраженной спецроли: in=1, out=0, оборот 43k KZT.",1,0,42800.0,0.0,1,0,0.00029455251288031093,0.0,1,0.0,1,False,False
100000006446271100,consolidator,0.7819199618962195,3,0.5499765850243775,"Консолидация: 2 плательщиков, 10 seed-маршрутов, вход 80k KZT.",2,0,80000.0,0.0,2,0,0.0003139136962099016,0.0,10,0.0,1,False,False
100000004588479100,terminal,0.6147183010263176,2,0.4231728409918165,"Наблюдаемый сток: 1 плательщиков, вход 178k KZT, depth=1<4, исходящих нет.",1,0,177633.0,0.0,2,0,0.0003046680486193908,0.0,7,0.0,1,False,False
100000002324543100,peripheral,0.6621281776003975,19,0.18569327087940135,"Нет выраженной спецроли: in=1, out=0, оборот 30k KZT.",1,0,30202.0,0.0,1,0,0.0002888127877964788,0.0,1,0.0,1,False,False
100000007129492100,consolidator,0.7414532470486508,13,0.643728101090856,"Консолидация: 2 плательщиков, 11 seed-маршрутов, вход 51k KZT.",2,1,50990.0,37000.0,2,1,0.0002945171129254455,1.7809439002671416e-05,11,0.725632476956266,1,False,False
100000003877908100,terminal,0.48092993106797055,3,0.4095170808904031,"Наблюдаемый сток: 1 плательщиков, вход 40k KZT, depth=1<4, исходящих нет.",1,0,40000.0,0.0,1,0,0.0002935787515677768,0.0,10,0.0,1,False,False
100000002748180100,distributor,0.726657060518732,14,0.3963601654983273,"Распределение: 8 получателей, 9 переводов, выход 680k KZT.",1,8,9900.0,679743.0,1,9,0.0002872122492498478,0.0,1,68.66090909090909,1,False,False
100000000945428100,terminal,0.48430125660202034,1,0.3675719757560956,"Наблюдаемый сток: 1 плательщиков, вход 90k KZT, depth=1<4, исходящих нет.",1,0,89629.0,0.0,1,0,0.00030238839325451197,0.0,7,0.0,1,False,False
100000003115284100,consolidator,0.9900370995634681,13,0.9336970205023893,"Консолидация: 8 плательщиков, 11 seed-маршрутов, вход 2.2m KZT.",8,2,2160500.0,517000.0,15,4,0.0015286375827955761,8.904719501335707e-05,11,0.23929645915297384,1,False,False
100000005394708100,peripheral,0.583160144969913,21,0.31060955088865794,"Нет выраженной спецроли: in=1, out=1, оборот 91k KZT.",1,1,26000.0,65000.0,1,1,0.00034517722457498757,0.0,1,2.5,1,False,False
100000008747113100,terminal,0.8213651078585417,5,0.5826809071069363,"Наблюдаемый сток: 2 плательщиков, вход 198k KZT, depth=1<4, исходящих нет.",2,0,197801.0,0.0,2,0,0.00030751915506009613,0.0,10,0.0,1,False,False
100000004491881100,peripheral,0.7232909155877049,4,0.14965188469709245,"Нет выраженной спецроли: in=1, out=0, оборот 17k KZT.",1,0,17144.0,0.0,1,0,0.0002891676190013754,0.0,1,0.0,1,False,False
100000006008169100,peripheral,0.5933498457780947,12,0.2527121331105886,"Нет выраженной спецроли: in=1, out=0, оборот 70k KZT.",1,0,70000.0,0.0,1,0,0.000297186147982845,0.0,1,0.0,1,False,False
100000002681449100,transit,0.7041955802407068,11,0.5555270350616581,"Транзит: вход 95k, выход 133k KZT, коэффициент 1.41.",2,2,94638.0,133000.0,2,2,0.0002951397503203067,1.388006343676327e-05,7,1.4053551427544961,1,False,False
100000002645609100,terminal,0.8836892892402796,1,0.5671594441063847,"Наблюдаемый сток: 4 плательщиков, вход 547k KZT, depth=1<4, исходящих нет.",4,0,546820.6799999999,0.0,5,0,0.00035535788312599583,0.0,7,0.0,1,False,False
100000006369769100,peripheral,0.6426132183982216,4,0.21495246790107925,"Нет выраженной спецроли: in=1, out=0, оборот 40k KZT.",1,0,40000.0,0.0,1,0,0.00029396482567805725,0.0,1,0.0,1,False,False
100000002173161100,terminal,0.9456165528823042,2,0.6744594396579535,"Наблюдаемый сток: 3 плательщиков, вход 1.4m KZT, depth=1<4, исходящих нет.",3,0,1427500.0,0.0,5,0,0.0004354146921033433,0.0,9,0.0,1,False,False
100000008686313100,distributor,0.8546504419016776,1,0.8395223186141821,"Распределение: 7 получателей, 13 переводов, выход 334k KZT.",6,7,1912716.0,333800.0,16,13,0.0004676329022286971,0.0038574751464343746,7,0.17451623764322566,1,False,False
100000004692798100,consolidator,0.6514794050841606,12,0.4416446437589343,"Консолидация: 2 плательщиков, 1 seed-маршрутов, вход 240k KZT.",2,1,240305.0,15000.0,4,2,0.0019106511787003878,0.0,1,0.06242067372713843,1,False,False
100000002939838100,terminal,0.9234729954378709,2,0.6655646800823163,"Наблюдаемый сток: 3 плательщиков, вход 571k KZT, depth=1<4, исходящих нет.",3,0,571233.0,0.0,3,0,0.0004000333621032979,0.0,10,0.0,1,False,False
100000003119550100,peripheral,0.700682121390062,4,0.16672658891027847,"Нет выраженной спецроли: in=1, out=0, оборот 21k KZT.",1,0,21000.0,0.0,1,0,0.00028997694823419326,0.0,1,0.0,1,False,False
100000004315838100,consolidator,0.7183442600736264,3,0.6167139121631099,"Консолидация: 2 плательщиков, 10 seed-маршрутов, вход 50k KZT.",2,1,50000.0,18000.0,2,1,0.0002913854344131966,1.7809439002671416e-05,10,0.36,1,False,False
100000002671806100,peripheral,0.7458997097853477,12,0.12863352247535212,"Нет выраженной спецроли: in=1, out=0, оборот 12k KZT.",1,0,12440.0,0.0,1,0,0.00028763377508648363,0.0,1,0.0,1,False,False
100000008716222100,peripheral,0.7167859291869796,4,0.15454423174606513,"Нет выраженной спецроли: in=1, out=0, оборот 18k KZT.",1,0,18000.0,0.0,1,0,0.00028934728337463573,0.0,1,0.0,1,False,False
100000005496254100,peripheral,0.6843524152021501,1,0.22602941774096727,"Нет выраженной спецроли: in=1, out=0, оборот 13k KZT.",1,0,12700.0,0.0,1,0,0.0002879524799916799,0.0,7,0.0,1,False,False
100000004622227100,transit,0.61148679049614,1,0.5292258870402239,"Транзит: вход 25k, выход 19k KZT, коэффициент 0.76.",1,3,24931.0,19000.0,1,3,0.0002902476567795973,3.692358645608868e-05,7,0.762103405398901,1,False,False
100000000274067100,distributor,0.7006467164525572,6,0.4886615481470934,"Распределение: 3 получателей, 9 переводов, выход 3.0m KZT.",2,3,517704.0,2969000.0,9,9,0.0004137036512851875,5.956334114605825e-06,1,5.734937338710924,1,False,False
100000008782056100,peripheral,0.6692677968207057,4,0.19160415548246576,"Нет выраженной спецроли: in=1, out=0, оборот 29k KZT.",1,0,29082.0,0.0,1,0,0.0002916732653658411,0.0,1,0.0,1,False,False
100000006788200100,consolidator,0.758641165472361,6,0.7040819784905501,"Консолидация: 4 плательщиков, 7 seed-маршрутов, вход 272k KZT.",4,3,272155.8,64500.0,4,4,0.00033716343435244255,6.67853962600178e-05,7,0.23699660268125833,1,False,False
100000001164648100,terminal,0.5370891079166169,8,0.31164471630611096,"Наблюдаемый сток: 2 плательщиков, вход 14k KZT, depth=1<4, исходящих нет.",2,0,13660.0,0.0,2,0,0.00029014259597535177,0.0,7,0.0,1,False,False
100000005133757100,consolidator,0.7538118702471098,9,0.5245464234465956,"Консолидация: 2 плательщиков, 10 seed-маршрутов, вход 65k KZT.",2,0,65000.0,0.0,2,0,0.00029941072919293055,0.0,10,0.0,1,False,False
100000006445501100,terminal,0.5309412133843965,13,0.4352692141530135,"Наблюдаемый сток: 1 плательщиков, вход 91k KZT, depth=1<4, исходящих нет.",1,0,91000.0,0.0,1,0,0.0002993712801977907,0.0,8,0.0,1,False,False
100000004390333100,distributor,0.8482364980778268,1,0.7184857880223117,"Распределение: 9 получателей, 14 переводов, выход 506k KZT.",2,9,64558.0,506500.0,2,14,0.00029521378985057596,7.822616968143674e-05,7,7.845658167849066,1,False,False
100000001641789100,peripheral,0.590137783398883,6,0.4190862201048829,"Нет выраженной спецроли: in=1, out=0, оборот 18k KZT.",1,0,17826.0,0.0,1,0,0.0004895828148678133,0.0,11,0.0,1,False,False
100000000968253100,peripheral,0.7346349772377502,4,0.14026028884939243,"Нет выраженной спецроли: in=1, out=0, оборот 15k KZT.",1,0,15000.0,0.0,1,0,0.00028871761851507826,0.0,1,0.0,1,False,False
100000001527186100,terminal,0.7446198676046886,3,0.5997311440803487,"Наблюдаемый сток: 1 плательщиков, вход 678k KZT, depth=1<4, исходящих нет.",1,0,678000.0,0.0,2,0,0.00042132959630802663,0.0,10,0.0,1,False,False
100000005852946100,peripheral,0.5671435050154383,3,0.36949192174693546,"Нет выраженной спецроли: in=1, out=0, оборот 24k KZT.",1,0,23746.0,0.0,1,0,0.00029032410857340684,0.0,10,0.0,1,False,False
100000001530983100,distributor,0.9152433431659525,2,0.8163272451672048,"Распределение: 11 получателей, 17 переводов, выход 1.8m KZT.",4,11,564158.0,1829538.0,4,17,0.00035609030999176293,0.00023449094686850695,7,3.24295321523403,1,False,False
100000008221543100,terminal,0.8128370680254111,17,0.5438455975505063,"Наблюдаемый сток: 2 плательщиков, вход 542k KZT, depth=1<4, исходящих нет.",2,0,542000.0,0.0,2,0,0.00037148464522539736,0.0,7,0.0,1,False,False
100000001937767100,coordinator,0.8539879725761018,16,0.8531472139541872,"Структурный кандидат: degree=5, seed-маршрутов 11, betweenness=0.0000.",1,4,53000.0,1933000.0,1,6,0.0008921392815659775,4.007123775601068e-05,11,36.471698113207545,1,False,False
100000002462183100,terminal,0.5442974796978799,45,0.3353437069873535,"Наблюдаемый сток: 1 плательщиков, вход 108k KZT, depth=1<4, исходящих нет.",1,0,107500.0,0.0,3,0,0.0003802620893515447,0.0,1,0.0,1,False,False
100000001805543100,peripheral,0.5437812456645255,2,0.33035726111132535,"Нет выраженной спецроли: in=1, out=0, оборот 59k KZT.",1,0,59000.0,0.0,1,0,0.0002919128593753634,0.0,7,0.0,1,False,False
100000002606567100,peripheral,0.6650349998453923,1,0.36156655202472343,"Нет выраженной спецроли: in=1, out=1, оборот 67k KZT.",1,1,14095.0,53000.0,1,1,0.00028821425512201625,1.3357079252003561e-05,7,3.7601986520042567,1,False,False
100000007281639100,terminal,0.7971525711985751,2,0.5060567135166083,"Наблюдаемый сток: 2 плательщиков, вход 217k KZT, depth=1<4, исходящих нет.",2,0,216770.0,0.0,4,0,0.0003235711404553908,0.0,7,0.0,1,False,False
100000002991079100,consolidator,0.7111292035954998,2,0.5484677734927066,"Консолидация: 2 плательщиков, 7 seed-маршрутов, вход 149k KZT.",2,1,148900.0,11000.0,3,1,0.00039517397427267476,1.3357079252003561e-05,7,0.07387508394895903,1,False,False
100000002847207100,terminal,0.4923533218204637,3,0.4197965155084967,"Наблюдаемый сток: 1 плательщиков, вход 46k KZT, depth=1<4, исходящих нет.",1,0,46243.0,0.0,1,0,0.0002948288276237539,0.0,10,0.0,1,False,False
100000000011452100,consolidator,0.7384635037732744,1,0.5051079059457614,"Консолидация: 3 плательщиков, 7 seed-маршрутов, вход 110k KZT.",3,1,110000.0,16685.0,7,2,0.0004768640252326481,0.0,7,0.1516818181818182,1,False,False
100000003148220100,peripheral,0.8307845458633353,58,0.2813701803989886,"Нет выраженной спецроли: in=1, out=2, оборот 49k KZT.",1,2,5650.0,43400.0,1,4,0.0009182428014100987,2.968239833778569e-06,1,7.68141592920354,1,False,False
100000002479804100,transit,0.578911840011325,3,0.3238428783630426,"Транзит: вход 46k, выход 35k KZT, коэффициент 0.77.",1,2,46000.0,35300.0,1,2,0.00029696632694887494,0.0,1,0.7673913043478261,1,False,False
100000008745489100,peripheral,0.6075497551162634,4,0.24347461177102686,"Нет выраженной спецроли: in=1, out=0, оборот 56k KZT.",1,0,55539.0,0.0,1,0,0.00029722627976227855,0.0,1,0.0,1,False,False
100000002289937100,peripheral,0.7074250950981309,4,0.16181581638606463,"Нет выраженной спецроли: in=1, out=0, оборот 20k KZT.",1,0,20000.0,0.0,1,0,0.0002897670599476741,0.0,1,0.0,1,False,False
100000004679953100,consolidator,0.7524146173651285,9,0.7457832604868432,"Консолидация: 3 плательщиков, 7 seed-маршрутов, вход 344k KZT.",3,3,343538.0,34100.0,3,3,0.0003342675529915223,0.0002523745918670229,7,0.09926121709970949,1,False,False
100000003066385100,terminal,0.5712799510716486,1,0.33753746955522246,"Наблюдаемый сток: 2 плательщиков, вход 20k KZT, depth=1<4, исходящих нет.",2,0,20000.0,0.0,2,0,0.00029153974169365685,0.0,7,0.0,1,False,False
100000008744849100,peripheral,0.6357909155877048,4,0.22132993978299506,"Нет выраженной спецроли: in=1, out=0, оборот 44k KZT.",1,0,44445.0,0.0,1,0,0.00029489777911163493,0.0,1,0.0,1,False,False
100000005093521100,peripheral,0.6083153091858826,3,0.3367947878925055,"Нет выраженной спецроли: in=1, out=0, оборот 15k KZT.",1,0,15200.0,0.0,1,0,0.00028861288801047553,0.0,10,0.0,1,False,False
100000006518161100,transit,0.8538765908024385,2,0.7630899390725281,"Транзит: вход 594k, выход 596k KZT, коэффициент 1.00.",3,2,594200.0,595899.0,13,13,0.0008108053328700469,4.020525527358932e-05,7,1.002859306630764,1,False,False
100000001126374100,consolidator,0.7295360558231675,1,0.6206312189488493,"Консолидация: 4 плательщиков, 7 seed-маршрутов, вход 182k KZT.",4,2,182500.0,29200.0,7,4,0.0003135004104490038,2.6714158504007122e-05,7,0.16,1,False,False
100000004509286100,terminal,0.48092993106797055,3,0.4095170808904031,"Наблюдаемый сток: 1 плательщиков, вход 40k KZT, depth=1<4, исходящих нет.",1,0,40000.0,0.0,1,0,0.0002935787515677768,0.0,10,0.0,1,False,False
100000005056870100,peripheral,0.7074250950981309,45,0.1875498021511892,"Нет выраженной спецроли: in=1, out=0, оборот 20k KZT.",1,0,20000.0,0.0,1,0,0.00030318655842831487,0.0,1,0.0,1,False,False
100000008708368100,peripheral,0.6914799455061091,4,0.17430354427491462,"Нет выраженной спецроли: in=1, out=0, оборот 24k KZT.",1,0,23677.0,0.0,1,0,0.00029053881917720503,0.0,1,0.0,1,False,False
100000005895525100,terminal,0.551516428020636,45,0.3417456215202297,"Наблюдаемый сток: 1 плательщиков, вход 120k KZT, depth=1<4, исходящих нет.",1,0,120000.0,0.0,3,0,0.00039127287948343466,0.0,1,0.0,1,False,False
100000008716773100,peripheral,0.729319927373743,4,0.14472056226216673,"Нет выраженной спецроли: in=1, out=0, оборот 16k KZT.",1,0,15677.0,0.0,1,0,0.00028885971288505175,0.0,1,0.0,1,False,False
100000002778085100,peripheral,0.5358483354197385,2,0.33797277195229103,"Нет выраженной спецроли: in=1, out=0, оборот 66k KZT.",1,0,66208.0,0.0,1,0,0.0002926878495051835,0.0,7,0.0,1,False,False
100000007055802100,consolidator,0.850658729992289,1,0.6109455331101112,"Консолидация: 6 плательщиков, 7 seed-маршрутов, вход 2.0m KZT.",6,1,2024999.0,605000.0,34,7,0.001181924366122314,0.0,7,0.29876557963732325,1,False,False
100000003071930100,consolidator,0.8550922669652161,19,0.7509511547584854,"Консолидация: 3 плательщиков, 8 seed-маршрутов, вход 478k KZT.",3,1,477610.0,5000.0,4,1,0.0003483674806474176,2.680350351572621e-05,8,0.010468792529469651,1,False,False
100000002941114100,consolidator,0.836629799672843,13,0.6629373914103722,"Консолидация: 2 плательщиков, 8 seed-маршрутов, вход 129k KZT.",2,1,128510.0,15000.0,15,1,0.0018146321453408293,1.3357079252003561e-05,8,0.11672243405182477,1,False,False
100000003888271100,peripheral,0.539546884922637,43,0.26744219710077644,"Нет выраженной спецроли: in=1, out=2, оборот 38k KZT.",1,2,12177.0,25590.0,2,3,0.0002913863210858299,1.4890835286514562e-06,1,2.10150283321015,1,False,False
100000007507343100,terminal,0.5160449864975172,52,0.3829837324110573,"Наблюдаемый сток: 1 плательщиков, вход 370k KZT, depth=1<4, исходящих нет.",1,0,370000.0,0.0,1,0,0.0006416178761806935,0.0,1,0.0,1,False,False
100000008002020100,peripheral,0.7201445659443249,12,0.24940501272666601,"Нет выраженной спецроли: in=1, out=1, оборот 91k KZT.",1,1,73860.0,17000.0,1,1,0.0002978267344904884,0.0,1,0.23016517736257786,1,False,False
100000001872484100,distributor,0.6448126801152738,55,0.47290221880194655,"Распределение: 3 получателей, 9 переводов, выход 515k KZT.",1,3,871400.0,514580.0,13,9,0.0022739787649245797,0.0,1,0.5905210006885472,1,False,False
100000008769636100,peripheral,0.6948117678089197,4,0.17177166565471125,"Нет выраженной спецроли: in=1, out=0, оборот 23k KZT.",1,0,23118.0,0.0,1,0,0.0002904214916250408,0.0,1,0.0,1,False,False
100000004135268100,transit,0.7119974704836562,52,0.4941833760571054,"Транзит: вход 1.2m, выход 1.0m KZT, коэффициент 0.81.",2,3,1239000.0,1000200.0,3,4,0.001740527342257778,0.0,1,0.8072639225181598,1,False,False
100000005316708100,peripheral,0.6887584674734741,6,0.29970482616578653,"Нет выраженной спецроли: in=1, out=2, оборот 348k KZT.",1,2,90000.0,257500.0,1,4,0.0002976906193985509,0.0,1,2.861111111111111,1,False,False
100000008671929100,terminal,0.616741354458723,3,0.4766128710287183,"Наблюдаемый сток: 1 плательщиков, вход 75k KZT, depth=1<4, исходящих нет.",1,0,75000.0,0.0,2,0,0.00030058702674945194,0.0,10,0.0,1,False,False
100000005287097100,distributor,0.9071729050010474,2,0.798237002161506,"Распределение: 9 получателей, 42 переводов, выход 697k KZT.",2,9,127173.0,697300.0,5,42,0.00030270743388181913,0.0007684217889213906,7,5.483082100760382,1,False,False
100000007283257100,terminal,0.6013577698157403,66,0.3665026358173794,"Наблюдаемый сток: 1 плательщиков, вход 192k KZT, depth=1<4, исходящих нет.",1,0,192000.0,0.0,7,0,0.00038906884568361,0.0,1,0.0,1,False,False
100000004847758100,distributor,0.8995364420262367,1,0.7895308054495459,"Распределение: 15 получателей, 23 переводов, выход 489k KZT.",4,15,115171.0,488800.0,4,23,0.00030474224834678437,0.00048634622211606536,7,4.244123954815014,1,False,False
100000008737422100,peripheral,0.5858135810455471,4,0.2634798248762681,"Нет выраженной спецроли: in=1, out=0, оборот 77k KZT.",1,0,76903.0,0.0,1,0,0.00030171033311547385,0.0,1,0.0,1,False,False
100000008555918100,coordinator,0.6856535060226989,3,0.7057346712149228,"Структурный кандидат: degree=3, seed-маршрутов 10, betweenness=0.0000.",1,2,139211.0,43300.0,1,2,0.00031344440839775313,3.561887800534283e-05,10,0.3110386391879952,1,False,False
100000008094734100,terminal,0.8812925279809513,1,0.6027969205699781,"Наблюдаемый сток: 4 плательщиков, вход 236k KZT, depth=1<4, исходящих нет.",4,0,236249.0,0.0,4,0,0.0003441360031889836,0.0,8,0.0,1,False,False
100000006952718100,peripheral,0.5301366400434919,2,0.342643416707538,"Нет выраженной спецроли: in=1, out=0, оборот 71k KZT.",1,0,71489.0,0.0,1,0,0.00029325565234585775,0.0,7,0.0,1,False,False
100000005339662100,coordinator,0.8213836220734173,2,0.7881472824291805,"Структурный кандидат: degree=8, seed-маршрутов 7, betweenness=0.0001.",4,4,202939.0,295160.0,9,15,0.0016567441326948078,9.492595890636854e-05,7,1.4544271924075707,1,False,False
100000001716579100,peripheral,0.7411399636384755,4,0.13495390545646457,"Нет выраженной спецроли: in=1, out=0, оборот 14k KZT.",1,0,13916.0,0.0,1,0,0.0002884900996124915,0.0,1,0.0,1,False,False
100000002774456100,terminal,0.4885001435747863,13,0.39594665930173273,"Наблюдаемый сток: 1 плательщиков, вход 50k KZT, depth=1<4, исходящих нет.",1,0,50363.0,0.0,1,0,0.00029320785927153167,0.0,8,0.0,1,False,False
100000004394765100,consolidator,0.7806950794178285,2,0.7154102406111822,"Консолидация: 3 плательщиков, 7 seed-маршрутов, вход 604k KZT.",3,2,603844.0,82500.0,10,2,0.0003802754591116205,4.576036410408627e-05,7,0.13662469114539516,1,False,False
100000004004621100,terminal,0.7998782538240903,15,0.5478983938684604,"Наблюдаемый сток: 3 плательщиков, вход 75k KZT, depth=1<4, исходящих нет.",3,0,75389.0,0.0,3,0,0.00030077440313347714,0.0,10,0.0,1,False,False
100000000907277100,peripheral,0.7199590932848943,4,0.15196191216083196,"Нет выраженной спецроли: in=1, out=0, оборот 18k KZT.",1,0,17534.0,0.0,1,0,0.00028924947543311784,0.0,1,0.0,1,False,False
100000003835149100,peripheral,0.877873545845467,25,0.3240936492407738,"Нет выраженной спецроли: in=1, out=2, оборот 4.8m KZT.",1,2,248500.0,4600440.0,1,13,0.0004889016554646476,0.0,1,18.512837022132796,1,False,False
100000004254434100,peripheral,0.554240598271295,4,0.24171751911209752,"Нет выраженной спецроли: in=1, out=0, оборот 44k KZT.",1,0,44445.0,0.0,2,0,0.00029489777911163493,0.0,1,0.0,1,False,False
100000003635170100,consolidator,0.8896952221860148,13,0.8682168737252782,"Консолидация: 3 плательщиков, 8 seed-маршрутов, вход 268k KZT.",3,4,268500.0,253500.0,13,10,0.0011481911115018492,0.00012061576582076796,8,0.9441340782122905,1,False,False
100000006687202100,peripheral,0.5593297497443078,1,0.32759549611215255,"Нет выраженной спецроли: in=1, out=0, оборот 50k KZT.",1,0,50000.0,0.0,1,0,0.0002949519153763026,0.0,7,0.0,1,False,False
100000006030946100,peripheral,0.5896213779630448,4,0.2604268904134216,"Нет выраженной спецроли: in=1, out=0, оборот 73k KZT.",1,0,73289.0,0.0,1,0,0.0003009517968479936,0.0,1,0.0,1,False,False
100000002615479100,terminal,0.4880418133334194,19,0.31983474937278333,"Наблюдаемый сток: 1 плательщиков, вход 220k KZT, depth=1<4, исходящих нет.",1,0,220000.0,0.0,1,0,0.00030919582846738493,0.0,1,0.0,1,False,False
100000002952631100,peripheral,0.5659933943499289,2,0.312944302394638,"Нет выраженной спецроли: in=1, out=0, оборот 48k KZT.",1,0,48050.0,0.0,1,0,0.00029073553668924657,0.0,7,0.0,1,False,False
100000002890167100,terminal,0.5074653545167983,2,0.37713707427338516,"Наблюдаемый сток: 1 плательщиков, вход 118k KZT, depth=1<4, исходящих нет.",1,0,118150.0,0.0,1,0,0.00029827255224146494,0.0,7,0.0,1,False,False
100000008687671100,peripheral,0.6474522936475416,4,0.2104566317365223,"Нет выраженной спецроли: in=1, out=0, оборот 38k KZT.",1,0,37500.0,0.0,1,0,0.0002934401049617594,0.0,1,0.0,1,False,False
100000000810551100,peripheral,0.7076326605255261,3,0.6086467151991959,"Нет выраженной спецроли: in=1, out=1, оборот 107k KZT.",1,1,100000.0,7100.0,1,1,0.0003055929375935056,5.7880676758682096e-05,10,0.071,1,False,False
100000008724279100,peripheral,0.6889535031441265,2,0.21997225678462787,"Нет выраженной спецроли: in=1, out=0, оборот 12k KZT.",1,0,11750.0,0.0,1,0,0.00028683263134622903,0.0,7,0.0,1,False,False
100000002592567100,coordinator,0.5566443945737226,2,0.5877410136174264,"Структурный кандидат: degree=3, seed-маршрутов 7, betweenness=0.0005.",1,2,5297.0,48600.0,1,2,0.0002861388173468216,0.0004685955514094427,7,9.175004719652634,1,False,False
100000002670860100,terminal,0.7660807692866107,14,0.4571286829554686,"Наблюдаемый сток: 2 плательщиков, вход 450k KZT, depth=1<4, исходящих нет.",2,0,450000.0,0.0,2,0,0.00030894570400308074,0.0,3,0.0,1,False,False
100000002844897100,peripheral,0.7520873797762815,19,0.12190826191328871,"Нет выраженной спецроли: in=1, out=0, оборот 11k KZT.",1,0,10800.0,0.0,1,0,0.00028672914226229553,0.0,1,0.0,1,False,False
100000007938486100,peripheral,0.6445964459594183,4,0.21367307230863478,"Нет выраженной спецроли: in=1, out=0, оборот 40k KZT.",1,0,39500.0,0.0,1,0,0.00029385988153479773,0.0,1,0.0,1,False,False
100000008438656100,consolidator,0.7577651576257568,3,0.6453611957705233,"Консолидация: 2 плательщиков, 10 seed-маршрутов, вход 80k KZT.",2,1,80000.0,5000.0,2,1,0.00029739252742606105,1.7809439002671416e-05,10,0.0625,1,False,False
100000008304139100,distributor,0.9605912027312411,3,0.8377020278510711,"Распределение: 24 получателей, 43 переводов, выход 1.7m KZT.",4,24,189329.75,1692997.0,4,43,0.0003136180059586537,0.001885976186831447,7,8.942054801213228,1,False,False
100000002597003100,transit,0.5642872854564259,1,0.3925290761432693,"Транзит: вход 18k, выход 11k KZT, коэффициент 0.62.",1,1,17700.0,11000.0,1,1,0.00028889074210758104,1.3357079252003561e-05,7,0.6214689265536724,1,False,False
100000002830055100,peripheral,0.740267343511549,4,0.13560890759739572,"Нет выраженной спецроли: in=1, out=0, оборот 14k KZT.",1,0,14000.0,0.0,1,0,0.0002885077302285591,0.0,1,0.0,1,False,False
100000004299488100,consolidator,0.8517350367648246,1,0.6644313469157397,"Консолидация: 6 плательщиков, 7 seed-маршрутов, вход 1.7m KZT.",6,2,1749000.0,344999.0,22,14,0.0014621185934412485,1.3357079252003561e-05,7,0.19725500285877645,1,False,False
100000002809568100,peripheral,0.6984729954378708,1,0.21587241608930688,"Нет выраженной спецроли: in=1, out=0, оборот 10k KZT.",1,0,10000.0,0.0,1,0,0.0002874458184490932,0.0,7,0.0,1,False,False
100000004784224100,peripheral,0.7903026522119749,25,0.24996227106999525,"Нет выраженной спецроли: in=1, out=1, оборот 124k KZT.",1,1,23500.0,100000.0,2,1,0.0003047979078563769,0.0,1,4.25531914893617,1,False,False
100000003123296100,terminal,0.5028763554911709,12,0.2869308494088517,"Наблюдаемый сток: 1 плательщиков, вход 86k KZT, depth=1<4, исходящих нет.",1,0,86200.0,0.0,2,0,0.00029987461985430183,0.0,1,0.0,1,False,False
100000004130144100,terminal,0.4823301179571728,6,0.30326236333591866,"Наблюдаемый сток: 1 плательщиков, вход 200k KZT, depth=1<4, исходящих нет.",1,0,200000.0,0.0,1,0,0.0002970377419674501,0.0,1,0.0,1,False,False
100000001253557100,terminal,0.9015101667887321,11,0.6324705920572858,"Наблюдаемый сток: 5 плательщиков, вход 210k KZT, depth=1<4, исходящих нет.",5,0,210200.0,0.0,5,0,0.00035106592298765355,0.0,10,0.0,1,False,False
100000008767925100,peripheral,0.7232909155877049,4,0.14965188469709245,"Нет выраженной спецроли: in=1, out=0, оборот 17k KZT.",1,0,17144.0,0.0,1,0,0.0002891676190013754,0.0,1,0.0,1,False,False
100000007181706100,consolidator,0.8187039229793864,3,0.5874199062560234,"Консолидация: 2 плательщиков, 10 seed-маршрутов, вход 176k KZT.",2,0,176272.0,0.0,2,0,0.00031906641503554804,0.0,10,0.0,1,False,False
100000003366154100,coordinator,0.7237706176932699,3,0.7545014827104253,"Структурный кандидат: degree=4, seed-маршрутов 10, betweenness=0.0000.",1,3,125000.0,289170.0,1,3,0.0003105988484375593,4.700220833561827e-05,10,2.31336,1,False,False
100000007641183100,peripheral,0.6113696409501101,2,0.27416146459902524,"Нет выраженной спецроли: in=1, out=0, оборот 28k KZT.",1,0,28000.0,0.0,1,0,0.00028857979971603717,0.0,7,0.0,1,False,False
100000008663007100,peripheral,0.740267343511549,4,0.13560890759739572,"Нет выраженной спецроли: in=1, out=0, оборот 14k KZT.",1,0,14000.0,0.0,1,0,0.0002885077302285591,0.0,1,0.0,1,False,False
100000007334196100,terminal,0.5678292460226558,13,0.4685031150433083,"Наблюдаемый сток: 1 плательщиков, вход 150k KZT, depth=1<4, исходящих нет.",1,0,150002.0,0.0,1,0,0.0003083201238991253,0.0,8,0.0,1,False,False
100000003873332100,distributor,0.7848846129892483,20,0.7184899913306116,"Распределение: 4 получателей, 8 переводов, выход 286k KZT.",1,4,23468.0,286000.0,1,8,0.0002899731212844846,0.000651544360661739,7,12.186807567751833,1,False,False
100000001550388100,peripheral,0.5593297497443078,1,0.32759549611215255,"Нет выраженной спецроли: in=1, out=0, оборот 50k KZT.",1,0,50000.0,0.0,1,0,0.0002949519153763026,0.0,7,0.0,1,False,False
100000008718089100,peripheral,0.7305891930129088,4,0.14346453197241377,"Нет выраженной спецроли: in=1, out=0, оборот 16k KZT.",1,0,15534.0,0.0,1,0,0.0002888296988600795,0.0,1,0.0,1,False,False
100000008728457100,peripheral,0.5287142716564014,13,0.3834609956518988,"Нет выраженной спецроли: in=1, out=0, оборот 45k KZT.",1,0,45000.0,0.0,1,0,0.0002923944521197359,0.0,8,0.0,1,False,False
100000004206046100,peripheral,0.6897467941686053,2,0.21923785110987978,"Нет выраженной спецроли: in=1, out=0, оборот 11k KZT.",1,0,11075.0,0.0,1,0,0.00028676005666009854,0.0,7,0.0,1,False,False
100000006579678100,distributor,0.8737595047077675,2,0.8080234351725183,"Распределение: 6 получателей, 15 переводов, выход 1.7m KZT.",2,6,192930.0,1668800.0,2,15,0.0006256438748763364,9.389886680801525e-05,7,8.649769346395066,1,False,False
100000002988894100,coordinator,0.7632997593789244,3,0.7808858636630682,"Структурный кандидат: degree=4, seed-маршрутов 10, betweenness=0.0001.",1,3,306121.0,77500.0,1,3,0.0003468658715569931,5.3428317008014244e-05,10,0.25316786499456095,1,False,False
100000008749406100,peripheral,0.7232909155877049,4,0.14965188469709245,"Нет выраженной спецроли: in=1, out=0, оборот 17k KZT.",1,0,17144.0,0.0,1,0,0.0002891676190013754,0.0,1,0.0,1,False,False
100000005584222100,consolidator,0.7573632288840206,1,0.6783020709896014,"Консолидация: 2 плательщиков, 7 seed-маршрутов, вход 193k KZT.",2,2,192717.0,108587.0,6,3,0.0008759174247919279,2.6714158504007122e-05,7,0.5634531463233653,1,False,False
100000003239859100,peripheral,0.714723372523335,12,0.1524860562335781,"Нет выраженной спецроли: in=1, out=0, оборот 19k KZT.",1,0,18600.0,0.0,1,0,0.0002886560582178524,0.0,1,0.0,1,False,False
100000003980083100,peripheral,0.665459999903208,69,0.25084263905611154,"Нет выраженной спецроли: in=1, out=0, оборот 30k KZT.",1,0,30000.0,0.0,1,0,0.0005285862410602082,0.0,1,0.0,1,False,False
100000004351795100,distributor,0.94669281463909,1,0.8336650638942613,"Распределение: 14 получателей, 37 переводов, выход 1.7m KZT.",3,14,118333.0,1715161.0,3,37,0.0003135156057452154,0.0019558020335931534,7,14.494359139039828,1,False,False
100000002666248100,terminal,0.5315418984297112,3,0.45252195123627215,"Наблюдаемый сток: 1 плательщиков, вход 70k KZT, depth=1<4, исходящих нет.",1,0,70032.0,0.0,1,0,0.0002995922521465216,0.0,10,0.0,1,False,False
100000005877725100,peripheral,0.5933498457780947,4,0.25716053168710107,"Нет выраженной спецроли: in=1, out=0, оборот 70k KZT.",1,0,70000.0,0.0,1,0,0.0003002614742736321,0.0,1,0.0,1,False,False
100000001697501100,distributor,0.9494457120533566,4,0.7647248937423086,"Распределение: 38 получателей, 55 переводов, выход 1.5m KZT.",3,38,123700.0,1482606.0,3,55,0.0005916045492534869,0.00022187344576906699,1,11.98549717057397,1,False,False
100000006972210100,terminal,0.9074937972465905,19,0.625110195119496,"Наблюдаемый сток: 3 плательщиков, вход 489k KZT, depth=1<4, исходящих нет.",3,0,488775.0,0.0,4,0,0.000346296000353762,0.0,8,0.0,1,False,False
100000008749618100,peripheral,0.6276993471380221,4,0.22758443839594497,"Нет выраженной спецроли: in=1, out=0, оборот 47k KZT.",1,0,47280.0,0.0,1,0,0.00029549281240391677,0.0,1,0.0,1,False,False
100000008671026100,peripheral,0.6926698820428272,4,0.17327892957933885,"Нет выраженной спецроли: in=1, out=0, оборот 24k KZT.",1,0,23534.0,0.0,1,0,0.0002905088051522328,0.0,1,0.0,1,False,False
100000001696818100,peripheral,0.6111195647264174,3,0.24288103427688607,"Нет выраженной спецроли: in=1, out=0, оборот 54k KZT.",1,0,53550.0,0.0,1,0,0.00029883692688634147,0.0,1,0.0,1,False,False
100000008679986100,peripheral,0.7136127650890648,4,0.15705925658028885,"Нет выраженной спецроли: in=1, out=0, оборот 19k KZT.",1,0,19000.0,0.0,1,0,0.00028955717166115493,0.0,1,0.0,1,False,False
100000003616818100,distributor,0.6073487031700289,26,0.42135087741891675,"Распределение: 3 получателей, 8 переводов, выход 240k KZT.",3,3,78000.0,240100.0,4,8,0.0005130034108689024,0.0,1,3.0782051282051284,1,False,False
100000004156082100,distributor,0.9646453179936928,2,0.885970419530992,"Распределение: 26 получателей, 29 переводов, выход 2.3m KZT.",5,26,377366.11,2319556.0,7,29,0.0008669668928480434,0.002707799128608638,7,6.146699288921308,1,False,False
100000008667058100,peripheral,0.7199590932848943,4,0.15196191216083196,"Нет выраженной спецроли: in=1, out=0, оборот 18k KZT.",1,0,17534.0,0.0,1,0,0.00028924947543311784,0.0,1,0.0,1,False,False
100000008628231100,coordinator,0.6593150948493753,67,0.7112661171420337,"Структурный кандидат: degree=3, seed-маршрутов 10, betweenness=0.0000.",1,2,50000.0,627870.0,1,19,0.00029558111590539824,3.561887800534283e-05,10,12.5574,1,False,False
100000008749063100,peripheral,0.7136127650890648,4,0.15705925658028885,"Нет выраженной спецроли: in=1, out=0, оборот 19k KZT.",1,0,19000.0,0.0,1,0,0.00028955717166115493,0.0,1,0.0,1,False,False
100000004494983100,peripheral,0.6524500271017575,4,0.2057084101574527,"Нет выраженной спецроли: in=1, out=0, оборот 35k KZT.",1,0,35000.0,0.0,1,0,0.0002929153842454615,0.0,1,0.0,1,False,False
100000007648946100,transit,0.6227195731678749,15,0.3815720305320264,"Транзит: вход 20k, выход 25k KZT, коэффициент 1.28.",1,1,19550.0,25000.0,1,1,0.0002892378990904645,2.4266507517433135e-06,7,1.278772378516624,1,False,False
100000003037660100,terminal,0.5113129773055045,3,0.4341944235651073,"Наблюдаемый сток: 1 плательщиков, вход 53k KZT, depth=1<4, исходящих нет.",1,0,53000.0,0.0,1,0,0.0002961818252066847,0.0,10,0.0,1,False,False
100000002679516100,consolidator,0.8324560685351823,12,0.5847872256804685,"Консолидация: 3 плательщиков, 10 seed-маршрутов, вход 102k KZT.",3,0,102335.0,0.0,3,0,0.00032682549707084964,0.0,10,0.0,1,False,False
100000005588444100,peripheral,0.7463756844000349,6,0.1240866659209652,"Нет выраженной спецроли: in=1, out=0, оборот 12k KZT.",1,0,12300.0,0.0,1,0,0.00028627460375392564,0.0,1,0.0,1,False,False
100000001307612100,peripheral,0.6461036989059279,4,0.21204501974696655,"Нет выраженной спецроли: in=1, out=0, оборот 38k KZT.",1,0,38483.0,0.0,1,0,0.00029364642514740773,0.0,1,0.0,1,False,False
100000003001564100,peripheral,0.7452081680566329,2,0.37461287933747467,"Нет выраженной спецроли: in=1, out=1, оборот 204k KZT.",1,1,23520.0,180000.0,1,1,0.00028809811883623776,1.3357079252003561e-05,7,7.653061224489796,1,False,False
100000002762076100,consolidator,0.580892393924044,6,0.3865870089114335,"Консолидация: 2 плательщиков, 2 seed-маршрутов, вход 140k KZT.",2,1,140350.0,30000.0,2,1,0.00029914566971164536,1.4841199168892846e-06,2,0.21375133594584966,1,False,False
100000005514161100,consolidator,0.9300923072952123,6,0.819575987558013,"Консолидация: 4 плательщиков, 9 seed-маршрутов, вход 402k KZT.",4,1,401500.0,50000.0,7,1,0.0008061423847001054,2.968239833778569e-05,9,0.12453300124533001,1,False,False
100000008746673100,peripheral,0.6116748684435525,4,0.23989295816918735,"Нет выраженной спецроли: in=1, out=0, оборот 53k KZT.",1,0,53048.0,0.0,1,0,0.0002967034480405593,0.0,1,0.0,1,False,False
100000003265158100,consolidator,0.8466732592767058,12,0.8311170009792906,"Консолидация: 3 плательщиков, 9 seed-маршрутов, вход 146k KZT.",3,2,146100.4,154200.0,3,4,0.0003846709844220265,0.00013401751757863105,9,1.055438588806054,1,False,False
100000001567366100,terminal,0.7183447742810775,2,0.5068850517148501,"Наблюдаемый сток: 1 плательщиков, вход 824k KZT, depth=1<4, исходящих нет.",1,0,824070.0,0.0,4,0,0.00037417169658699974,0.0,7,0.0,1,False,False
100000008777088100,peripheral,0.7167859291869796,4,0.15454423174606513,"Нет выраженной спецроли: in=1, out=0, оборот 18k KZT.",1,0,18000.0,0.0,1,0,0.00028934728337463573,0.0,1,0.0,1,False,False
100000002589019100,peripheral,0.6535606345360276,12,0.20107875166999295,"Нет выраженной спецроли: in=1, out=0, оборот 35k KZT.",1,0,34710.0,0.0,1,0,0.0002913295941344678,0.0,1,0.0,1,False,False
100000008666075100,peripheral,0.6756141250165353,4,0.18545745599099628,"Нет выраженной спецроли: in=1, out=0, оборот 26k KZT.",1,0,26217.0,0.0,1,0,0.0002910719354249637,0.0,1,0.0,1,False,False
100000008137435100,distributor,0.8491449301619834,24,0.7742542175802892,"Распределение: 6 получателей, 7 переводов, выход 1.4m KZT.",2,6,93906.0,1419700.0,2,7,0.0003142779777322604,0.0001667773552089631,7,15.118309799160864,1,False,False
100000004403675100,coordinator,0.8441946185867159,21,0.8171776726504474,"Структурный кандидат: degree=9, seed-маршрутов 7, betweenness=0.0005.",4,5,182980.0,264699.0,8,6,0.0007400733271266653,0.0005194382680162006,7,1.4466007213903158,1,False,False
100000004677680100,consolidator,0.8036760993150354,13,0.7405728737216228,"Консолидация: 2 плательщиков, 8 seed-маршрутов, вход 63k KZT.",2,1,63000.0,168000.0,2,3,0.0010928341745650807,2.6714158504007122e-05,8,2.6666666666666665,1,False,False
100000005958064100,peripheral,0.7994942793719058,16,0.41208939318759874,"Нет выраженной спецроли: in=1, out=2, оборот 170k KZT.",1,2,5746.0,163986.84,1,3,0.000286187092952855,1.7809439002671416e-05,7,28.539303863557258,1,False,False
100000002881669100,peripheral,0.714723372523335,12,0.1524860562335781,"Нет выраженной спецроли: in=1, out=0, оборот 19k KZT.",1,0,18600.0,0.0,1,0,0.0002886560582178524,0.0,1,0.0,1,False,False
100000002938501100,transit,0.5403790939551898,2,0.3236596961385322,"Транзит: вход 8k, выход 5k KZT, коэффициент 0.60.",1,1,8395.0,5000.0,1,1,0.00028647190827664715,1.2329987153650274e-05,7,0.5955926146515783,1,False,False
100000006734554100,transit,0.5621846092533402,30,0.3071828037648421,"Транзит: вход 16k, выход 25k KZT, коэффициент 1.52.",1,1,16500.0,25000.0,1,1,0.0003119416985243868,0.0,1,1.5151515151515151,1,False,False
100000008003034100,distributor,0.7192835870752959,15,0.6656901641648663,"Распределение: 4 получателей, 4 переводов, выход 135k KZT.",1,4,12201.0,135000.0,1,4,0.00028688112198836955,0.0005165983153922496,7,11.064666830587656,1,False,False
100000003970394100,peripheral,0.5796259110546134,12,0.26535459473746026,"Нет выраженной спецроли: in=1, out=0, оборот 85k KZT.",1,0,85000.0,0.0,1,0,0.00029967547378974946,0.0,1,0.0,1,False,False
100000003205210100,terminal,0.5783460688739542,3,0.4961050196827697,"Наблюдаемый сток: 1 плательщиков, вход 138k KZT, depth=1<4, исходящих нет.",1,0,137563.0,0.0,1,0,0.0003131144187549131,0.0,10,0.0,1,False,False
100000004559194100,terminal,0.6847092348431809,2,0.46154811236818116,"Наблюдаемый сток: 1 плательщиков, вход 282k KZT, depth=1<4, исходящих нет.",1,0,282145.0,0.0,6,0,0.0003159049754295683,0.0,7,0.0,1,False,False
100000008173359100,peripheral,0.717194663615568,2,0.20153226860705956,"Нет выраженной спецроли: in=1, out=0, оборот 6k KZT.",1,0,6110.0,0.0,1,0,0.00028622622952433876,0.0,7,0.0,1,False,False
100000007953156100,transit,0.5471017672928151,16,0.5522963573925948,"Транзит: вход 18k, выход 10k KZT, коэффициент 0.56.",1,1,18000.0,10000.0,1,1,0.0004778416683076007,1.4841199168892845e-05,8,0.5555555555555556,2,False,False
100000002224132100,consolidator,0.7773204266590954,25,0.5719916358120111,"Консолидация: 5 плательщиков, 2 seed-маршрутов, вход 4.0m KZT.",5,4,3951020.0,12115000.0,10,25,0.0059957331954744305,8.904719501335708e-06,2,3.0662968043695047,2,False,False
100000008547844100,distributor,0.9490707608861814,11,0.9009464815960423,"Распределение: 19 получателей, 21 переводов, выход 2.0m KZT.",3,19,177600.0,2042199.0,3,21,0.0003443380521779434,0.0009872280023660255,8,11.498868243243244,2,False,False
100000002635780100,terminal,0.5830145583220141,6,0.528570487695532,"Наблюдаемый сток: 1 плательщиков, вход 163k KZT, depth=2<4, исходящих нет.",1,0,163000.02,0.0,1,0,0.0005553850086577911,0.0,9,0.0,2,False,False
100000001279875100,peripheral,0.6240502084254202,14,0.24114155047862554,"Нет выраженной спецроли: in=1, out=0, оборот 49k KZT.",1,0,49235.0,0.0,1,0,0.0003032727428264067,0.0,1,0.0,2,False,False
100000001961048100,terminal,0.5223792257769977,31,0.39439196665365345,"Наблюдаемый сток: 1 плательщиков, вход 150k KZT, depth=2<4, исходящих нет.",1,0,150000.0,0.0,1,0,0.00030430933928482544,0.0,7,0.0,2,False,False
100000000993112100,terminal,0.56283151256844,34,0.4928451450651833,"Наблюдаемый сток: 1 плательщиков, вход 141k KZT, depth=2<4, исходящих нет.",1,0,141000.0,0.0,1,0,0.00044111482764995627,0.0,8,0.0,2,False,False
100000005547096100,peripheral,0.8405910336287259,48,0.31831789162847707,"Нет выраженной спецроли: in=1, out=2, оборот 234k KZT.",1,2,8000.0,226300.0,1,3,0.0008920567423173903,1.4841199168892846e-06,1,28.2875,2,False,False
100000000331309100,distributor,0.9976749913657903,5,0.899946670612624,"Распределение: 99 получателей, 126 переводов, выход 23.0m KZT.",5,99,984635.0,23001375.0,8,126,0.000875689903807376,0.004302949947614655,7,23.360306103276848,2,False,False
100000006684930100,peripheral,0.6356838495303976,15,0.3449148982957126,"Нет выраженной спецроли: in=1, out=0, оборот 10k KZT.",1,0,10000.0,0.0,1,0,0.0002987343713958286,0.0,10,0.0,2,False,False
100000004479404100,consolidator,0.798982091061905,44,0.7674082145035739,"Консолидация: 2 плательщиков, 7 seed-маршрутов, вход 1.5m KZT.",2,1,1492000.0,300000.0,8,2,0.0008667096306509939,6.67853962600178e-05,7,0.20107238605898123,2,False,False
100000004134060100,terminal,0.5278473783889296,22,0.45314370566829665,"Наблюдаемый сток: 1 плательщиков, вход 88k KZT, depth=2<4, исходящих нет.",1,0,88179.0,0.0,1,0,0.0003280105841798639,0.0,8,0.0,2,False,False
100000001083990100,terminal,0.5635454744904708,12,0.46397804754283634,"Наблюдаемый сток: 1 плательщиков, вход 50k KZT, depth=2<4, исходящих нет.",1,0,49900.0,0.0,2,0,0.0005021137973799181,0.0,8,0.0,2,False,False
100000004573782100,peripheral,0.7346349772377502,6,0.17598092941878749,"Нет выраженной спецроли: in=1, out=0, оборот 15k KZT.",1,0,15000.0,0.0,1,0,0.0003098970169286297,0.0,1,0.0,2,False,False
100000005660203100,coordinator,0.6688747298792956,2,0.6382659699181513,"Структурный кандидат: degree=3, seed-маршрутов 7, betweenness=0.0000.",1,2,572899.0,41000.0,12,5,0.0009492504038791965,1.4841199168892845e-05,7,0.07156584319400104,2,False,False
100000008771627100,peripheral,0.7257501177635888,4,0.15545819482784118,"Нет выраженной спецроли: in=1, out=0, оборот 16k KZT.",1,0,16500.0,0.0,1,0,0.0002911733098421886,0.0,1,0.0,2,False,False
100000000031787100,transit,0.6773387056554102,6,0.41940260010205943,"Транзит: вход 90k, выход 90k KZT, коэффициент 1.00.",1,2,90000.0,90000.0,2,4,0.0004315356304853241,1.4841199168892846e-06,1,1.0,2,False,False
100000001346560100,consolidator,0.7472635492655102,3,0.675482406671924,"Консолидация: 2 плательщиков, 11 seed-маршрутов, вход 10k KZT.",2,1,10000.0,22200.0,2,1,0.0005866163489075493,1.92935589195607e-05,11,2.22,2,False,False
100000001703168100,transit,0.5119309732312379,3,0.4737017461233309,"Транзит: вход 45k, выход 90k KZT, коэффициент 2.00.",1,1,45000.0,90000.0,1,1,0.00029266343176030765,1.3401751757863106e-05,7,2.0,2,False,False
100000004904960100,consolidator,0.8024556128062256,1,0.5679755897373376,"Консолидация: 2 плательщиков, 10 seed-маршрутов, вход 32k KZT.",2,0,32000.0,0.0,2,0,0.0007779174826823424,0.0,10,0.0,2,False,False
100000004467157100,peripheral,0.7180504606993164,1,0.32381566107371607,"Нет выраженной спецроли: in=1, out=1, оборот 27k KZT.",1,1,20000.0,7000.0,3,1,0.0003865607584834249,0.0,7,0.35,2,False,False
100000008346837100,distributor,0.9487031700288185,15,0.8720768819956527,"Распределение: 25 получателей, 26 переводов, выход 1.3m KZT.",9,25,254359.0,1258643.0,12,26,0.0005474079827287936,0.005439245936776404,7,4.948293553599441,2,False,False
100000006385877100,transit,0.5724764141077837,19,0.3864369862089651,"Транзит: вход 54k, выход 37k KZT, коэффициент 0.68.",1,1,53706.62,36602.93,5,5,0.0020942975539589266,0.0,1,0.6815347903107661,2,False,False
100000002459093100,peripheral,0.8203631123919308,6,0.30697827206414735,"Нет выраженной спецроли: in=1, out=1, оборот 555k KZT.",1,1,500000.0,55000.0,2,3,0.00038924998698062655,0.0,1,0.11,2,False,False
100000005053653100,consolidator,0.646827259367045,15,0.4943491996362989,"Консолидация: 2 плательщиков, 7 seed-маршрутов, вход 63k KZT.",2,1,63073.0,25000.0,2,1,0.0003136008584320485,1.3357079252003561e-05,7,0.3963661154535221,2,False,False
100000001557930100,peripheral,0.6537192927409233,6,0.20306253969872046,"Нет выраженной спецроли: in=1, out=0, оборот 35k KZT.",1,0,34610.0,0.0,1,0,0.0002921289541275454,0.0,1,0.0,2,False,False
100000002820010100,peripheral,0.665459999903208,6,0.19288000560415425,"Нет выраженной спецроли: in=1, out=0, оборот 30k KZT.",1,0,30000.0,0.0,1,0,0.00029125521728309953,0.0,1,0.0,2,False,False
100000000769919100,terminal,0.4962920399879978,61,0.3708940514611033,"Наблюдаемый сток: 1 плательщиков, вход 250k KZT, depth=2<4, исходящих нет.",1,0,250000.0,0.0,1,0,0.0007354469638244255,0.0,1,0.0,2,False,False
100000003188607100,peripheral,0.6730202134450728,6,0.23547708149355664,"Нет выраженной спецроли: in=1, out=1, оборот 23k KZT.",1,1,18000.0,5000.0,1,1,0.0003147625614708975,1.4841199168892846e-06,1,0.2777777777777778,2,False,False
100000002836052100,peripheral,0.6063209202982485,3,0.3758975219454778,"Нет выраженной спецроли: in=1, out=0, оборот 15k KZT.",1,0,15000.0,0.0,1,0,0.0003056660501463524,0.0,11,0.0,2,False,False
100000001102676100,transit,0.7076368876080692,3,0.515044630436237,"Транзит: вход 50k, выход 50k KZT, коэффициент 1.00.",1,1,50000.0,50000.0,1,1,0.0003130309543986752,0.0,8,1.0,2,False,False
100000003390036100,consolidator,0.9037347592944509,13,0.8565306413477259,"Консолидация: 2 плательщиков, 11 seed-маршрутов, вход 231k KZT.",2,2,231300.0,62000.0,4,2,0.0013242239371446286,5.7880676758682096e-05,11,0.2680501513186338,2,False,False
100000008335401100,terminal,0.6806800161642624,8,0.5492696553536724,"Наблюдаемый сток: 1 плательщиков, вход 150k KZT, depth=2<4, исходящих нет.",1,0,150000.0,0.0,3,0,0.0005512278448300623,0.0,9,0.0,2,False,False
100000006994985100,peripheral,0.7199108155725344,6,0.4127720651232995,"Нет выраженной спецроли: in=1, out=1, оборот 59k KZT.",1,1,48500.0,10200.0,2,2,0.0005013304862324077,1.3357079252003561e-05,7,0.21030927835051547,2,False,False
100000008356606100,terminal,0.7487391532475325,15,0.5208321039458189,"Наблюдаемый сток: 2 плательщиков, вход 168k KZT, depth=2<4, исходящих нет.",2,0,168500.0,0.0,2,0,0.0006267853006401152,0.0,7,0.0,2,False,False
100000007930878100,peripheral,0.7889754124145407,43,0.17308209536918112,"Нет выраженной спецроли: in=1, out=0, оборот 5k KZT.",1,0,5000.0,0.0,1,0,0.00048363772579278913,0.0,1,0.0,2,False,False
100000008389800100,distributor,0.8170429389150903,2,0.769338618639856,"Распределение: 7 получателей, 8 переводов, выход 402k KZT.",3,7,189000.0,401620.0,3,8,0.0005050963840560336,9.349955476402493e-05,7,2.124973544973545,2,False,False
100000005474472100,peripheral,0.565188014409101,25,0.3216204154404629,"Нет выраженной спецроли: in=1, out=0, оборот 100k KZT.",1,0,100000.0,0.0,1,0,0.0005449540086863332,0.0,1,0.0,2,False,False
100000004486525100,consolidator,0.8255172926957538,1,0.6135885351095215,"Консолидация: 8 плательщиков, 7 seed-маршрутов, вход 361k KZT.",8,2,360924.0,271045.0,21,3,0.0008057988481996705,1.0388839418224992e-05,7,0.7509752745730403,2,False,False
100000003031890100,terminal,0.614934379063247,26,0.37369325383767105,"Наблюдаемый сток: 1 плательщиков, вход 215k KZT, depth=2<4, исходящих нет.",1,0,215000.0,0.0,10,0,0.00039212223001592824,0.0,1,0.0,2,False,False
100000008624978100,terminal,0.5471243502837618,22,0.46847068873578623,"Наблюдаемый сток: 1 плательщиков, вход 109k KZT, depth=2<4, исходящих нет.",1,0,109000.0,0.0,1,0,0.00033803190556376176,0.0,8,0.0,2,False,False
100000000790311100,peripheral,0.5702771658821137,2,0.3291172203623315,"Нет выраженной спецроли: in=1, out=0, оборот 46k KZT.",1,0,46300.0,0.0,1,0,0.000300299219066313,0.0,7,0.0,2,False,False
100000008546855100,consolidator,0.7697339510813279,20,0.6803366194975703,"Консолидация: 6 плательщиков, 7 seed-маршрутов, вход 72k KZT.",6,2,71790.0,10000.0,8,2,0.0014269758891576917,4.007123775601068e-05,7,0.1392951664577239,2,False,False
100000002863356100,peripheral,0.5487380957238783,4,0.3013216419637068,"Нет выраженной спецроли: in=1, out=1, оборот 65k KZT.",1,1,45000.0,20000.0,1,1,0.0003008529731942847,2.968239833778569e-06,1,0.4444444444444444,2,False,False
100000000332284100,coordinator,0.7854608921534018,5,0.7515287987623624,"Структурный кандидат: degree=13, seed-маршрутов 7, betweenness=0.0001.",10,3,107426.0,289500.0,12,3,0.0007170946224349073,7.044269176949497e-05,7,2.69487833485376,2,False,False
100000002605308100,terminal,0.9676138031831658,16,0.721701734180933,"Наблюдаемый сток: 3 плательщиков, вход 2.6m KZT, depth=2<4, исходящих нет.",3,0,2569521.84,0.0,7,0,0.0008849814697633089,0.0,11,0.0,2,False,False
100000005931985100,peripheral,0.5865275429675779,14,0.27217418323881754,"Нет выраженной спецроли: in=1, out=0, оборот 76k KZT.",1,0,76000.0,0.0,1,0,0.00031289664456344305,0.0,1,0.0,2,False,False
100000001166289100,consolidator,0.6788302607253591,4,0.4709120454311685,"Консолидация: 2 плательщиков, 1 seed-маршрутов, вход 721k KZT.",2,1,721039.0,25000.0,10,1,0.0020021280906723886,0.0,1,0.0346721883282319,2,False,False
100000008477350100,distributor,0.9776075312954712,1,0.8860524192373108,"Распределение: 39 получателей, 44 переводов, выход 3.4m KZT.",11,39,610100.0,3374866.0,14,44,0.0010342350786611242,0.001045014629642875,7,5.531660383543682,2,False,False
100000003824464100,terminal,0.5430841215158917,24,0.42125335532880126,"Наблюдаемый сток: 1 плательщиков, вход 200k KZT, depth=2<4, исходящих нет.",1,0,200000.0,0.0,1,0,0.000323247651083571,0.0,7,0.0,2,False,False
100000002738256100,transit,0.6508086381280155,52,0.42104682839872193,"Транзит: вход 150k, выход 175k KZT, коэффициент 1.17.",1,1,150200.0,175000.0,1,1,0.0005073102992973039,0.0,1,1.1651131824234353,2,False,False
100000001857829100,distributor,0.9436998578894028,9,0.8723145531291839,"Распределение: 16 получателей, 16 переводов, выход 2.4m KZT.",6,16,888535.0,2390993.0,9,16,0.0006204790252521136,0.0013393512560154592,7,2.690938454872346,2,False,False
100000008672762100,peripheral,0.743837153121703,4,0.1399097060821421,"Нет выраженной спецроли: in=1, out=0, оборот 13k KZT.",1,0,13000.0,0.0,1,0,0.0002899845792550891,0.0,1,0.0,2,False,False
100000001737722100,terminal,0.5030966984251943,3,0.4331240306769557,"Наблюдаемый сток: 1 плательщиков, вход 60k KZT, depth=2<4, исходящих нет.",1,0,60460.0,0.0,1,0,0.0003187759337086208,0.0,8,0.0,2,False,False
100000005572303100,peripheral,0.6348163115976854,2,0.49498916835817064,"Нет выраженной спецроли: in=1, out=1, оборот 95k KZT.",1,1,75000.0,20000.0,1,1,0.0003132762393993454,2.6714158504007122e-05,7,0.26666666666666666,2,False,False
100000008733049100,peripheral,0.6984729954378708,2,0.22141067231706488,"Нет выраженной спецроли: in=1, out=0, оборот 10k KZT.",1,0,10000.0,0.0,1,0,0.0002887507034719393,0.0,7,0.0,2,False,False
100000000850297100,transit,0.7076368876080692,8,0.3179597085316758,"Транзит: вход 18k, выход 18k KZT, коэффициент 1.00.",1,1,17520.0,17520.0,1,1,0.0002939168313087527,0.0,1,1.0,2,False,False
100000005140601100,consolidator,0.7418032509203305,9,0.6026771714752452,"Консолидация: 3 плательщиков, 7 seed-маршрутов, вход 53k KZT.",3,2,52685.0,195300.0,4,5,0.002705731454703331,1.3357079252003561e-05,7,3.706937458479643,2,False,False
100000004410489100,peripheral,0.5493342828358763,1,0.3546614073304307,"Нет выраженной спецроли: in=1, out=0, оборот 54k KZT.",1,0,54000.0,0.0,1,0,0.0003142199106141309,0.0,7,0.0,2,False,False
100000006852430100,peripheral,0.5202488441423101,13,0.46823159162076905,"Нет выраженной спецроли: in=1, out=0, оборот 37k KZT.",1,0,37000.0,0.0,1,0,0.0005362020040442948,0.0,11,0.0,2,False,False
100000003166755100,peripheral,0.627870094259267,3,0.26803984054049834,"Нет выраженной спецроли: in=1, out=0, оборот 24k KZT.",1,0,24010.0,0.0,1,0,0.0002893544107152427,0.0,7,0.0,2,False,False
100000008258083100,consolidator,0.8037414339088155,31,0.7673347533396393,"Консолидация: 2 плательщиков, 7 seed-маршрутов, вход 3.1m KZT.",2,2,3149500.0,2045650.0,13,6,0.0010500443938968613,5.3428317008014244e-05,7,0.6495157961581204,2,False,False
100000003054328100,transit,0.5587856433151156,14,0.38533733944844617,"Транзит: вход 140k, выход 194k KZT, коэффициент 1.38.",1,2,140000.0,193720.0,1,2,0.00033590915011809754,0.0,1,1.3837142857142857,2,False,False
100000008473207100,terminal,0.7253767224941359,3,0.5877510719892103,"Наблюдаемый сток: 1 плательщиков, вход 202k KZT, depth=2<4, исходящих нет.",1,0,202000.0,0.0,4,0,0.0005562056073953194,0.0,11,0.0,2,False,False
100000008104567100,coordinator,0.7807434973414286,8,0.7423915007996053,"Структурный кандидат: degree=6, seed-маршрутов 7, betweenness=0.0004.",3,3,53550.0,40000.0,3,4,0.0005380423675699459,0.00036803700405659446,7,0.7469654528478058,2,False,False
100000002721825100,peripheral,0.6904607560906361,1,0.29525815315558346,"Нет выраженной спецроли: in=1, out=0, оборот 11k KZT.",1,0,11000.0,0.0,1,0,0.0005314143750831583,0.0,7,0.0,2,False,False
100000003509750100,transit,0.7794729543406052,6,0.46569634320414166,"Транзит: вход 82k, выход 78k KZT, коэффициент 0.95.",3,3,82290.0,78400.0,4,5,0.001687048026555684,0.0,1,0.9527281565196257,2,False,False
100000007322059100,consolidator,0.7563808506725429,34,0.6795433671318557,"Консолидация: 2 плательщиков, 8 seed-маршрутов, вход 29k KZT.",2,1,29000.0,22500.0,2,2,0.0006801571631888191,2.6714158504007122e-05,8,0.7758620689655172,2,False,False
100000004441291100,peripheral,0.5838819456319388,3,0.4257532051761002,"Нет выраженной спецроли: in=1, out=0, оборот 20k KZT.",1,0,20000.0,0.0,1,0,0.000548843069567571,0.0,10,0.0,2,False,False
100000006122699100,consolidator,0.6599654412262901,12,0.43816081136341145,"Консолидация: 2 плательщиков, 7 seed-маршрутов, вход 46k KZT.",2,0,45865.0,0.0,2,0,0.0004047064849586192,0.0,7,0.0,2,False,False
100000008254069100,coordinator,0.7289433337771377,21,0.722795423848325,"Структурный кандидат: degree=6, seed-маршрутов 8, betweenness=0.0001.",1,5,10200.0,107500.0,2,6,0.0003424861412375226,5.6891263480755905e-05,8,10.53921568627451,2,False,False
100000003336565100,peripheral,0.7252741431489016,4,0.1558788773163319,"Нет выраженной спецроли: in=1, out=0, оборот 17k KZT.",1,0,16550.0,0.0,1,0,0.0002911902917077186,0.0,1,0.0,2,False,False
100000002492277100,terminal,0.516112226683616,3,0.3925800460570131,"Наблюдаемый сток: 1 плательщиков, вход 138k KZT, depth=2<4, исходящих нет.",1,0,138500.0,0.0,1,0,0.00030740347309968685,0.0,7,0.0,2,False,False
100000001339466100,peripheral,0.5496237009708237,3,0.3979956639671436,"Нет выраженной спецроли: in=1, out=0, оборот 30k KZT.",1,0,30000.0,0.0,1,0,0.0003039018745217943,0.0,9,0.0,2,False,False
100000005022964100,peripheral,0.5838819456319388,3,0.3979951980586625,"Нет выраженной спецроли: in=1, out=0, оборот 20k KZT.",1,0,20000.0,0.0,1,0,0.0003273647858899897,0.0,10,0.0,2,False,False
100000003112436100,terminal,0.4955659891496178,2,0.37484272415932407,"Наблюдаемый сток: 1 плательщиков, вход 100k KZT, depth=2<4, исходящих нет.",1,0,100000.0,0.0,1,0,0.0003021326407143058,0.0,7,0.0,2,False,False
100000000489417100,consolidator,0.7336259207338124,15,0.5406608687159596,"Консолидация: 3 плательщиков, 7 seed-маршрутов, вход 74k KZT.",3,1,73504.0,80000.0,3,1,0.0005517574141078733,6.65412975894768e-06,7,1.0883761427949499,2,False,False
100000002217161100,distributor,0.8746533577167187,35,0.8131617568348352,"Распределение: 7 получателей, 19 переводов, выход 995k KZT.",2,7,404750.0,995132.0,15,19,0.0008915694561715996,0.00010685663401602849,7,2.4586337245213095,2,False,False
100000002469065100,terminal,0.5430841215158917,2,0.4189624300618973,"Наблюдаемый сток: 1 плательщиков, вход 200k KZT, depth=2<4, исходящих нет.",1,0,200000.0,0.0,1,0,0.0003186959872113208,0.0,7,0.0,2,False,False
100000007337374100,peripheral,0.6258747777817212,4,0.19012154518135924,"Нет выраженной спецроли: in=1, out=0, оборот 20k KZT.",1,0,20000.0,0.0,2,0,0.0002923620404292881,0.0,1,0.0,2,False,False
100000003249054100,consolidator,0.7478149813030138,3,0.6473672146303452,"Консолидация: 7 плательщиков, 7 seed-маршрутов, вход 100k KZT.",7,1,99700.0,15000.0,11,1,0.0004314632286065654,2.968239833778569e-05,7,0.15045135406218657,2,False,False
100000003024542100,peripheral,0.6458379746437248,3,0.35607066923547326,"Нет выраженной спецроли: in=1, out=0, оборот 8k KZT.",1,0,8500.0,0.0,1,0,0.00031794749343884253,0.0,10,0.0,2,False,False
100000002718366100,terminal,0.9756709499811256,10,0.7089584336566866,"Наблюдаемый сток: 6 плательщиков, вход 2.5m KZT, depth=2<4, исходящих нет.",6,0,2525000.0,0.0,10,0,0.0006811994866182293,0.0,9,0.0,2,False,False
100000005059998100,peripheral,0.6560319256282607,1,0.2680868251624352,"Нет выраженной спецроли: in=1, out=0, оборот 18k KZT.",1,0,18000.0,0.0,1,0,0.0002959172747769893,0.0,7,0.0,2,False,False
100000004071070100,consolidator,0.6931778585094679,1,0.4783268427424434,"Консолидация: 2 плательщиков, 7 seed-маршрутов, вход 41k KZT.",2,1,41000.0,6000.0,5,1,0.0011875923340219298,0.0,7,0.14634146341463414,2,False,False
100000001584286100,terminal,0.8867775687787754,14,0.6156543889377237,"Наблюдаемый сток: 2 плательщиков, вход 739k KZT, depth=2<4, исходящих нет.",2,0,738699.0,0.0,3,0,0.00032848499407064284,0.0,8,0.0,2,False,False
100000008701256100,peripheral,0.5442572202792126,33,0.3499195872969125,"Нет выраженной спецроли: in=1, out=0, оборот 58k KZT.",1,0,58250.0,0.0,1,0,0.0003037426349007179,0.0,7,0.0,2,False,False
100000001490461100,peripheral,0.6628515619707407,8,0.4883825857449595,"Нет выраженной спецроли: in=1, out=1, оборот 25k KZT.",1,1,20000.0,5000.0,1,1,0.00032099043429899374,1.4841199168892845e-05,9,0.25,2,False,False
100000008531186100,terminal,0.5654828266810349,3,0.4963333353325541,"Наблюдаемый сток: 1 плательщиков, вход 125k KZT, depth=2<4, исходящих нет.",1,0,125000.0,0.0,1,0,0.0003619550454860551,0.0,9,0.0,2,False,False
100000004765639100,peripheral,0.5812750616619038,1,0.3409125728639817,"Нет выраженной спецроли: in=1, out=2, оборот 16k KZT.",1,2,5000.0,11000.0,1,2,0.00036185625061452016,0.0,7,2.2,2,False,False
100000002983879100,consolidator,0.8258799803512258,3,0.5937648778129325,"Консолидация: 2 плательщиков, 9 seed-маршрутов, вход 200k KZT.",2,0,200050.0,0.0,2,0,0.0003580797764870863,0.0,9,0.0,2,False,False
100000008734364100,peripheral,0.6764867451434619,4,0.19354355705291215,"Нет выраженной спецроли: in=1, out=0, оборот 26k KZT.",1,0,26200.0,0.0,1,0,0.0002944677917550073,0.0,1,0.0,2,False,False
100000003192220100,terminal,0.5389590081886024,2,0.4068309304476909,"Наблюдаемый сток: 1 плательщиков, вход 60k KZT, depth=2<4, исходящих нет.",1,0,60000.0,0.0,2,0,0.0005031715963348392,0.0,7,0.0,2,False,False
100000008060273100,peripheral,0.5493626247406782,3,0.3731678023579111,"Нет выраженной спецроли: in=1, out=0, оборот 10k KZT.",1,0,10000.0,0.0,2,0,0.0002989671315033319,0.0,11,0.0,2,False,False
100000008205937100,terminal,0.574311617378034,15,0.45977426611725825,"Наблюдаемый сток: 1 плательщиков, вход 35k KZT, depth=2<4, исходящих нет.",1,0,35000.0,0.0,3,0,0.00033164706434217267,0.0,10,0.0,2,False,False
100000005507142100,consolidator,0.5987601349280351,37,0.40680000756448875,"Консолидация: 3 плательщиков, 1 seed-маршрутов, вход 51k KZT.",3,3,51000.0,100000.0,3,4,0.000558950097758131,0.0,1,1.9607843137254901,2,False,False
100000005539910100,coordinator,0.7494495111417528,3,0.7403277680925004,"Структурный кандидат: degree=3, seed-маршрутов 10, betweenness=0.0000.",1,2,102000.0,22000.0,1,2,0.000498726301748055,3.85871178391214e-05,10,0.21568627450980393,2,False,False
100000002459163100,peripheral,0.7029033362586024,55,0.21327243207770774,"Нет выраженной спецроли: in=1, out=0, оборот 20k KZT.",1,0,20180.0,0.0,1,0,0.00036111544422251415,0.0,1,0.0,2,False,False
100000004666651100,terminal,0.6462517805693304,67,0.5687005593159004,"Наблюдаемый сток: 1 плательщиков, вход 429k KZT, depth=2<4, исходящих нет.",1,0,429250.0,0.0,1,0,0.00045753888989794294,0.0,10,0.0,2,False,False
100000003927792100,peripheral,0.6822898585385055,2,0.23566996171234636,"Нет выраженной спецроли: in=1, out=0, оборот 13k KZT.",1,0,13067.0,0.0,1,0,0.00028972644169034,0.0,7,0.0,2,False,False
100000000607941100,coordinator,0.7038945414872728,2,0.6662452659723457,"Структурный кандидат: degree=3, seed-маршрутов 7, betweenness=0.0000.",2,1,50000.0,70000.0,3,4,0.0005785720589504693,4.020525527358932e-05,7,1.4,2,False,False
100000004158362100,peripheral,0.6878428957098564,1,0.2380024315976505,"Нет выраженной спецроли: in=1, out=0, оборот 12k KZT.",1,0,12000.0,0.0,1,0,0.0002913822339326508,0.0,7,0.0,2,False,False
100000005664922100,distributor,0.6079971181556196,25,0.4484418578778182,"Распределение: 3 получателей, 4 переводов, выход 537k KZT.",2,3,22000.0,537000.0,2,4,0.0008059658576323338,0.0,1,24.40909090909091,2,False,False
100000007594394100,consolidator,0.9034923155225315,1,0.8110864852270466,"Консолидация: 6 плательщиков, 9 seed-маршрутов, вход 395k KZT.",6,1,395385.0,3376312.0,6,40,0.0004055854787031871,2.7555159790244383e-05,9,8.539302199122375,2,False,False
100000000979567100,peripheral,0.7592269989965896,4,0.19356647747720723,"Нет выраженной спецроли: in=1, out=0, оборот 10k KZT.",1,0,10000.0,0.0,1,0,0.0005307306769296842,0.0,1,0.0,2,False,False
100000002831727100,peripheral,0.8557570858055505,20,0.329878472448058,"Нет выраженной спецроли: in=1, out=1, оборот 83k KZT.",1,1,6000.0,77000.0,1,3,0.0002907462180152881,1.3357079252003561e-05,7,12.833333333333334,2,False,False
100000003062895100,consolidator,0.8514725489848132,11,0.6189007763978585,"Консолидация: 2 плательщиков, 9 seed-маршрутов, вход 328k KZT.",2,0,328444.0,0.0,2,0,0.000407650670955185,0.0,9,0.0,2,False,False
100000008376089100,terminal,0.5145256446346587,31,0.3874983327950048,"Наблюдаемый сток: 1 плательщиков, вход 135k KZT, depth=2<4, исходящих нет.",1,0,135000.0,0.0,1,0,0.000302435334778072,0.0,7,0.0,2,False,False
100000003219438100,peripheral,0.5975663771241808,1,0.3469780814109412,"Нет выраженной спецроли: in=1, out=0, оборот 32k KZT.",1,0,32000.0,0.0,1,0,0.0004471556370431053,0.0,7,0.0,2,False,False
100000000967918100,peripheral,0.5356783444859217,1,0.34878416609972535,"Нет выраженной спецроли: in=1, out=0, оборот 21k KZT.",1,0,21200.0,0.0,3,0,0.00047927096158051775,0.0,7,0.0,2,False,False
100000003254723100,terminal,0.7448011912674266,3,0.5872621060100525,"Наблюдаемый сток: 1 плательщиков, вход 270k KZT, depth=2<4, исходящих нет.",1,0,269850.0,0.0,6,0,0.00053004366318591,0.0,10,0.0,2,False,False
100000003823811100,coordinator,0.6907056226344006,21,0.6695460436072973,"Структурный кандидат: degree=4, seed-маршрутов 7, betweenness=0.0001.",1,3,30000.0,66130.0,1,3,0.0003569753080281231,8.969031364400911e-05,7,2.2043333333333335,2,False,False
100000008587459100,consolidator,0.6726850178903863,1,0.49608767966047107,"Консолидация: 2 плательщиков, 7 seed-маршрутов, вход 182k KZT.",2,2,181507.0,686500.0,2,4,0.00030075681163842634,0.0,7,3.782223275135394,2,False,False
100000008603331100,distributor,0.8243089801441489,11,0.7674581232596777,"Распределение: 6 получателей, 6 переводов, выход 742k KZT.",2,6,39500.0,741774.0,3,6,0.0003442340297094514,0.00013550660110728252,7,18.779088607594936,2,False,False
100000008758168100,distributor,0.7844265752478443,18,0.7671005089246217,"Распределение: 5 получателей, 5 переводов, выход 1.5m KZT.",2,5,75410.0,1533600.0,2,5,0.0003183672512790776,3.2360367846623985e-05,9,20.33682535472749,2,False,False
100000003724440100,terminal,0.6586212928667529,1,0.41706548113184416,"Наблюдаемый сток: 2 плательщиков, вход 50k KZT, depth=2<4, исходящих нет.",2,0,50000.0,0.0,2,0,0.0003080878958078091,0.0,7,0.0,2,False,False
100000000291906100,consolidator,0.7774930995376569,49,0.7532696922285349,"Консолидация: 2 плательщиков, 7 seed-маршрутов, вход 388k KZT.",2,2,388000.0,455854.0,3,6,0.0007629373053537487,5.9563341146058246e-05,7,1.1748814432989692,2,False,False
100000005077484100,peripheral,0.8071486551828346,30,0.2992356086522397,"Нет выраженной спецроли: in=1, out=2, оборот 164k KZT.",1,2,150000.0,13550.0,1,2,0.0005397108639201059,0.0,1,0.09033333333333333,2,False,False
100000004192107100,peripheral,0.5790089226083506,3,0.3628635714007615,"Нет выраженной спецроли: in=1, out=0, оборот 25k KZT.",1,0,25000.0,0.0,1,0,0.0002993001243079831,0.0,8,0.0,2,False,False
100000002193259100,consolidator,0.7862429543496707,12,0.7482189413692917,"Консолидация: 2 плательщиков, 8 seed-маршрутов, вход 48k KZT.",2,3,48000.0,58000.0,2,3,0.0008908421386694424,4.007123775601068e-05,8,1.2083333333333333,2,False,False
100000005481280100,distributor,0.5694279623831552,2,0.5494689798424425,"Распределение: 3 получателей, 3 переводов, выход 50k KZT.",1,3,32700.0,50000.0,1,3,0.0002959725024799912,3.0424458296230334e-05,7,1.529051987767584,2,False,False
100000004527381100,peripheral,0.560062632949413,2,0.4430562992496069,"Нет выраженной спецроли: in=1, out=1, оборот 393k KZT.",1,1,119333.17,273866.11,1,1,0.0003754989642558976,0.0,7,2.2949705433954364,2,False,False
100000001578517100,peripheral,0.6047059963444892,2,0.28673843531945675,"Нет выраженной спецроли: in=1, out=0, оборот 30k KZT.",1,0,30000.0,0.0,1,0,0.00029053829816639534,0.0,7,0.0,2,False,False
100000003741418100,consolidator,0.791841040126733,5,0.6930881165769215,"Консолидация: 9 плательщиков, 7 seed-маршрутов, вход 152k KZT.",9,3,151900.0,39920.0,13,3,0.0006325013799441044,3.0114941648489218e-05,7,0.2628044766293614,2,False,False
100000008737514100,terminal,0.48112809250410554,2,0.37329220594742474,"Наблюдаемый сток: 1 плательщиков, вход 85k KZT, depth=2<4, исходящих нет.",1,0,85000.0,0.0,1,0,0.0003126112728818023,0.0,7,0.0,2,False,False
100000002870463100,consolidator,0.7963642911761195,6,0.6099664195634409,"Консолидация: 3 плательщиков, 7 seed-маршрутов, вход 207k KZT.",3,1,207000.0,10000.0,4,1,0.0019299755548282868,1.3357079252003561e-05,7,0.04830917874396135,2,False,False
100000008545727100,distributor,0.847999977352893,8,0.8428297320610061,"Распределение: 6 получателей, 7 переводов, выход 1.9m KZT.",1,6,30000.0,1866500.0,1,7,0.00033870100433984517,9.201543484713564e-05,9,62.21666666666667,2,False,False
100000000425407100,peripheral,0.646671091539412,3,0.2852783386280575,"Нет выраженной спецроли: in=1, out=0, оборот 20k KZT.",1,0,20000.0,0.0,1,0,0.00030509459327138135,0.0,7,0.0,2,False,False
100000001418900100,peripheral,0.5594763190328544,4,0.24468252406010493,"Нет выраженной спецроли: in=1, out=0, оборот 40k KZT.",1,0,40140.0,0.0,2,0,0.00029920233586476936,0.0,1,0.0,2,False,False
100000001677929100,consolidator,0.6570459124742292,6,0.4754230246396895,"Консолидация: 3 плательщиков, 1 seed-маршрутов, вход 127k KZT.",3,2,126777.0,286098.0,3,4,0.003334091954588855,2.968239833778569e-06,1,2.2567027142147236,2,False,False
100000002539625100,terminal,0.544777930942141,11,0.4788620490603797,"Наблюдаемый сток: 1 плательщиков, вход 95k KZT, depth=2<4, исходящих нет.",1,0,94700.0,0.0,1,0,0.0003450202078597562,0.0,9,0.0,2,False,False
100000001965374100,consolidator,0.6824459053761498,25,0.4884436074722104,"Консолидация: 2 плательщиков, 1 seed-маршрутов, вход 1.8m KZT.",2,3,1759720.0,3082100.0,8,5,0.001281655626060873,0.0,1,1.7514718250630783,2,False,False
100000001287955100,distributor,0.6286023054755043,14,0.3756797529940483,"Распределение: 4 получателей, 5 переводов, выход 310k KZT.",1,4,17520.0,310000.0,1,5,0.0002939168313087527,0.0,1,17.69406392694064,2,False,False
100000005402643100,transit,0.5831193487176103,19,0.3504587981101297,"Транзит: вход 128k, выход 90k KZT, коэффициент 0.70.",1,1,127800.0,90000.0,1,1,0.0002975952292869964,0.0,1,0.704225352112676,2,False,False
100000008752616100,distributor,0.8444041829206841,10,0.8291979053504883,"Распределение: 7 получателей, 7 переводов, выход 1.3m KZT.",2,7,64510.0,1265000.0,2,7,0.00031306069757078167,9.280278937447236e-05,9,19.6093628894745,2,False,False
100000000733373100,peripheral,0.691650692627354,2,0.2579682534511708,"Нет выраженной спецроли: in=1, out=0, оборот 11k KZT.",1,0,10710.0,0.0,1,0,0.00030578139777600477,0.0,7,0.0,2,False,False
100000008531133100,coordinator,0.6321727209531223,2,0.5957286853058325,"Структурный кандидат: degree=4, seed-маршрутов 7, betweenness=0.0000.",1,3,25000.0,158271.68,1,3,0.0005327484529006037,1.5088552488374393e-05,7,6.3308672,2,False,False
100000005933757100,distributor,0.9746666628921488,16,0.8864460840646027,"Распределение: 34 получателей, 46 переводов, выход 3.0m KZT.",4,34,1246000.0,3002628.0,6,46,0.000997985572013045,0.0011514058745096928,7,2.409813804173355,2,False,False
100000006490557100,peripheral,0.7889754124145407,6,0.09901625907024869,"Нет выраженной спецроли: in=1, out=0, оборот 5k KZT.",1,0,5000.0,0.0,1,0,0.0002861622896167226,0.0,1,0.0,2,False,False
100000008497298100,terminal,0.5377018314657855,19,0.3707312753899038,"Наблюдаемый сток: 1 плательщиков, вход 600k KZT, depth=2<4, исходящих нет.",1,0,600000.0,0.0,1,0,0.00034202908327694116,0.0,1,0.0,2,False,False
100000005168487100,peripheral,0.9026661196928127,13,0.4159926928104485,"Нет выраженной спецроли: in=1, out=1, оборот 119k KZT.",1,1,15000.0,103510.0,1,14,0.00181254731435578,0.0,8,6.900666666666667,2,False,False
100000005799271100,terminal,0.5528360456600084,13,0.4618556924187237,"Наблюдаемый сток: 1 плательщиков, вход 45k KZT, depth=2<4, исходящих нет.",1,0,45000.0,0.0,2,0,0.0005366730310712545,0.0,8,0.0,2,False,False
100000000912487100,peripheral,0.6433907000642054,3,0.3193227052352144,"Нет выраженной спецроли: in=1, out=0, оборот 10k KZT.",1,0,10000.0,0.0,1,0,0.00029168015431879206,0.0,9,0.0,2,False,False
100000007982908100,peripheral,0.6605415955514402,4,0.2070486989553552,"Нет выраженной спецроли: in=1, out=0, оборот 31k KZT.",1,0,31080.0,0.0,1,0,0.0002961252218307346,0.0,1,0.0,2,False,False
100000005413948100,consolidator,0.7883008730637567,11,0.6612978360812027,"Консолидация: 2 плательщиков, 9 seed-маршрутов, вход 28k KZT.",2,1,28215.0,5000.0,2,1,0.0018520392070328206,1.4841199168892845e-05,9,0.177210703526493,2,False,False
100000000724540100,transit,0.5163514054512772,22,0.5700586359349548,"Транзит: вход 50k, выход 100k KZT, коэффициент 2.00.",1,1,50000.0,100000.0,1,1,0.00030963471226613077,1.4841199168892845e-05,8,2.0,2,False,False
100000005730108100,peripheral,0.7103723608050513,1,0.2672348531657738,"Нет выраженной спецроли: in=1, out=0, оборот 8k KZT.",1,0,8000.0,0.0,1,0,0.0003586642630336029,0.0,7,0.0,2,False,False
100000002566204100,peripheral,0.5832750497672152,8,0.28049252727048124,"Нет выраженной спецроли: in=1, out=0, оборот 81k KZT.",1,0,80805.0,0.0,1,0,0.00032406945030607917,0.0,1,0.0,2,False,False
100000000625169100,peripheral,0.7592269989965896,4,0.12655135292204708,"Нет выраженной спецроли: in=1, out=0, оборот 10k KZT.",1,0,10000.0,0.0,1,0,0.00028896566732328953,0.0,1,0.0,2,False,False
100000001114385100,peripheral,0.6081964768521955,3,0.283564652023115,"Нет выраженной спецроли: in=1, out=0, оборот 30k KZT.",1,0,29500.0,0.0,1,0,0.00029021989549549073,0.0,7,0.0,2,False,False
100000002964966100,terminal,0.5874235343272796,3,0.506025930951577,"Наблюдаемый сток: 1 плательщиков, вход 200k KZT, depth=2<4, исходящих нет.",1,0,200000.0,0.0,1,0,0.00039541593494282827,0.0,8,0.0,2,False,False
100000008771814100,peripheral,0.691003970891422,4,0.18296516951257558,"Нет выраженной спецроли: in=1, out=0, оборот 24k KZT.",1,0,23700.0,0.0,1,0,0.0002936186984785076,0.0,1,0.0,2,False,False
100000001241318100,peripheral,0.5514761686019687,1,0.38259856057578345,"Нет выраженной спецроли: in=1, out=0, оборот 53k KZT.",1,0,53000.0,0.0,1,0,0.0005308383624756592,0.0,7,0.0,2,False,False
100000001250022100,peripheral,0.6200837533030267,6,0.23146838312282875,"Нет выраженной спецроли: in=1, out=0, оборот 50k KZT.",1,0,50000.0,0.0,1,0,0.0002950458326603053,0.0,1,0.0,2,False,False
100000006534886100,peripheral,0.621160601004159,2,0.4444738391542279,"Нет выраженной спецроли: in=1, out=1, оборот 239k KZT.",1,1,71700.0,167500.0,5,8,0.0011276985721232183,0.0,7,2.336122733612273,2,False,False
100000008655035100,peripheral,0.6437740568427098,6,0.28936021023048875,"Нет выраженной спецроли: in=1, out=0, оборот 30k KZT.",1,0,30000.0,0.0,1,0,0.0005401427143175893,0.0,2,0.0,2,False,False
100000005932987100,peripheral,0.5201298404061392,1,0.3534285376808517,"Нет выраженной спецроли: in=1, out=0, оборот 25k KZT.",1,0,25000.0,0.0,3,0,0.00041180862454995846,0.0,7,0.0,2,False,False
100000008636603100,distributor,0.7918001902356997,12,0.7642130921225957,"Распределение: 6 получателей, 7 переводов, выход 159k KZT.",2,6,35460.0,159375.0,2,7,0.0003387006850594576,0.0022022506870892303,7,4.494500846023689,2,False,False
100000008710843100,distributor,0.9260294525628033,18,0.8538368096601898,"Распределение: 13 получателей, 14 переводов, выход 2.0m KZT.",2,13,33944.0,1985500.0,3,14,0.00029287559446499275,0.0006774237083657106,8,58.49340089559274,2,False,False
100000000917179100,terminal,0.5706113200653022,16,0.4226185120881418,"Наблюдаемый сток: 1 плательщиков, вход 94k KZT, depth=2<4, исходящих нет.",1,0,94465.0,0.0,2,0,0.00042586253334482907,0.0,7,0.0,2,False,False
100000004209339100,coordinator,0.7166337767525246,13,0.696810938956978,"Структурный кандидат: degree=3, seed-маршрутов 8, betweenness=0.0000.",1,2,138500.0,238500.0,6,11,0.0008195334277812209,1.4841199168892845e-05,8,1.7220216606498195,2,False,False
100000008765627100,peripheral,0.6033453126865262,6,0.24589897834278773,"Нет выраженной спецроли: in=1, out=0, оборот 60k KZT.",1,0,60000.0,0.0,1,0,0.00029694114034890817,0.0,1,0.0,2,False,False
100000002443664100,terminal,0.9148141956746886,14,0.6423784530056909,"Наблюдаемый сток: 3 плательщиков, вход 557k KZT, depth=2<4, исходящих нет.",3,0,556880.0,0.0,3,0,0.0003387703864093913,0.0,9,0.0,2,False,False
100000008144528100,terminal,0.9134943663028363,2,0.6168134230434691,"Наблюдаемый сток: 5 плательщиков, вход 1.1m KZT, depth=2<4, исходящих нет.",5,0,1068202.6,0.0,13,0,0.001055538276590802,0.0,7,0.0,2,False,False
100000003988112100,transit,0.4891215640388356,21,0.4422289739882081,"Транзит: вход 92k, выход 64k KZT, коэффициент 0.70.",1,1,92000.0,64000.0,2,5,0.0005045477365705099,0.0,7,0.6956521739130435,2,False,False
100000008008463100,peripheral,0.6099296281896994,6,0.23969164447975888,"Нет выраженной спецроли: in=1, out=0, оборот 54k KZT.",1,0,54180.0,0.0,1,0,0.0002958380712741413,0.0,1,0.0,2,False,False
100000006679055100,peripheral,0.5682660400460731,3,0.38254217460360845,"Нет выраженной спецроли: in=1, out=0, оборот 25k KZT.",1,0,25000.0,0.0,1,0,0.0003008464444710437,0.0,9,0.0,2,False,False
100000007382543100,coordinator,0.8326634178447392,29,0.803942969607366,"Структурный кандидат: degree=8, seed-маршрутов 7, betweenness=0.0002.",3,5,218000.0,427000.0,3,8,0.0011904909010560457,0.00015731671119026416,7,1.9587155963302751,2,False,False
100000007749092100,peripheral,0.8906224374363358,2,0.3453943516051708,"Нет выраженной спецроли: in=1, out=1, оборот 78k KZT.",1,1,7650.0,70375.0,1,5,0.0018044164784854861,0.0,7,9.199346405228757,2,False,False
100000004221668100,consolidator,0.7253294154086396,6,0.4999002369333175,"Консолидация: 4 плательщиков, 1 seed-маршрутов, вход 1.1m KZT.",4,3,1128300.0,731440.0,8,10,0.0030901749053247364,0.0,1,0.6482673047948241,2,False,False
100000008174521100,peripheral,0.5212517805693305,2,0.3959378750872838,"Нет выраженной спецроли: in=1, out=0, оборот 82k KZT.",1,0,82110.0,0.0,1,0,0.00044052875483409733,0.0,7,0.0,2,False,False
100000002692750100,consolidator,0.773421766260248,6,0.6003710392169683,"Консолидация: 3 плательщиков, 7 seed-маршрутов, вход 113k KZT.",3,1,112830.0,77000.0,3,8,0.0020142415855483,1.3357079252003561e-05,7,0.682442612780289,2,False,False
100000002173070100,peripheral,0.6047059963444892,2,0.28673843531945675,"Нет выраженной спецроли: in=1, out=0, оборот 30k KZT.",1,0,30000.0,0.0,1,0,0.00029053829816639534,0.0,7,0.0,2,False,False
100000005911352100,coordinator,0.7159924146441378,38,0.6580230318160262,"Структурный кандидат: degree=5, seed-маршрутов 7, betweenness=0.0001.",2,3,15000.0,24000.0,2,3,0.000551734499856716,7.71742356782428e-05,7,1.6,2,False,False
100000003068941100,consolidator,0.6975124660018134,1,0.5245263566567782,"Консолидация: 3 плательщиков, 7 seed-маршрутов, вход 94k KZT.",3,1,94000.0,25000.0,3,2,0.000320174383735057,1.3357079252003561e-05,7,0.26595744680851063,2,False,False
100000001420847100,peripheral,0.5651207742230023,20,0.30370862258349446,"Нет выраженной спецроли: in=1, out=0, оборот 20k KZT.",1,0,20000.0,0.0,2,0,0.00030282570687728154,0.0,7,0.0,2,False,False
100000005602999100,coordinator,0.587701196621299,13,0.5712544328898109,"Структурный кандидат: degree=3, seed-маршрутов 8, betweenness=0.0000.",1,2,5000.0,16000.0,1,3,0.0003048459777394544,2.968239833778569e-05,8,3.2,2,False,False
100000000723383100,coordinator,0.7077253718834564,23,0.6842533078469835,"Структурный кандидат: degree=3, seed-маршрутов 7, betweenness=0.0002.",1,2,6800.0,75000.0,1,2,0.0003893195549175227,0.00016028495102404273,7,11.029411764705882,2,False,False
100000006977207100,distributor,0.8010806916426514,22,0.4875403888765221,"Распределение: 15 получателей, 15 переводов, выход 4.2m KZT.",1,15,414000.0,4157018.0,1,15,0.00034788547570970175,0.0,1,10.041106280193237,2,False,False
100000001273783100,peripheral,0.6944944513991282,8,0.18679875151896444,"Нет выраженной спецроли: in=1, out=0, оборот 23k KZT.",1,0,23200.0,0.0,1,0,0.0002966231104571262,0.0,1,0.0,2,False,False
100000000201868100,transit,0.7076368876080692,2,0.53712269713707,"Транзит: вход 190k, выход 190k KZT, коэффициент 1.00.",1,1,190000.0,190000.0,1,1,0.0009746432509228604,0.0,7,1.0,2,False,False
100000007777377100,coordinator,0.7152984953465047,2,0.7186098394429785,"Структурный кандидат: degree=3, seed-маршрутов 7, betweenness=0.0001.",1,2,456290.0,10000.0,7,2,0.0003611461879485204,9.349955476402493e-05,7,0.021915886826360427,2,False,False
100000004192865100,peripheral,0.5962850225686658,30,0.3025583669803651,"Нет выраженной спецроли: in=1, out=0, оборот 67k KZT.",1,0,66666.0,0.0,1,0,0.0005558092873800479,0.0,1,0.0,2,False,False
100000006901046100,peripheral,0.8778512390410074,2,0.35120769502222565,"Нет выраженной спецроли: in=1, out=1, оборот 81k KZT.",1,1,75800.0,5500.0,3,1,0.0029998776847225033,0.0,7,0.07255936675461741,2,False,False
100000000437046100,distributor,0.9877395639299525,1,0.890879091525341,"Распределение: 42 получателей, 73 переводов, выход 7.6m KZT.",9,42,1107200.0,7606224.0,20,73,0.0007924860106097876,0.0017383750368593612,7,6.86978323699422,2,False,False
100000008765494100,peripheral,0.6894967179449125,4,0.18423621264339932,"Нет выраженной спецроли: in=1, out=0, оборот 24k KZT.",1,0,24000.0,0.0,1,0,0.0002937205896716876,0.0,1,0.0,2,False,False
100000008713270100,distributor,0.5482348703170029,6,0.33738716865045865,"Распределение: 3 получателей, 3 переводов, выход 190k KZT.",1,3,30000.0,190000.0,1,3,0.00029125521728309953,0.0,1,6.333333333333333,2,False,False
100000003603979100,terminal,0.5712693745301556,26,0.37375957791406567,"Наблюдаемый сток: 1 плательщиков, вход 165k KZT, depth=2<4, исходящих нет.",1,0,165000.0,0.0,3,0,0.0005856463349534348,0.0,1,0.0,2,False,False
100000000943371100,peripheral,0.6075220181614038,15,0.37077070508878557,"Нет выраженной спецроли: in=1, out=0, оборот 16k KZT.",1,0,15500.0,0.0,1,0,0.00030597516384402423,0.0,10,0.0,2,False,False
100000008672480100,peripheral,0.743837153121703,4,0.1399097060821421,"Нет выраженной спецроли: in=1, out=0, оборот 13k KZT.",1,0,13000.0,0.0,1,0,0.0002899845792550891,0.0,1,0.0,2,False,False
100000008691168100,peripheral,0.6894967179449125,4,0.18423621264339932,"Нет выраженной спецроли: in=1, out=0, оборот 24k KZT.",1,0,24000.0,0.0,1,0,0.0002937205896716876,0.0,1,0.0,2,False,False
100000003237045100,peripheral,0.6318227433729907,2,0.43339472343336966,"Нет выраженной спецроли: in=1, out=1, оборот 490k KZT.",1,1,340200.0,150000.0,2,1,0.00039413443206538995,0.0,7,0.4409171075837742,2,False,False
100000008736394100,peripheral,0.7275746871198898,4,0.15352668691781424,"Нет выраженной спецроли: in=1, out=0, оборот 16k KZT.",1,0,16000.0,0.0,1,0,0.00029100349118688865,0.0,1,0.0,2,False,False
100000004160650100,distributor,0.7874639769452451,26,0.48219502006695836,"Распределение: 10 получателей, 40 переводов, выход 1.5m KZT.",2,10,75100.0,1489827.0,4,40,0.0003692276667102102,0.0,1,19.83790945406125,2,False,False
100000000629812100,consolidator,0.6935801905511657,54,0.468243047714426,"Консолидация: 2 плательщиков, 10 seed-маршрутов, вход 22k KZT.",2,0,22000.0,0.0,2,0,0.0002979840074392023,0.0,10,0.0,2,False,False
100000000955444100,peripheral,0.7758861105106423,43,0.16722598366396763,"Нет выраженной спецроли: in=1, out=0, оборот 7k KZT.",1,0,6910.0,0.0,1,0,0.0003525283441776959,0.0,1,0.0,2,False,False
100000008731444100,distributor,0.8587869360162605,1,0.7768725683394244,"Распределение: 9 получателей, 9 переводов, выход 880k KZT.",3,9,439000.0,879767.8,5,9,0.00035336188519380433,9.734445123811164e-05,7,2.0040268792710707,2,False,False
100000008413748100,distributor,0.9211975507153656,17,0.812084518644307,"Распределение: 18 получателей, 21 переводов, выход 1.4m KZT.",2,18,26480.0,1377320.22,2,21,0.00039089149206356923,0.00017161737375450645,7,52.01360347432024,2,False,False
100000006787636100,peripheral,0.646671091539412,2,0.30596339200884043,"Нет выраженной спецроли: in=1, out=0, оборот 20k KZT.",1,0,20000.0,0.0,1,0,0.0003581033949231403,0.0,7,0.0,2,False,False
100000005942793100,terminal,0.7358878386509777,1,0.46206218971021,"Наблюдаемый сток: 4 плательщиков, вход 55k KZT, depth=2<4, исходящих нет.",4,0,55000.0,0.0,4,0,0.0003322322681540015,0.0,7,0.0,2,False,False
100000008730846100,consolidator,0.8688061796846516,13,0.837957451972562,"Консолидация: 7 плательщиков, 8 seed-маршрутов, вход 155k KZT.",7,3,155042.0,363370.0,11,4,0.0005360575471708012,8.438281813170503e-05,8,2.343687516930896,2,False,False
100000002570206100,terminal,0.7477872040181581,17,0.48406935169113763,"Наблюдаемый сток: 2 плательщиков, вход 167k KZT, depth=2<4, исходящих нет.",2,0,166959.6,0.0,2,0,0.0003185104657273645,0.0,7,0.0,2,False,False
100000000785800100,transit,0.7076368876080692,55,0.3560567698345597,"Транзит: вход 19k, выход 19k KZT, коэффициент 1.00.",1,1,19000.0,19000.0,1,1,0.0003566979785631403,0.0,1,1.0,2,False,False
100000007382152100,peripheral,0.7195745366890041,1,0.2009966322766457,"Нет выраженной спецроли: in=1, out=0, оборот 6k KZT.",1,0,5860.0,0.0,1,0,0.0002864808806193007,0.0,7,0.0,2,False,False
100000000910216100,transit,0.5839471765587648,1,0.6561995172848916,"Транзит: вход 71k, выход 52k KZT, коэффициент 0.73.",1,1,71000.0,52010.0,3,1,0.00032323954910943236,0.00023196052080356393,7,0.7325352112676057,2,False,False
100000003131016100,peripheral,0.7124980217796413,1,0.44333695214502755,"Нет выраженной спецроли: in=1, out=1, оборот 532k KZT.",1,1,405700.0,126000.0,7,4,0.0016774572234080627,0.0,7,0.31057431599704216,2,False,False
100000003221384100,terminal,0.5932994433653929,2,0.4764348482445372,"Наблюдаемый сток: 1 плательщиков, вход 511k KZT, depth=2<4, исходящих нет.",1,0,511200.0,0.0,1,0,0.00044820293531491734,0.0,7,0.0,2,False,False
100000002156381100,consolidator,0.8026599648967713,13,0.7237189971944454,"Консолидация: 2 плательщиков, 8 seed-маршрутов, вход 61k KZT.",2,1,61000.0,21800.0,7,3,0.0010807758307164093,2.968239833778569e-05,8,0.35737704918032787,2,False,False
100000002779485100,terminal,0.5681521178894183,9,0.43278368405151096,"Наблюдаемый сток: 1 плательщиков, вход 91k KZT, depth=2<4, исходящих нет.",1,0,91000.0,0.0,2,0,0.0005469132844919467,0.0,7,0.0,2,False,False
100000008774237100,peripheral,0.7523631123919308,26,0.24182515135987548,"Нет выраженной спецроли: in=1, out=1, оборот 60k KZT.",1,1,50000.0,10000.0,1,1,0.0003103490467286019,0.0,1,0.2,2,False,False
100000002628146100,terminal,0.5248328724959105,34,0.41432968874179615,"Наблюдаемый сток: 1 плательщиков, вход 30k KZT, depth=2<4, исходящих нет.",1,0,30500.0,0.0,2,0,0.0003192156684704561,0.0,8,0.0,2,False,False
100000002852402100,peripheral,0.5477477007869189,2,0.36164737045952583,"Нет выраженной спецроли: in=1, out=0, оборот 55k KZT.",1,0,55000.0,0.0,1,0,0.00032701738322827895,0.0,7,0.0,2,False,False
100000006989106100,terminal,0.48201280154738124,6,0.31258020138788467,"Наблюдаемый сток: 1 плательщиков, вход 64k KZT, depth=2<4, исходящих нет.",1,0,64000.0,0.0,2,0,0.0004956408524122075,0.0,1,0.0,2,False,False
100000002958343100,peripheral,0.6002454417841134,6,0.42030887005160894,"Нет выраженной спецроли: in=1, out=2, оборот 4.3m KZT.",1,2,2900000.0,1390000.0,4,17,0.0006295066258876751,2.968239833778569e-06,1,0.4793103448275862,2,False,False
100000008461532100,distributor,0.889906325903195,28,0.8352164641060569,"Распределение: 8 получателей, 9 переводов, выход 2.5m KZT.",2,8,565300.0,2530090.0,2,9,0.0007452506208527072,0.00018699910952804985,7,4.475658942154608,2,False,False
100000004400305100,distributor,0.9908310355955907,1,0.8668501124947627,"Распределение: 82 получателей, 101 переводов, выход 5.8m KZT.",7,82,222800.0,5830181.0,9,101,0.0003858174534932507,0.0017361976447014045,7,26.167778276481148,2,False,False
100000000297649100,peripheral,0.55995222640902,12,0.4946039599891342,"Нет выраженной спецроли: in=1, out=1, оборот 111k KZT.",1,1,40000.0,70600.0,1,2,0.0008091385858414708,0.0,8,1.765,2,False,False
100000003191430100,terminal,0.5338819456319388,2,0.44015463933231286,"Наблюдаемый сток: 1 плательщиков, вход 180k KZT, depth=2<4, исходящих нет.",1,0,180000.0,0.0,1,0,0.0005307375952815097,0.0,7,0.0,2,False,False
100000003275398100,peripheral,0.7790297790585975,26,0.3088034893152326,"Нет выраженной спецроли: in=1, out=1, оборот 320k KZT.",1,1,300000.0,20000.0,1,1,0.000434247809285157,0.0,1,0.06666666666666667,2,False,False
100000005203590100,peripheral,0.575580126829772,6,0.27232228483652854,"Нет выраженной спецроли: in=1, out=0, оборот 90k KZT.",1,0,90000.0,0.0,1,0,0.0003026270634147168,0.0,1,0.0,2,False,False
100000008672603100,peripheral,0.594557426688133,3,0.35096831013991986,"Нет выраженной спецроли: in=1, out=0, оборот 21k KZT.",1,0,21200.0,0.0,1,0,0.00029721303813419784,0.0,8,0.0,2,False,False
100000000718427100,peripheral,0.7792972619159007,4,0.10885600092609612,"Нет выраженной спецроли: in=1, out=0, оборот 6k KZT.",1,0,6000.0,0.0,1,0,0.00028760711808089006,0.0,1,0.0,2,False,False
100000003104347100,peripheral,0.7560304966052772,24,0.4484609438094724,"Нет выраженной спецроли: in=1, out=1, оборот 450k KZT.",1,1,418000.0,32000.0,1,1,0.00036431706006781635,1.3357079252003561e-05,7,0.07655502392344497,2,False,False
100000002974256100,peripheral,0.7735062374372061,12,0.18622133654218467,"Нет выраженной спецроли: in=1, out=0, оборот 7k KZT.",1,0,7200.0,0.0,1,0,0.0005319059485796735,0.0,1,0.0,2,False,False
100000007173936100,peripheral,0.6984729954378708,31,0.21404857267293675,"Нет выраженной спецроли: in=1, out=0, оборот 10k KZT.",1,0,10000.0,0.0,1,0,0.00028681863055512655,0.0,7,0.0,2,False,False
100000002744581100,peripheral,0.7485968992685752,6,0.1762391976118854,"Нет выраженной спецроли: in=1, out=0, оборот 12k KZT.",1,0,12000.0,0.0,1,0,0.00032495771137883774,0.0,1,0.0,2,False,False
100000000596954100,coordinator,0.7587859524709137,3,0.7532153390887317,"Структурный кандидат: degree=3, seed-маршрутов 10, betweenness=0.0000.",1,2,120000.0,48100.0,1,2,0.0005156144546495897,3.8716171744937865e-05,10,0.4008333333333333,2,False,False
100000004950490100,peripheral,0.7592269989965896,6,0.17128000060887982,"Нет выраженной спецроли: in=1, out=0, оборот 10k KZT.",1,0,10000.0,0.0,1,0,0.0003306416631354998,0.0,1,0.0,2,False,False
100000008772058100,peripheral,0.6200837533030267,4,0.24254489557834474,"Нет выраженной спецроли: in=1, out=0, оборот 50k KZT.",1,0,50000.0,0.0,1,0,0.000302551159747284,0.0,1,0.0,2,False,False
100000000971908100,peripheral,0.5768493924689378,6,0.27117689573882664,"Нет выраженной спецроли: in=1, out=0, оборот 89k KZT.",1,0,89000.0,0.0,1,0,0.0003024375326458565,0.0,1,0.0,2,False,False
100000008687492100,peripheral,0.7346349772377502,4,0.1479115344009939,"Нет выраженной спецроли: in=1, out=0, оборот 15k KZT.",1,0,15000.0,0.0,1,0,0.0002906638538762888,0.0,1,0.0,2,False,False
100000003159641100,consolidator,0.6774096567756007,57,0.6419606494669026,"Консолидация: 4 плательщиков, 7 seed-маршрутов, вход 64k KZT.",4,1,64000.0,197800.0,7,1,0.0003052153968344313,4.020525527358932e-05,7,3.090625,2,False,False
100000005326681100,peripheral,0.599311617378034,2,0.30240683220013354,"Нет выраженной спецроли: in=1, out=0, оборот 31k KZT.",1,0,31228.0,0.0,1,0,0.0002955041990377069,0.0,7,0.0,2,False,False
100000006888238100,transit,0.5349727734587764,58,0.3519724975292807,"Транзит: вход 18k, выход 30k KZT, коэффициент 1.67.",1,1,18000.0,30000.0,1,1,0.0006097535591566922,1.4841199168892846e-06,1,1.6666666666666667,2,False,False
100000001290243100,peripheral,0.6984729954378708,2,0.2638706367298763,"Нет выраженной спецроли: in=1, out=0, оборот 10k KZT.",1,0,10000.0,0.0,1,0,0.00031994897355357534,0.0,7,0.0,2,False,False
100000008289539100,peripheral,0.6765781631622589,2,0.24127704525810784,"Нет выраженной спецроли: in=1, out=0, оборот 15k KZT.",1,0,14912.0,0.0,1,0,0.0002903134116978226,0.0,7,0.0,2,False,False
100000000821507100,terminal,0.5808447742810775,31,0.45167017251012564,"Наблюдаемый сток: 1 плательщиков, вход 400k KZT, depth=2<4, исходящих нет.",1,0,400000.0,0.0,1,0,0.0003355427477307164,0.0,7,0.0,2,False,False
100000003086040100,peripheral,0.6918886799346977,1,0.29814395297652824,"Нет выраженной спецроли: in=1, out=0, оборот 10k KZT.",1,0,10500.0,0.0,1,0,0.0005480623170204784,0.0,7,0.0,2,False,False
100000002969048100,peripheral,0.5583657115985843,6,0.28636943816703564,"Нет выраженной спецроли: in=1, out=0, оборот 108k KZT.",1,0,108470.0,0.0,1,0,0.00030612769671556627,0.0,1,0.0,2,False,False
100000002826669100,terminal,0.639015671833208,1,0.4589026752804978,"Наблюдаемый сток: 1 плательщиков, вход 160k KZT, depth=2<4, исходящих нет.",1,0,159900.0,0.0,4,0,0.0004762394546257399,0.0,7,0.0,2,False,False
100000002293421100,transit,0.734981518500118,1,0.5641212963642178,"Транзит: вход 41k, выход 47k KZT, коэффициент 1.15.",2,2,41000.0,47000.0,6,5,0.0009748338691844299,1.3357079252003561e-05,7,1.146341463414634,2,False,False
100000004732589100,terminal,0.48923174987013734,8,0.3438131007231634,"Наблюдаемый сток: 1 плательщиков, вход 228k KZT, depth=2<4, исходящих нет.",1,0,227520.0,0.0,1,0,0.0003939729265831237,0.0,1,0.0,2,False,False
100000003003821100,terminal,0.48092993106797055,3,0.45624750793666646,"Наблюдаемый сток: 1 плательщиков, вход 40k KZT, depth=2<4, исходящих нет.",1,0,40000.0,0.0,1,0,0.0004379372905540045,0.0,10,0.0,2,False,False
100000005237935150,peripheral,0.6541952673556106,14,0.21410788892737143,"Нет выраженной спецроли: in=1, out=0, оборот 35k KZT.",1,0,34508.0,0.0,1,0,0.0002979773495560411,0.0,1,0.0,2,False,False
100000004463277100,peripheral,0.6524500271017575,30,0.2712778051752463,"Нет выраженной спецроли: in=1, out=0, оборот 35k KZT.",1,0,35000.0,0.0,1,0,0.000691924518979246,0.0,1,0.0,2,False,False
100000006523053100,peripheral,0.6654322629483486,3,0.3750088080026331,"Нет выраженной спецроли: in=1, out=0, оборот 5k KZT.",1,0,5000.0,0.0,1,0,0.0005386541417252824,0.0,10,0.0,2,False,False
100000001954903100,peripheral,0.6729169355333078,8,0.20217789936028008,"Нет выраженной спецроли: in=1, out=0, оборот 27k KZT.",1,0,27118.0,0.0,1,0,0.000298489871320388,0.0,1,0.0,2,False,False
100000005328215100,peripheral,0.6738688847626821,8,0.20136904421407983,"Нет выраженной спецроли: in=1, out=0, оборот 27k KZT.",1,0,27000.0,0.0,1,0,0.00029843364932399574,0.0,1,0.0,2,False,False
100000004424023100,transit,0.5163514054512772,6,0.632291732020364,"Транзит: вход 50k, выход 100k KZT, коэффициент 2.00.",1,1,50000.0,100000.0,1,1,0.0009717143911529612,1.4841199168892845e-05,9,2.0,2,False,False
100000002299948100,peripheral,0.6715066560625663,34,0.295709870807596,"Нет выраженной спецроли: in=1, out=0, оборот 7k KZT.",1,0,6750.0,0.0,1,0,0.00029301562294545036,0.0,8,0.0,2,False,False
100000005105153100,peripheral,0.6047059963444892,1,0.3385845207287094,"Нет выраженной спецроли: in=1, out=0, оборот 30k KZT.",1,0,30000.0,0.0,1,0,0.0004010169668275689,0.0,7,0.0,2,False,False
100000001985793100,terminal,0.5219153400786596,6,0.3645150113367022,"Наблюдаемый сток: 1 плательщиков, вход 420k KZT, depth=2<4, исходящих нет.",1,0,420000.0,0.0,1,0,0.0003726610761384928,0.0,1,0.0,2,False,False
100000003134934100,terminal,0.9163101158922768,1,0.6486153385648463,"Наблюдаемый сток: 4 плательщиков, вход 379k KZT, depth=2<4, исходящих нет.",4,0,379354.0,0.0,4,0,0.0004244791138523046,0.0,9,0.0,2,False,False
100000006240939100,distributor,0.6792507204610951,6,0.4347839860485474,"Распределение: 5 получателей, 5 переводов, выход 778k KZT.",1,5,160000.0,778015.0,1,5,0.0003187471159015583,0.0,1,4.86259375,2,False,False
100000008656043100,peripheral,0.6764867451434619,4,0.19354355705291215,"Нет выраженной спецроли: in=1, out=0, оборот 26k KZT.",1,0,26200.0,0.0,1,0,0.0002944677917550073,0.0,1,0.0,2,False,False
100000002605184100,terminal,0.517381492322782,2,0.41701109538567244,"Наблюдаемый сток: 1 плательщиков, вход 140k KZT, depth=2<4, исходящих нет.",1,0,140000.0,0.0,1,0,0.00039107352079071505,0.0,7,0.0,2,False,False
100000003157333100,peripheral,0.665459999903208,6,0.19288000560415425,"Нет выраженной спецроли: in=1, out=0, оборот 30k KZT.",1,0,30000.0,0.0,1,0,0.00029125521728309953,0.0,1,0.0,2,False,False
100000007898453100,coordinator,0.6754988319262785,72,0.692815411537937,"Структурный кандидат: degree=3, seed-маршрутов 10, betweenness=0.0000.",1,2,24750.0,320000.0,1,2,0.0003330161085564525,1.92935589195607e-05,10,12.929292929292929,2,False,False
100000002710570100,terminal,0.5498270952239606,32,0.45293265067335964,"Наблюдаемый сток: 1 плательщиков, вход 225k KZT, depth=2<4, исходящих нет.",1,0,225015.0,0.0,1,0,0.0005391306175502205,0.0,7,0.0,2,False,False
100000004979498100,peripheral,0.7437358743637061,52,0.3604195419918317,"Нет выраженной спецроли: in=1, out=1, оборот 900k KZT.",1,1,700000.0,200000.0,2,1,0.0013189827666274718,0.0,1,0.2857142857142857,2,False,False
100000001541418100,terminal,0.7092332602284935,19,0.447715747654605,"Наблюдаемый сток: 2 плательщиков, вход 97k KZT, depth=2<4, исходящих нет.",2,0,96900.0,0.0,2,0,0.00030353063860818737,0.0,7,0.0,2,False,False
100000007797290100,peripheral,0.7188660593467442,1,0.4285732552347902,"Нет выраженной спецроли: in=1, out=1, оборот 120k KZT.",1,1,100000.0,20000.0,1,1,0.0003011253761628506,1.3401751757863106e-05,7,0.2,2,False,False
100000008683818100,peripheral,0.7213076880265081,4,0.15935129652649108,"Нет выраженной спецроли: in=1, out=0, оборот 17k KZT.",1,0,17400.0,0.0,1,0,0.0002914789834217285,0.0,1,0.0,2,False,False
100000006567935100,terminal,0.5430841215158917,31,0.4134019318412568,"Наблюдаемый сток: 1 плательщиков, вход 200k KZT, depth=2<4, исходящих нет.",1,0,200000.0,0.0,1,0,0.00031055602097400365,0.0,7,0.0,2,False,False
100000002132479100,transit,0.49039133001762486,16,0.47665389789287177,"Транзит: вход 30k, выход 20k KZT, коэффициент 0.67.",1,1,30000.0,20000.0,2,1,0.0006060232510344739,0.0,8,0.6666666666666666,2,False,False
100000002170580100,peripheral,0.5383747777817212,8,0.3192390529525858,"Нет выраженной спецроли: in=1, out=0, оборот 150k KZT.",1,0,150000.0,0.0,1,0,0.0003570379336989844,0.0,1,0.0,2,False,False
100000001232297100,peripheral,0.8029930996272792,15,0.3687806738102693,"Нет выраженной спецроли: in=1, out=2, оборот 50k KZT.",1,2,5000.0,45000.0,1,2,0.0002921518328065597,0.0,10,9.0,2,False,False
100000002028158100,peripheral,0.592647972772413,2,0.3090343542106605,"Нет выраженной спецроли: in=1, out=0, оборот 35k KZT.",1,0,34800.0,0.0,1,0,0.00029664059842346733,0.0,7,0.0,2,False,False
100000005519998100,transit,0.8181158252253353,47,0.7173270991994285,"Транзит: вход 182k, выход 188k KZT, коэффициент 1.03.",3,3,182000.0,188000.0,5,8,0.0006524582538824906,3.33926981300089e-05,7,1.032967032967033,2,False,False
100000002335358100,terminal,0.5989318096391917,2,0.4569716284514297,"Наблюдаемый сток: 1 плательщиков, вход 140k KZT, depth=2<4, исходящих нет.",1,0,140000.0,0.0,2,0,0.0006124866171005886,0.0,7,0.0,2,False,False
100000007289427100,peripheral,0.7463756844000349,3,0.1881880894085097,"Нет выраженной спецроли: in=1, out=0, оборот 12k KZT.",1,0,12300.0,0.0,1,0,0.0003736269529532968,0.0,1,0.0,2,False,False
100000004592467100,peripheral,0.77485483217882,3,0.10843415600552897,"Нет выраженной спецроли: in=1, out=0, оборот 7k KZT.",1,0,7000.0,0.0,1,0,0.0002866229494599162,0.0,1,0.0,2,False,False
100000004993576100,terminal,0.5299948196119932,2,0.41741540070677546,"Наблюдаемый сток: 1 плательщиков, вход 167k KZT, depth=2<4, исходящих нет.",1,0,167000.0,0.0,1,0,0.00033869882876991924,0.0,7,0.0,2,False,False
100000001648936100,peripheral,0.5729622664489922,6,0.27455362640155095,"Нет выраженной спецроли: in=1, out=0, оборот 93k KZT.",1,0,92740.0,0.0,1,0,0.00030314637772139394,0.0,1,0.0,2,False,False
100000008512552100,distributor,0.8473459005905234,17,0.7701808823786704,"Распределение: 6 получателей, 11 переводов, выход 1.3m KZT.",4,6,394360.0,1302275.0,9,11,0.00042587881968055106,7.173246264964876e-05,7,3.3022492139162187,2,False,False
100000007629096100,consolidator,0.8455783200459439,33,0.6333293283492983,"Консолидация: 4 плательщиков, 7 seed-маршрутов, вход 1.1m KZT.",4,1,1075170.0,765205.0,5,5,0.0024724059471072494,1.0388839418224992e-05,7,0.7117060557865268,2,False,False
100000001601320100,transit,0.6122777789947573,6,0.40200293699372314,"Транзит: вход 44k, выход 46k KZT, коэффициент 1.06.",2,1,43500.0,46200.0,2,1,0.000811763739861756,1.4841199168892846e-06,1,1.0620689655172413,2,False,False
100000005782781100,distributor,0.881146424871053,6,0.8102806782582506,"Распределение: 10 получателей, 10 переводов, выход 1.3m KZT.",6,10,171888.0,1263597.0,10,10,0.0004875096527600848,0.00017261748255334276,7,7.351281066741134,2,False,False
100000002723538100,distributor,0.8787229013208926,3,0.7805605346092075,"Распределение: 12 получателей, 14 переводов, выход 560k KZT.",3,12,105647.0,560499.0,3,14,0.0003203131606128599,0.00017813630765669116,7,5.305394379395534,2,False,False
100000002340562100,peripheral,0.5675678874825372,6,0.2831127579205844,"Нет выраженной спецроли: in=1, out=0, оборот 37k KZT.",1,0,36650.0,0.0,2,0,0.0005308569205030125,0.0,1,0.0,2,False,False
100000005939154100,peripheral,0.5556806110317059,2,0.2955675090727781,"Нет выраженной спецроли: in=1, out=0, оборот 22k KZT.",1,0,22000.0,0.0,2,0,0.0002936966648040269,0.0,7,0.0,2,False,False
100000004386258100,consolidator,0.831562134005285,12,0.8080682408611349,"Консолидация: 3 плательщиков, 9 seed-маршрутов, вход 62k KZT.",3,3,61700.0,40000.0,3,3,0.0005336690126056149,0.00010982487384980706,9,0.6482982171799028,2,False,False
100000008406609100,peripheral,0.5500538002148783,21,0.4181767282653965,"Нет выраженной спецроли: in=1, out=0, оборот 34k KZT.",1,0,34000.0,0.0,1,0,0.00043050382065094834,0.0,8,0.0,2,False,False
100000007242833100,peripheral,0.5787253207126296,12,0.6037894300222206,"Нет выраженной спецроли: in=1, out=1, оборот 152k KZT.",1,1,107500.0,45000.0,3,2,0.0005138001156911178,1.6379918815166017e-05,9,0.4186046511627907,2,False,False
100000004698193100,consolidator,0.6404325755058188,6,0.4386697165779358,"Консолидация: 2 плательщиков, 1 seed-маршрутов, вход 223k KZT.",2,3,222700.0,38000.0,15,5,0.0008254145941905158,0.0,1,0.17063313875168387,2,False,False
100000002733905100,consolidator,0.6478513589595507,4,0.4849705375281249,"Консолидация: 3 плательщиков, 1 seed-маршрутов, вход 100k KZT.",3,2,100000.0,717839.0,5,3,0.0029169603294352297,2.968239833778569e-06,1,7.17839,2,False,False
100000006912294100,peripheral,0.7728515380611798,19,0.2537754957647087,"Нет выраженной спецроли: in=1, out=2, оборот 36k KZT.",1,2,6335.09,30000.0,1,2,0.0004989220673206185,0.0,1,4.7355286191672095,2,False,False
100000003036198100,peripheral,0.6738809736790313,3,0.23253953707003303,"Нет выраженной спецроли: in=1, out=0, оборот 15k KZT.",1,0,15000.0,0.0,1,0,0.0002879340067316298,0.0,7,0.0,2,False,False
100000004687099100,peripheral,0.665459999903208,6,0.2305134575614496,"Нет выраженной спецроли: in=1, out=0, оборот 30k KZT.",1,0,30000.0,0.0,1,0,0.0003342247396399686,0.0,1,0.0,2,False,False
100000005242320100,distributor,0.8251440922190202,14,0.5389966005443017,"Распределение: 21 получателей, 29 переводов, выход 8.9m KZT.",2,21,365700.0,8936295.0,2,29,0.000500124131418561,0.0,2,24.43613617719442,2,False,False
100000008762832100,peripheral,0.5974022765096346,3,0.3189130706325335,"Нет выраженной спецроли: in=1, out=1, оборот 235k KZT.",1,1,150000.0,85000.0,1,4,0.000308147620844976,0.0,1,0.5666666666666667,2,False,False
100000002489253100,peripheral,0.5547286618023315,2,0.34075868940828974,"Нет выраженной спецроли: in=1, out=0, оборот 51k KZT.",1,0,51000.0,0.0,1,0,0.00030184449124919286,0.0,7,0.0,2,False,False
100000004756901100,terminal,0.5247590988504338,2,0.40129222558265054,"Наблюдаемый сток: 1 плательщиков, вход 153k KZT, depth=2<4, исходящих нет.",1,0,153248.0,0.0,1,0,0.0003109522914570363,0.0,7,0.0,2,False,False
100000008749989100,peripheral,0.7275746871198898,4,0.15352668691781424,"Нет выраженной спецроли: in=1, out=0, оборот 16k KZT.",1,0,16000.0,0.0,1,0,0.00029100349118688865,0.0,1,0.0,2,False,False
100000001380986100,peripheral,0.5918425928315851,19,0.24345130822533823,"Нет выраженной спецроли: in=1, out=0, оборот 70k KZT.",1,0,70170.0,0.0,1,0,0.000292172266547817,0.0,1,0.0,2,False,False
100000003089018100,terminal,0.4901836990995118,19,0.3199550169902403,"Наблюдаемый сток: 1 плательщиков, вход 230k KZT, depth=2<4, исходящих нет.",1,0,230000.0,0.0,1,0,0.0003072122133568235,0.0,1,0.0,2,False,False
100000008742266100,peripheral,0.700682121390062,4,0.1750228522554742,"Нет выраженной спецроли: in=1, out=0, оборот 21k KZT.",1,0,21000.0,0.0,1,0,0.00029270167773988795,0.0,1,0.0,2,False,False
100000003044431100,terminal,0.6753597334832533,1,0.4234889589140808,"Наблюдаемый сток: 2 плательщиков, вход 60k KZT, depth=2<4, исходящих нет.",2,0,60000.0,0.0,2,0,0.00030245857854886894,0.0,7,0.0,2,False,False
100000003321423100,terminal,0.6214557192774155,13,0.5151229858727682,"Наблюдаемый сток: 1 плательщиков, вход 100k KZT, depth=2<4, исходящих нет.",1,0,100000.0,0.0,2,0,0.0006711029646605617,0.0,8,0.0,2,False,False
100000002540623100,peripheral,0.565188014409101,8,0.29639799551163726,"Нет выраженной спецроли: in=1, out=0, оборот 100k KZT.",1,0,100000.0,0.0,1,0,0.00033321505387175324,0.0,1,0.0,2,False,False
100000004225615100,terminal,0.5059701904866378,19,0.27958708836491925,"Наблюдаемый сток: 1 плательщиков, вход 90k KZT, depth=2<4, исходящих нет.",1,0,90000.0,0.0,2,0,0.0002940382625762384,0.0,1,0.0,2,False,False
100000004820260100,transit,0.7140679156411064,2,0.6060927993772589,"Транзит: вход 234k, выход 215k KZT, коэффициент 0.92.",1,3,234200.0,215350.0,12,10,0.0014014565775826975,1.3357079252003561e-05,7,0.9195132365499573,2,False,False
100000000795129100,terminal,0.5717219274995725,2,0.4545748087597449,"Наблюдаемый сток: 1 плательщиков, вход 332k KZT, depth=2<4, исходящих нет.",1,0,332000.0,0.0,1,0,0.0003911920814716179,0.0,7,0.0,2,False,False
100000008213966100,consolidator,0.7912632927667346,29,0.7076887512241328,"Консолидация: 3 плательщиков, 7 seed-маршрутов, вход 187k KZT.",3,1,187004.0,436900.0,7,8,0.0019335519524195824,2.6714158504007122e-05,7,2.336313661739856,2,False,False
100000008478414100,peripheral,0.7592269989965896,4,0.12655135292204708,"Нет выраженной спецроли: in=1, out=0, оборот 10k KZT.",1,0,10000.0,0.0,1,0,0.00028896566732328953,0.0,1,0.0,2,False,False
100000001330595100,consolidator,0.6268289249958864,26,0.4291897849051601,"Консолидация: 3 плательщиков, 1 seed-маршрутов, вход 87k KZT.",3,1,87000.0,154000.0,6,1,0.0006755694259219613,0.0,1,1.7701149425287357,2,False,False
100000000076451100,transit,0.7746139678013193,2,0.7228284156868818,"Транзит: вход 88k, выход 58k KZT, коэффициент 0.66.",3,4,87707.0,58000.0,4,4,0.0013962008641423944,6.67853962600178e-05,7,0.661292713238396,2,False,False
100000005664632100,terminal,0.7360296590824764,67,0.5625548180553693,"Наблюдаемый сток: 1 плательщиков, вход 199k KZT, depth=2<4, исходящих нет.",1,0,198620.0,0.0,18,0,0.00036514203992280307,0.0,10,0.0,2,False,False
100000002457464100,terminal,0.5086497355965451,3,0.4384222706674556,"Наблюдаемый сток: 1 плательщиков, вход 67k KZT, depth=2<4, исходящих нет.",1,0,66647.0,0.0,1,0,0.0003221740395394653,0.0,8,0.0,2,False,False
100000002757240100,terminal,0.5009882663909171,3,0.44004412861906245,"Наблюдаемый сток: 1 плательщиков, вход 51k KZT, depth=2<4, исходящих нет.",1,0,51183.0,0.0,1,0,0.00031684650947480416,0.0,9,0.0,2,False,False
100000003718221100,transit,0.7898930300721544,24,0.7090898819561657,"Транзит: вход 350k, выход 424k KZT, коэффициент 1.21.",2,4,350000.0,423500.0,6,8,0.001043468286601379,2.6714158504007122e-05,7,1.21,2,False,False
100000008629581100,terminal,0.4953224463853031,3,0.4259918867001417,"Наблюдаемый сток: 1 плательщиков, вход 54k KZT, depth=2<4, исходящих нет.",1,0,54184.0,0.0,1,0,0.00031532894612265345,0.0,8,0.0,2,False,False
100000004806903100,peripheral,0.5932427797207873,3,0.4170581329916167,"Нет выраженной спецроли: in=1, out=0, оборот 18k KZT.",1,0,18000.0,0.0,1,0,0.0005335389049993343,0.0,10,0.0,2,False,False
100000000913911100,consolidator,0.7563468524857796,3,0.604875175422293,"Консолидация: 2 плательщиков, 7 seed-маршрутов, вход 467k KZT.",2,1,467000.0,600000.0,2,1,0.0004594431862388912,1.3357079252003561e-05,7,1.284796573875803,2,False,False
100000004905207100,terminal,0.6454696508712892,16,0.5710515105610375,"Наблюдаемый сток: 1 плательщиков, вход 380k KZT, depth=2<4, исходящих нет.",1,0,380000.0,0.0,1,0,0.00043470347319123927,0.0,11,0.0,2,False,False
100000003831201100,terminal,0.5233425077352932,1,0.3918899872026192,"Наблюдаемый сток: 1 плательщиков, вход 40k KZT, depth=2<4, исходящих нет.",1,0,40500.0,0.0,3,0,0.0005343335334517985,0.0,7,0.0,2,False,False
100000003073398100,peripheral,0.5726449500392008,6,0.27494548094907817,"Нет выраженной спецроли: in=1, out=0, оборот 93k KZT.",1,0,92960.0,0.0,1,0,0.0003031880744905432,0.0,1,0.0,2,False,False
100000008418934100,terminal,0.5147757208583513,19,0.3462403180909954,"Наблюдаемый сток: 1 плательщиков, вход 360k KZT, depth=2<4, исходящих нет.",1,0,360000.0,0.0,1,0,0.00031944516765308105,0.0,1,0.0,2,False,False
100000002741024100,consolidator,0.8482137643050496,33,0.7981684134668094,"Консолидация: 5 плательщиков, 7 seed-маршрутов, вход 818k KZT.",5,6,817980.85,434989.0,9,7,0.0028551865328902163,8.014247551202137e-05,7,0.5317838431058625,2,False,False
100000008106997100,consolidator,0.6081402064250524,1,0.4658450242791243,"Консолидация: 2 плательщиков, 7 seed-маршрутов, вход 36k KZT.",2,1,35600.0,20600.0,2,1,0.0003053704876347346,1.3357079252003561e-05,7,0.5786516853932584,2,False,False
100000007998965100,consolidator,0.8763579311357249,8,0.7090610907764386,"Консолидация: 5 плательщиков, 8 seed-маршрутов, вход 278k KZT.",5,1,278000.0,26000.0,7,3,0.00047192179072512604,1.3401751757863106e-05,8,0.09352517985611511,2,False,False
100000001822623100,terminal,0.5447500326672969,24,0.4223758592298897,"Наблюдаемый сток: 1 плательщиков, вход 201k KZT, depth=2<4, исходящих нет.",1,0,201300.0,0.0,1,0,0.0003234925604032018,0.0,7,0.0,2,False,False
100000006424479100,coordinator,0.8474068497078499,15,0.8464846379307711,"Структурный кандидат: degree=3, seed-маршрутов 10, betweenness=0.0001.",1,2,500000.0,220000.0,2,3,0.0009438231531441734,5.360700703145242e-05,10,0.44,2,False,False
100000008696692100,peripheral,0.7136127650890648,4,0.16504413202512871,"Нет выраженной спецроли: in=1, out=0, оборот 19k KZT.",1,0,19000.0,0.0,1,0,0.00029202240311868824,0.0,1,0.0,2,False,False
100000002748532100,consolidator,0.8658263172583347,18,0.7578792771215939,"Консолидация: 3 плательщиков, 9 seed-маршрутов, вход 356k KZT.",3,2,355575.0,646685.0,3,7,0.0003391055199443405,1.9358085872468932e-05,9,1.8187021022287844,2,False,False
100000004456564100,peripheral,0.5725832653100732,16,0.3698315034255268,"Нет выраженной спецроли: in=1, out=0, оборот 10k KZT.",1,0,10000.0,0.0,2,0,0.00039238727982301855,0.0,8,0.0,2,False,False
100000001530740100,peripheral,0.6738809736790313,2,0.30447014205223943,"Нет выраженной спецроли: in=1, out=0, оборот 15k KZT.",1,0,15000.0,0.0,1,0,0.0005298197024409161,0.0,7,0.0,2,False,False
100000001386612100,peripheral,0.5399734487470277,21,0.3838379123901962,"Нет выраженной спецроли: in=1, out=0, оборот 62k KZT.",1,0,62264.0,0.0,1,0,0.0004337700956812129,0.0,7,0.0,2,False,False
100000003360542100,consolidator,0.9149615816456573,13,0.6891304894324793,"Консолидация: 2 плательщиков, 11 seed-маршрутов, вход 317k KZT.",2,2,317000.0,51800.0,3,5,0.0014564325480065504,0.0,11,0.16340694006309148,2,False,False
100000008352542100,terminal,0.506791218465976,3,0.45681334323793354,"Наблюдаемый сток: 1 плательщиков, вход 50k KZT, depth=2<4, исходящих нет.",1,0,50220.0,0.0,1,0,0.00033147541987125204,0.0,10,0.0,2,False,False
100000001138376100,peripheral,0.6707078095811165,2,0.24534176799862267,"Нет выраженной спецроли: in=1, out=0, оборот 15k KZT.",1,0,15300.0,0.0,1,0,0.00029043685037690294,0.0,7,0.0,2,False,False
100000003246024100,peripheral,0.65727470374753,1,0.5783279741975147,"Нет выраженной спецроли: in=1, out=1, оборот 30k KZT.",1,1,25000.0,5000.0,1,1,0.0003713400564301804,0.0008227960819234193,7,0.2,2,False,False
100000002680477100,peripheral,0.6841023389784573,14,0.1891258044968469,"Нет выраженной спецроли: in=1, out=0, оборот 25k KZT.",1,0,25000.0,0.0,1,0,0.00029455855419957777,0.0,1,0.0,2,False,False
100000005882013100,consolidator,0.8462902251381704,15,0.6187530379329528,"Консолидация: 2 плательщиков, 10 seed-маршрутов, вход 135k KZT.",2,1,135000.0,10000.0,3,1,0.0005264244942722106,0.0,10,0.07407407407407407,2,False,False
100000005665181100,distributor,0.8236336717188588,5,0.7598463675323768,"Распределение: 11 получателей, 11 переводов, выход 182k KZT.",4,11,45498.0,181915.0,5,11,0.0003985397345805535,0.0001903346851031624,7,3.998307617917271,2,False,False
100000008141170100,peripheral,0.6904607560906361,2,0.3037990784224874,"Нет выраженной спецроли: in=1, out=0, оборот 11k KZT.",1,0,11000.0,0.0,1,0,0.0006219001408928704,0.0,7,0.0,2,False,False
100000001382002100,transit,0.6473115909450446,1,0.48501261584070454,"Транзит: вход 55k, выход 56k KZT, коэффициент 1.03.",1,1,55000.0,56500.0,2,3,0.0006633074267595731,0.0,7,1.0272727272727273,2,False,False
100000002481735100,peripheral,0.5544113453925399,2,0.3339773665419471,"Нет выраженной спецроли: in=1, out=0, оборот 22k KZT.",1,0,22436.0,0.0,2,0,0.00036270354277617874,0.0,7,0.0,2,False,False
100000000806727100,peripheral,0.7701408901697087,3,0.41583578946525546,"Нет выраженной спецроли: in=1, out=1, оборот 50k KZT.",1,1,45000.0,5000.0,1,1,0.0003458595620044754,0.0,11,0.1111111111111111,2,False,False
100000003039473100,peripheral,0.634613067967336,2,0.29817331850602746,"Нет выраженной спецроли: in=1, out=0, оборот 23k KZT.",1,0,23000.0,0.0,1,0,0.0003122138956605188,0.0,7,0.0,2,False,False
100000005205745100,peripheral,0.7185432583571818,6,0.24717617441364065,"Нет выраженной спецроли: in=1, out=0, оборот 6k KZT.",1,0,6000.0,0.0,1,0,0.0003122614004459651,0.0,7,0.0,2,False,False
100000004356593100,peripheral,0.7313415013899662,3,0.36004383428431735,"Нет выраженной спецроли: in=1, out=1, оборот 60k KZT.",1,1,50000.0,10000.0,1,1,0.00029345166926508727,1.3357079252003561e-05,7,0.2,2,False,False
100000008688881100,peripheral,0.636266890202392,4,0.22981689105778966,"Нет выраженной спецроли: in=1, out=0, оборот 44k KZT.",1,0,44211.0,0.0,1,0,0.0003005849993562214,0.0,1,0.0,2,False,False
100000008111003100,coordinator,0.788669189152977,1,0.7704843204345228,"Структурный кандидат: degree=7, seed-маршрутов 7, betweenness=0.0005.",6,1,222716.0,35000.0,9,1,0.00046962170073524596,0.000459126940020059,7,0.15715081089818422,2,False,False
100000003016773100,terminal,0.4857570787209261,11,0.42964940891570574,"Наблюдаемый сток: 1 плательщиков, вход 47k KZT, depth=2<4, исходящих нет.",1,0,46555.0,0.0,1,0,0.00031479566469907517,0.0,9,0.0,2,False,False
100000004674799100,terminal,0.6350605494397357,1,0.46991840414889663,"Наблюдаемый сток: 1 плательщиков, вход 140k KZT, depth=2<4, исходящих нет.",1,0,140000.0,0.0,5,0,0.0007906731933061705,0.0,7,0.0,2,False,False
100000005834479100,peripheral,0.5399244808248678,9,0.31106415998322257,"Нет выраженной спецроли: in=1, out=2, оборот 22k KZT.",1,2,7500.0,14470.0,1,2,0.00028675165047446034,1.8259000410845235e-06,7,1.9293333333333333,2,False,False
100000003278020100,terminal,0.5380863880616759,1,0.4184749720507427,"Наблюдаемый сток: 1 плательщиков, вход 190k KZT, depth=2<4, исходящих нет.",1,0,190000.0,0.0,1,0,0.0003245512930395254,0.0,7,0.0,2,False,False
100000000831684100,peripheral,0.7067842214681532,12,0.30606110158539557,"Нет выраженной спецроли: in=1, out=1, оборот 65k KZT.",1,1,15000.0,50000.0,2,3,0.0018906089223340397,0.0,1,3.3333333333333335,2,False,False
100000000307908100,peripheral,0.7889754124145407,42,0.12948778931935903,"Нет выраженной спецроли: in=1, out=0, оборот 5k KZT.",1,0,5000.0,0.0,1,0,0.0002964337747494595,0.0,1,0.0,2,False,False
100000001782980100,peripheral,0.8755902173902536,30,0.29331458696662405,"Нет выраженной спецроли: in=1, out=1, оборот 646k KZT.",1,1,50000.0,596200.0,1,3,0.0003702831507848959,0.0,1,11.924,2,False,False
100000002454724100,terminal,0.6136190263209687,31,0.4095684528581959,"Наблюдаемый сток: 1 плательщиков, вход 125k KZT, depth=2<4, исходящих нет.",1,0,125000.0,0.0,3,0,0.00030118599844023634,0.0,7,0.0,2,False,False
100000005904580100,consolidator,0.6952624353510162,12,0.47083152967422065,"Консолидация: 2 плательщиков, 7 seed-маршрутов, вход 72k KZT.",2,0,72000.0,0.0,2,0,0.0005227099859368698,0.0,7,0.0,2,False,False
100000008474308100,transit,0.5127754439285618,1,0.3816859436708651,"Транзит: вход 14k, выход 10k KZT, коэффициент 0.71.",1,1,14000.0,10000.0,2,1,0.0004450220360099154,0.0,7,0.7142857142857143,2,False,False
100000000795033100,peripheral,0.6543660144768555,1,0.3183852377821455,"Нет выраженной спецроли: in=1, out=0, оборот 18k KZT.",1,0,18200.0,0.0,1,0,0.0005330176535576376,0.0,7,0.0,2,False,False
100000000861294100,peripheral,0.5383747777817212,6,0.3056714372942228,"Нет выраженной спецроли: in=1, out=0, оборот 150k KZT.",1,0,150000.0,0.0,1,0,0.00031399890954633404,0.0,1,0.0,2,False,False
100000006557763100,peripheral,0.6356838495303976,3,0.37129390185443145,"Нет выраженной спецроли: in=1, out=0, оборот 10k KZT.",1,0,10000.0,0.0,1,0,0.0003471751881752853,0.0,10,0.0,2,False,False
100000005608515100,terminal,0.513291133369684,6,0.2690207807847415,"Наблюдаемый сток: 1 плательщиков, вход 64k KZT, depth=2<4, исходящих нет.",1,0,64000.0,0.0,4,0,0.0002931596353300166,0.0,1,0.0,2,False,False
100000003922499100,peripheral,0.6200837533030267,12,0.2832477425534337,"Нет выраженной спецроли: in=1, out=0, оборот 50k KZT.",1,0,50000.0,0.0,1,0,0.0005352399237782651,0.0,1,0.0,2,False,False
100000008603629100,distributor,0.989455223838345,9,0.8993424781797139,"Распределение: 61 получателей, 74 переводов, выход 5.0m KZT.",19,61,1817300.0,4986156.0,45,74,0.0011918072731347837,0.003989772697278349,7,2.7437165025037142,2,False,False
100000004825069100,peripheral,0.5526313507644954,4,0.23154090454363663,"Нет выраженной спецроли: in=1, out=0, оборот 30k KZT.",1,0,30000.0,0.0,4,0,0.00029575841353528677,0.0,1,0.0,2,False,False
100000004331458100,terminal,0.7142430825990584,48,0.44948770196122195,"Наблюдаемый сток: 2 плательщиков, вход 250k KZT, depth=2<4, исходящих нет.",2,0,250000.0,0.0,2,0,0.0013234381164598692,0.0,1,0.0,2,False,False
100000002911170100,terminal,0.6486711568740058,31,0.45775686974708857,"Наблюдаемый сток: 1 плательщиков, вход 300k KZT, depth=2<4, исходящих нет.",1,0,300000.0,0.0,2,0,0.00032304938435236,0.0,7,0.0,2,False,False
100000008011159100,consolidator,0.7808275836202141,41,0.7511678356672877,"Консолидация: 3 плательщиков, 7 seed-маршрутов, вход 363k KZT.",3,5,363000.0,153037.0,6,5,0.0004861091667224926,8.516374789749678e-05,7,0.4215895316804408,2,False,False
100000003854444100,distributor,0.9296842710179307,20,0.8451010838442967,"Распределение: 14 получателей, 14 переводов, выход 2.3m KZT.",1,14,210000.0,2322909.0,4,14,0.00046676162714719263,0.0005580448058977141,7,11.061471428571428,2,False,False
100000008547948100,distributor,0.9708156638716362,10,0.920277159050962,"Распределение: 26 получателей, 31 переводов, выход 5.2m KZT.",6,26,212665.0,5185600.0,7,31,0.0004277037249167612,0.0009045867735033052,8,24.383890155878966,2,False,False
100000005175148100,consolidator,0.717767278983555,2,0.5032219527069057,"Консолидация: 2 плательщиков, 7 seed-маршрутов, вход 79k KZT.",2,1,79000.0,15000.0,4,1,0.0007181459635567832,0.0,7,0.189873417721519,2,False,False
100000002087788100,terminal,0.4984218368377411,5,0.4259313573908006,"Наблюдаемый сток: 1 плательщиков, вход 100k KZT, depth=2<4, исходящих нет.",1,0,100500.0,0.0,1,0,0.0006585724738436675,0.0,7,0.0,2,False,False
100000004150593100,distributor,0.888239923452778,2,0.7725915532423223,"Распределение: 11 получателей, 16 переводов, выход 871k KZT.",1,11,57000.0,871165.0,2,16,0.0003066265725556523,0.00015973252861053395,7,15.28359649122807,2,False,False
100000001597505100,peripheral,0.5283288841192953,34,0.42523051516038324,"Нет выраженной спецроли: in=1, out=1, оборот 39k KZT.",1,1,26460.0,12920.0,1,1,0.00031475890283167617,0.0,8,0.48828420256991684,2,False,False
100000007629121100,peripheral,0.5462799510716487,3,0.4346937166524669,"Нет выраженной спецроли: in=1, out=0, оборот 29k KZT.",1,0,29000.0,0.0,1,0,0.0003960360915614083,0.0,10,0.0,2,False,False
100000005614315100,terminal,0.5864771405548761,2,0.4840207977139766,"Наблюдаемый сток: 1 плательщиков, вход 455k KZT, depth=2<4, исходящих нет.",1,0,455000.0,0.0,1,0,0.0005750924282981935,0.0,7,0.0,2,False,False
100000008324800100,consolidator,0.8234344702090385,5,0.6478937091284798,"Консолидация: 3 плательщиков, 7 seed-маршрутов, вход 526k KZT.",3,1,526500.0,511000.0,17,13,0.0018517826355651504,1.3357079252003561e-05,7,0.9705603038936372,2,False,False
100000005030592100,peripheral,0.6984729954378708,2,0.22141067231706488,"Нет выраженной спецроли: in=1, out=0, оборот 10k KZT.",1,0,10000.0,0.0,1,0,0.0002887507034719393,0.0,7,0.0,2,False,False
100000001633685100,terminal,0.690840241189509,1,0.4242807102066132,"Наблюдаемый сток: 3 плательщиков, вход 45k KZT, depth=2<4, исходящих нет.",3,0,45000.0,0.0,3,0,0.0003061866332400334,0.0,7,0.0,2,False,False
100000001848426100,peripheral,0.5699477605559733,6,0.2775439651550201,"Нет выраженной спецроли: in=1, out=0, оборот 96k KZT.",1,0,95530.0,0.0,1,0,0.0003036751685665142,0.0,1,0.0,2,False,False
100000004580202100,coordinator,0.6094155476979588,24,0.5833370547019173,"Структурный кандидат: degree=4, seed-маршрутов 7, betweenness=0.0000.",1,3,9000.0,45000.0,1,4,0.00032162328322811565,4.007123775601068e-05,7,5.0,2,False,False
100000008717375100,peripheral,0.5636984058359118,3,0.37665148232178963,"Нет выраженной спецроли: in=1, out=0, оборот 30k KZT.",1,0,29506.0,0.0,1,0,0.0003017749691235294,0.0,8,0.0,2,False,False
100000007861311100,peripheral,0.6338076880265081,6,0.257143157573607,"Нет выраженной спецроли: in=1, out=0, оборот 45k KZT.",1,0,45000.0,0.0,1,0,0.0003585524623513075,0.0,1,0.0,2,False,False
100000005578559100,distributor,0.9203716390277596,8,0.8177262452661662,"Распределение: 21 получателей, 23 переводов, выход 893k KZT.",2,21,131000.0,893163.67,2,23,0.0003910151132301349,0.00023943801325813788,7,6.818043282442749,2,False,False
100000008764436100,peripheral,0.7427265456874328,4,0.1407348462419602,"Нет выраженной спецроли: in=1, out=0, оборот 13k KZT.",1,0,13100.0,0.0,1,0,0.00029001854298614906,0.0,1,0.0,2,False,False
100000000190228100,peripheral,0.719431621524464,19,0.5037695490348286,"Нет выраженной спецроли: in=1, out=1, оборот 34k KZT.",1,1,5000.0,28560.0,1,1,0.0005820068181865647,1.4841199168892845e-05,8,5.712,2,False,False
100000003971049100,terminal,0.5769123173454473,1,0.36525852721765484,"Наблюдаемый сток: 1 плательщиков, вход 56k KZT, depth=2<4, исходящих нет.",1,0,55900.0,0.0,7,0,0.00029426514402485876,0.0,7,0.0,2,False,False
100000008743913100,distributor,0.9106783940936345,18,0.8805640589000923,"Распределение: 13 получателей, 13 переводов, выход 1.9m KZT.",3,13,149300.0,1850600.0,3,13,0.00033210781237653756,0.00021941786734752005,9,12.395177494976558,2,False,False
100000004400361100,peripheral,0.6984729954378708,2,0.21520515630283,"Нет выраженной спецроли: in=1, out=0, оборот 10k KZT.",1,0,10000.0,0.0,1,0,0.0002872256288669924,0.0,7,0.0,2,False,False
100000002175422100,distributor,0.8727178793248898,32,0.8144080617084556,"Распределение: 6 получателей, 14 переводов, выход 1.6m KZT.",3,6,68500.0,1621188.0,5,14,0.0008458861317816028,0.00010721401406290485,7,23.66697810218978,2,False,False
100000004544958100,coordinator,0.662600046201732,13,0.6268688369555567,"Структурный кандидат: degree=3, seed-маршрутов 8, betweenness=0.0000.",1,2,168000.0,23200.0,3,2,0.001214607508891017,1.3357079252003561e-05,8,0.1380952380952381,2,False,False
100000008466579100,distributor,0.9327080136788527,11,0.8782926513455052,"Распределение: 17 получателей, 20 переводов, выход 1.9m KZT.",2,17,36952.0,1933000.0,2,20,0.0003534138885849357,0.00023200563494419238,8,52.31110630006495,2,False,False
100000001184915100,terminal,0.6261416917788108,2,0.4496404650218833,"Наблюдаемый сток: 1 плательщиков, вход 201k KZT, depth=2<4, исходящих нет.",1,0,201000.0,0.0,2,0,0.00034951562023572384,0.0,7,0.0,2,False,False
100000004435304100,peripheral,0.6764867451434619,4,0.19354355705291215,"Нет выраженной спецроли: in=1, out=0, оборот 26k KZT.",1,0,26200.0,0.0,1,0,0.0002944677917550073,0.0,1,0.0,2,False,False
100000008762728100,peripheral,0.6630922157461211,2,0.28479577829597913,"Нет выраженной спецроли: in=1, out=0, оборот 17k KZT.",1,0,17026.0,0.0,1,0,0.00031770106594377663,0.0,7,0.0,2,False,False
100000004285800100,peripheral,0.6304783040710598,1,0.40996267445281936,"Нет выраженной спецроли: in=1, out=1, оборот 20k KZT.",1,1,5000.0,15000.0,1,1,0.0003442181347833002,0.0,10,3.0,2,False,False
100000008557672100,peripheral,0.6243675248352116,4,0.23970489103797965,"Нет выраженной спецроли: in=1, out=0, оборот 49k KZT.",1,0,49125.0,0.0,1,0,0.0003022539771005091,0.0,1,0.0,2,False,False
100000005142589100,terminal,0.522220567572102,1,0.36530958789677104,"Наблюдаемый сток: 1 плательщиков, вход 50k KZT, depth=2<4, исходящих нет.",1,0,50000.0,0.0,2,0,0.0003103697710860754,0.0,7,0.0,2,False,False
100000003747133100,consolidator,0.7706820286310709,46,0.7247886183185832,"Консолидация: 5 плательщиков, 7 seed-маршрутов, вход 237k KZT.",5,2,237068.0,250000.0,8,2,0.0003780707341340088,6.67853962600178e-05,7,1.0545497494389795,2,False,False
100000003289405100,terminal,0.5141410880387683,3,0.35214004347097005,"Наблюдаемый сток: 1 плательщиков, вход 355k KZT, depth=2<4, исходящих нет.",1,0,355000.0,0.0,1,0,0.00033900466723614563,0.0,1,0.0,2,False,False
100000002691858100,terminal,0.49056270023843096,34,0.43213444370935417,"Наблюдаемый сток: 1 плательщиков, вход 52k KZT, depth=2<4, исходящих нет.",1,0,51500.0,0.0,1,0,0.000342382024513619,0.0,8,0.0,2,False,False
100000007534354100,distributor,0.5343659942363113,8,0.3519411726225792,"Распределение: 3 получателей, 3 переводов, выход 148k KZT.",1,3,50000.0,147810.0,1,3,0.00030354781418186465,0.0,1,2.9562,2,False,False
100000000765628100,peripheral,0.7282214088558219,2,0.24445387028021312,"Нет выраженной спецроли: in=1, out=0, оборот 5k KZT.",1,0,5000.0,0.0,1,0,0.0003154241694621746,0.0,7,0.0,2,False,False
100000004962193100,terminal,0.9143103227851573,1,0.6122165543355863,"Наблюдаемый сток: 8 плательщиков, вход 900k KZT, depth=2<4, исходящих нет.",8,0,900468.0,0.0,11,0,0.0006573150442725716,0.0,7,0.0,2,False,False
100000005032294100,peripheral,0.6541335826264829,16,0.34944392409642433,"Нет выраженной спецроли: in=1, out=0, оборот 10k KZT.",1,0,10000.0,0.0,1,0,0.00039238727982301855,0.0,8,0.0,2,False,False
100000001251686100,peripheral,0.6009496302545951,3,0.35636807516243524,"Нет выраженной спецроли: in=1, out=0, оборот 18k KZT.",1,0,18000.0,0.0,1,0,0.0002965688423999929,0.0,9,0.0,2,False,False
100000002398779100,consolidator,0.942040693772726,1,0.7104753069700969,"Консолидация: 13 плательщиков, 8 seed-маршрутов, вход 1.1m KZT.",13,1,1095690.0,66000.0,28,3,0.0016005031258790243,5.936479667557138e-06,8,0.06023601566136407,2,False,False
100000008512827100,distributor,0.8901200579765942,14,0.8634438332982116,"Распределение: 10 получателей, 10 переводов, выход 1.9m KZT.",3,10,107949.0,1944500.0,3,10,0.0003352561979240575,0.00012177380599019069,9,18.01313583266172,2,False,False
100000003943483100,peripheral,0.6541335826264829,12,0.3371885860181325,"Нет выраженной спецроли: in=1, out=0, оборот 10k KZT.",1,0,10000.0,0.0,1,0,0.0003289649862338494,0.0,8,0.0,2,False,False
100000005031696100,coordinator,0.80412709922032,50,0.7931208689969071,"Структурный кандидат: degree=3, seed-маршрутов 10, betweenness=0.0001.",1,2,5000.0,115000.0,1,3,0.0005397118809391454,7.123775601068566e-05,10,23.0,2,False,False
100000002703376100,peripheral,0.5696425330625309,1,0.3162215350622484,"Нет выраженной спецроли: in=1, out=0, оборот 47k KZT.",1,0,46501.0,0.0,1,0,0.00029280302788279564,0.0,7,0.0,2,False,False
100000003617552100,peripheral,0.6841023389784573,30,0.2445973347459572,"Нет выраженной спецроли: in=1, out=0, оборот 25k KZT.",1,0,25000.0,0.0,1,0,0.0005510452542740759,0.0,1,0.0,2,False,False
100000007617808100,terminal,0.5857631786328453,2,0.4612974879713643,"Наблюдаемый сток: 1 плательщиков, вход 450k KZT, depth=2<4, исходящих нет.",1,0,450000.0,0.0,1,0,0.0003601043534538582,0.0,7,0.0,2,False,False
100000002613776100,peripheral,0.5231556790280794,1,0.3285005698087015,"Нет выраженной спецроли: in=1, out=0, оборот 30k KZT.",1,0,30000.0,0.0,2,0,0.00030148630332664647,0.0,7,0.0,2,False,False
100000002578405100,distributor,0.9702149493554068,7,0.770237358017872,"Распределение: 116 получателей, 120 переводов, выход 3.1m KZT.",2,116,1200351.0,3108352.0,7,120,0.0005700071256448129,0.00017720093990952328,1,2.589535894084314,2,False,False
100000006161893100,peripheral,0.6795133399528301,2,0.30210968606714667,"Нет выраженной спецроли: in=1, out=0, оборот 14k KZT.",1,0,14000.0,0.0,1,0,0.0005318535188146678,0.0,7,0.0,2,False,False
100000002633701100,terminal,0.4995445331883604,19,0.32914851337592793,"Наблюдаемый сток: 1 плательщиков, вход 267k KZT, depth=2<4, исходящих нет.",1,0,266850.0,0.0,1,0,0.00031067978540157034,0.0,1,0.0,2,False,False
100000002432143100,terminal,0.5330372237798563,3,0.4675583149638976,"Наблюдаемый сток: 1 плательщиков, вход 81k KZT, depth=2<4, исходящих нет.",1,0,81310.0,0.0,1,0,0.00033525669770259663,0.0,9,0.0,2,False,False
100000000490383100,distributor,0.803390979657236,2,0.7193019397848156,"Распределение: 8 получателей, 9 переводов, выход 461k KZT.",3,8,62600.0,461375.0,3,9,0.0005480373500605439,3.33926981300089e-05,7,7.37020766773163,2,False,False
100000005809252100,peripheral,0.6233483354197384,5,0.34257053314453373,"Нет выраженной спецроли: in=1, out=0, оборот 25k KZT.",1,0,25000.0,0.0,1,0,0.000567128634229815,0.0,7,0.0,2,False,False
100000006612238100,peripheral,0.7611131123919308,4,0.2855677558224035,"Нет выраженной спецроли: in=1, out=1, оборот 185k KZT.",1,1,160000.0,25000.0,1,1,0.00033991126391326877,0.0,1,0.15625,2,False,False
100000002593038100,peripheral,0.5658402916020043,12,0.42481687493529013,"Нет выраженной спецроли: in=1, out=0, оборот 28k KZT.",1,0,28500.0,0.0,1,0,0.0006586124144995191,0.0,8,0.0,2,False,False
100000002947299100,terminal,0.5362103878777711,3,0.47087060897233574,"Наблюдаемый сток: 1 плательщиков, вход 85k KZT, depth=2<4, исходящих нет.",1,0,85000.0,0.0,1,0,0.0003375116050800505,0.0,9,0.0,2,False,False
100000004336312100,consolidator,0.7510654781685666,47,0.6484802876860529,"Консолидация: 3 плательщиков, 7 seed-маршрутов, вход 90k KZT.",3,2,90415.0,72650.0,7,3,0.0006960070275624514,2.003561887800534e-05,7,0.8035171155228668,2,False,False
100000001308856100,peripheral,0.6738688847626821,4,0.19580854599343928,"Нет выраженной спецроли: in=1, out=0, оборот 27k KZT.",1,0,27000.0,0.0,1,0,0.0002947395016034872,0.0,1,0.0,2,False,False
100000008238989100,terminal,0.6246344388323014,24,0.44164093465790366,"Наблюдаемый сток: 1 плательщиков, вход 200k KZT, depth=2<4, исходящих нет.",1,0,200000.0,0.0,2,0,0.000323247651083571,0.0,7,0.0,2,False,False
100000005561741100,peripheral,0.5682660400460731,8,0.4007361247815444,"Нет выраженной спецроли: in=1, out=0, оборот 25k KZT.",1,0,25000.0,0.0,1,0,0.00032984571931941946,0.0,9,0.0,2,False,False
100000006248077100,peripheral,0.5593297497443078,2,0.3253045708452486,"Нет выраженной спецроли: in=1, out=0, оборот 50k KZT.",1,0,50000.0,0.0,1,0,0.00029385096746579835,0.0,7,0.0,2,False,False
100000000646541100,consolidator,0.6706139515975519,1,0.4334851169113286,"Консолидация: 3 плательщиков, 7 seed-маршрутов, вход 25k KZT.",3,0,25300.0,0.0,4,0,0.0005058630830440054,0.0,7,0.0,2,False,False
100000006595426100,terminal,0.5837119546981219,1,0.40833285401318353,"Наблюдаемый сток: 1 плательщиков, вход 85k KZT, depth=2<4, исходящих нет.",1,0,84800.0,0.0,3,0,0.00033431978040964773,0.0,7,0.0,2,False,False
100000002956898100,terminal,0.7831679837099079,2,0.5218858349852546,"Наблюдаемый сток: 2 плательщиков, вход 290k KZT, depth=2<4, исходящих нет.",2,0,290240.0,0.0,2,0,0.000376841314812201,0.0,7,0.0,2,False,False
100000001262647100,peripheral,0.6313605747669733,2,0.29353484852505596,"Нет выраженной спецроли: in=1, out=0, оборот 24k KZT.",1,0,23650.0,0.0,1,0,0.00030339197249201576,0.0,7,0.0,2,False,False
100000005849100100,peripheral,0.5330319909628545,3,0.4504297306662927,"Нет выраженной спецроли: in=1, out=0, оборот 33k KZT.",1,0,33300.0,0.0,1,0,0.0004907169210974125,0.0,10,0.0,2,False,False
100000000533217100,peripheral,0.550127573860355,1,0.39338315948462466,"Нет выраженной спецроли: in=1, out=0, оборот 54k KZT.",1,0,53587.0,0.0,1,0,0.0006536029907362595,0.0,7,0.0,2,False,False
100000002812641100,transit,0.5822681741159733,19,0.4704413747724375,"Транзит: вход 10k, выход 7k KZT, коэффициент 0.70.",1,1,10000.0,7023.95,1,1,0.0020638538513460323,0.0,8,0.702395,2,False,False
100000008647905100,coordinator,0.6062567946468115,20,0.6068327647489745,"Структурный кандидат: degree=3, seed-маршрутов 7, betweenness=0.0000.",1,2,50000.0,344222.0,1,2,0.0003287103258672675,2.6714158504007122e-05,7,6.88444,2,False,False
100000002842337100,peripheral,0.6200837533030267,6,0.26723350767798887,"Нет выраженной спецроли: in=1, out=0, оборот 50k KZT.",1,0,50000.0,0.0,1,0,0.0003666617032550871,0.0,1,0.0,2,False,False
100000002445750100,peripheral,0.7302946307753156,1,0.45397517801038556,"Нет выраженной спецроли: in=1, out=1, оборот 80k KZT.",1,1,70000.0,10000.0,1,1,0.0005372906870343848,1.3401751757863106e-05,7,0.14285714285714285,2,False,False
100000005619339100,transit,0.6755623043912931,2,0.37943675322910314,"Транзит: вход 5k, выход 5k KZT, коэффициент 1.09.",1,1,5000.0,5442.6,1,1,0.0003208258534858518,0.0,7,1.0885200000000002,2,False,False
100000006844768100,coordinator,0.7089964813071239,1,0.6770186754792543,"Структурный кандидат: degree=3, seed-маршрутов 7, betweenness=0.0000.",1,2,282000.0,188000.0,5,5,0.0013707774167539043,2.6714158504007122e-05,7,0.6666666666666666,2,False,False
100000002488629100,peripheral,0.5901766816801799,6,0.2576515351690116,"Нет выраженной спецроли: in=1, out=0, оборот 73k KZT.",1,0,73050.0,0.0,1,0,0.00029941451688253495,0.0,1,0.0,2,False,False
100000002796853100,peripheral,0.7745494682843348,64,0.32904270027156396,"Нет выраженной спецроли: in=1, out=1, оборот 245k KZT.",1,1,199000.0,46167.62,8,5,0.002113598432710708,0.0,1,0.23199809045226133,2,False,False
100000006755850100,terminal,0.755669106900301,5,0.6182808982843018,"Наблюдаемый сток: 1 плательщиков, вход 443k KZT, depth=2<4, исходящих нет.",1,0,443475.8,0.0,3,0,0.0006492085817124323,0.0,11,0.0,2,False,False
100000008733194100,distributor,0.7898774508416232,15,0.7632457728713509,"Распределение: 8 получателей, 8 переводов, выход 160k KZT.",4,8,251424.0,159695.0,4,8,0.00047072559440912876,0.0001439596319382606,7,0.6351621165839378,2,False,False
100000001904863100,terminal,0.6591142564923227,16,0.5844320440520021,"Наблюдаемый сток: 1 плательщиков, вход 500k KZT, depth=2<4, исходящих нет.",1,0,500000.0,0.0,1,0,0.0004817984770777493,0.0,11,0.0,2,False,False
100000001641951100,terminal,0.557040367099757,3,0.4447406625110624,"Наблюдаемый сток: 1 плательщиков, вход 25k KZT, depth=2<4, исходящих нет.",1,0,25000.0,0.0,4,0,0.0003190638874323934,0.0,11,0.0,2,False,False
100000004816564100,peripheral,0.7553631869914128,2,0.4709295177166052,"Нет выраженной спецроли: in=1, out=1, оборот 290k KZT.",1,1,285480.0,5000.0,1,1,0.0003763921656189936,1.3401751757863106e-05,7,0.01751436177665686,2,False,False
100000002205022100,coordinator,0.8072352536446434,54,0.8083916468701813,"Структурный кандидат: degree=4, seed-маршрутов 10, betweenness=0.0000.",1,3,7100.0,518000.0,1,3,0.0005456370301467019,4.007123775601068e-05,10,72.95774647887323,2,False,False
100000002267998100,consolidator,0.7875426489709398,24,0.747326153333523,"Консолидация: 2 плательщиков, 7 seed-маршрутов, вход 420k KZT.",2,3,420000.0,1115000.0,4,12,0.0015848317238056795,4.007123775601068e-05,7,2.6547619047619047,2,False,False
100000002199091100,peripheral,0.597950933720071,4,0.2612542810060235,"Нет выраженной спецроли: in=1, out=0, оборот 65k KZT.",1,0,65000.0,0.0,1,0,0.0003076457194062819,0.0,1,0.0,2,False,False
100000008571443100,terminal,0.6807541124497085,15,0.4367090302605906,"Наблюдаемый сток: 2 плательщиков, вход 65k KZT, depth=2<4, исходящих нет.",2,0,65000.0,0.0,2,0,0.00031474857317144927,0.0,7,0.0,2,False,False
100000002742067100,peripheral,0.6841937569972544,2,0.23392107455209749,"Нет выраженной спецроли: in=1, out=0, оборот 13k KZT.",1,0,12730.0,0.0,1,0,0.0002896192281984583,0.0,7,0.0,2,False,False
100000003292979100,terminal,0.4983823336065018,3,0.451506059829304,"Наблюдаемый сток: 1 плательщиков, вход 49k KZT, depth=2<4, исходящих нет.",1,0,48950.0,0.0,1,0,0.0003303145122730734,0.0,10,0.0,2,False,False
100000002558173100,peripheral,0.6615905182565827,34,0.3073006384940775,"Нет выраженной спецроли: in=1, out=0, оборот 9k KZT.",1,0,9300.0,0.0,1,0,0.0002958286804649773,0.0,8,0.0,2,False,False
100000004687282100,peripheral,0.646671091539412,2,0.3000470219020789,"Нет выраженной спецроли: in=1, out=0, оборот 20k KZT.",1,0,20000.0,0.0,1,0,0.0003322717689149048,0.0,7,0.0,2,False,False
100000003034546100,terminal,0.6102879602055862,19,0.3815351958679621,"Наблюдаемый сток: 1 плательщиков, вход 487k KZT, depth=2<4, исходящих нет.",1,0,486715.0,0.0,2,0,0.000331369004604237,0.0,1,0.0,2,False,False
100000003798151100,terminal,0.67724096648416,2,0.4999931157056159,"Наблюдаемый сток: 1 плательщиков, вход 350k KZT, depth=2<4, исходящих нет.",1,0,350000.0,0.0,3,0,0.0005753929174195443,0.0,7,0.0,2,False,False
100000008710791100,distributor,0.9569055275926692,10,0.9005110276727549,"Распределение: 23 получателей, 25 переводов, выход 5.5m KZT.",3,23,181510.0,5521511.0,3,25,0.00033426219607625717,0.00024128585994029838,9,30.41987218335078,2,False,False
100000008688476100,peripheral,0.6894967179449125,4,0.18423621264339932,"Нет выраженной спецроли: in=1, out=0, оборот 24k KZT.",1,0,24000.0,0.0,1,0,0.0002937205896716876,0.0,1,0.0,2,False,False
100000003242289100,distributor,0.9507681615644623,17,0.843127065268391,"Распределение: 23 получателей, 26 переводов, выход 2.4m KZT.",3,23,550791.0,2377741.0,8,26,0.0004397217042853967,0.0003658495568464927,7,4.316956885642648,2,False,False
100000006564102100,terminal,0.6071306054661663,3,0.5317477347306085,"Наблюдаемый сток: 1 плательщиков, вход 233k KZT, depth=2<4, исходящих нет.",1,0,233235.0,0.0,1,0,0.00042809593979465266,0.0,9,0.0,2,False,False
100000001526235100,distributor,0.8410297639605262,27,0.8055169466256237,"Распределение: 8 получателей, 9 переводов, выход 433k KZT.",3,8,82000.0,432750.0,4,9,0.0008778562267377687,0.00017422277285222037,7,5.277439024390244,2,False,False
100000004398811100,distributor,0.6263688760806917,3,0.4325318309617582,"Распределение: 3 получателей, 4 переводов, выход 1.0m KZT.",1,3,426000.0,1040672.0,1,4,0.00034969174183991655,0.0,1,2.4428920187793426,2,False,False
100000002957787100,distributor,0.9578794947430402,1,0.8744495787163553,"Распределение: 34 получателей, 41 переводов, выход 1.3m KZT.",4,34,84956.0,1276153.96,7,41,0.0006138323786231608,0.002753707032900968,7,15.02135175855737,2,False,False
100000002621915100,peripheral,0.7282214088558219,2,0.2736798489278999,"Нет выраженной спецроли: in=1, out=0, оборот 5k KZT.",1,0,5000.0,0.0,1,0,0.000532039201173054,0.0,7,0.0,2,False,False
100000008283183100,peripheral,0.6698231005378408,4,0.1997154025955274,"Нет выраженной спецроли: in=1, out=0, оборот 29k KZT.",1,0,29000.0,0.0,1,0,0.0002954187762246869,0.0,1,0.0,2,False,False
100000003843844100,peripheral,0.7448492526240551,15,0.42562258511076567,"Нет выраженной спецроли: in=1, out=1, оборот 255k KZT.",1,1,16680.0,238000.0,1,1,0.00029174384813368293,1.3401751757863106e-05,7,14.268585131894485,3,False,False
100000000954884100,peripheral,0.5943932130262661,35,0.32332852986682,"Нет выраженной спецроли: in=1, out=0, оборот 34k KZT.",1,0,34000.0,0.0,1,0,0.00031150191855239327,0.0,7,0.0,3,False,False
100000005893892100,terminal,0.4995324442720113,5,0.34914448531782205,"Наблюдаемый сток: 1 плательщиков, вход 103k KZT, depth=3<4, исходящих нет.",1,0,102780.0,0.0,1,0,0.0002889003091286252,0.0,7,0.0,3,False,False
100000001819396100,terminal,0.529518844997306,28,0.4137354131024467,"Наблюдаемый сток: 1 плательщиков, вход 166k KZT, depth=3<4, исходящих нет.",1,0,166080.0,0.0,1,0,0.0003272175623678337,0.0,7,0.0,3,False,False
100000008472324100,terminal,0.5457019818966713,5,0.3911887544559815,"Наблюдаемый сток: 1 плательщиков, вход 205k KZT, depth=3<4, исходящих нет.",1,0,205200.0,0.0,1,0,0.0002922196567372928,0.0,7,0.0,3,False,False
100000002646745100,peripheral,0.7463756844000349,7,0.1276898687679403,"Нет выраженной спецроли: in=1, out=0, оборот 12k KZT.",1,0,12300.0,0.0,1,0,0.00028748905090124,0.0,1,0.0,3,False,False
100000008405209100,peripheral,0.5488583082211891,17,0.332852071091343,"Нет выраженной спецроли: in=1, out=0, оборот 54k KZT.",1,0,54400.0,0.0,1,0,0.00029413180237518533,0.0,7,0.0,3,False,False
100000004417753100,terminal,0.7568307216972152,3,0.5065350011352813,"Наблюдаемый сток: 2 плательщиков, вход 192k KZT, depth=3<4, исходящих нет.",2,0,192099.0,0.0,2,0,0.00039314677564997663,0.0,7,0.0,3,False,False
100000003457710100,peripheral,0.742232174395915,5,0.4670417277657061,"Нет выраженной спецроли: in=1, out=1, оборот 1.6m KZT.",1,1,326555.0,1306000.0,1,2,0.0002961526720570531,1.3401751757863106e-05,7,3.999326300316945,3,False,False
100000007333038100,peripheral,0.5543691863677751,14,0.28287278317987674,"Нет выраженной спецроли: in=1, out=2, оборот 52k KZT.",1,2,17500.0,34994.0,1,2,0.00029968918055683897,0.0,1,1.9996571428571428,3,False,False
100000006444163100,peripheral,0.7176706382302553,33,0.252101070415662,"Нет выраженной спецроли: in=1, out=0, оборот 6k KZT.",1,0,6026.0,0.0,1,0,0.00031891138227469064,0.0,7,0.0,3,False,False
100000008706947100,peripheral,0.7222596372558825,7,0.14588731620247467,"Нет выраженной спецроли: in=1, out=0, оборот 17k KZT.",1,0,17200.0,0.0,1,0,0.000288253832019236,0.0,1,0.0,3,False,False
100000008761219100,consolidator,0.708201911319178,18,0.6960811632557384,"Консолидация: 2 плательщиков, 9 seed-маршрутов, вход 50k KZT.",2,2,50000.0,375000.0,2,2,0.00029284083313645565,2.9929751657267235e-05,9,7.5,3,False,False
100000005022552100,peripheral,0.8882137347985699,2,0.34689111638345815,"Нет выраженной спецроли: in=1, out=1, оборот 246k KZT.",1,1,241000.0,5000.0,3,1,0.00035775639372368753,0.0,7,0.02074688796680498,3,False,False
100000008735832100,peripheral,0.7192451313628635,7,0.14806155642301727,"Нет выраженной спецроли: in=1, out=0, оборот 18k KZT.",1,0,17600.0,0.0,1,0,0.00028831626313090915,0.0,1,0.0,3,False,False
100000005661528100,peripheral,0.6233483354197384,9,0.2765562982690889,"Нет выраженной спецроли: in=1, out=0, оборот 25k KZT.",1,0,25000.0,0.0,1,0,0.0002910914967995321,0.0,7,0.0,3,False,False
100000002529880100,terminal,0.7832417573553847,11,0.5385890659511662,"Наблюдаемый сток: 2 плательщиков, вход 147k KZT, depth=3<4, исходящих нет.",2,0,147000.0,0.0,2,0,0.0003061335485198567,0.0,8,0.0,3,False,False
100000001969496100,peripheral,0.6354856880942625,16,0.27176151983472746,"Нет выраженной спецроли: in=1, out=0, оборот 23k KZT.",1,0,22740.0,0.0,1,0,0.0002919967925367141,0.0,7,0.0,3,False,False
100000003215448100,transit,0.5781020994139993,9,0.5705524860208306,"Транзит: вход 91k, выход 124k KZT, коэффициент 1.36.",1,2,91309.0,124000.0,1,4,0.00030414693187081325,2.6714158504007122e-05,7,1.3580260434349298,3,False,False
100000006894637100,peripheral,0.5520314723191038,1,0.3199466229467923,"Нет выраженной спецроли: in=1, out=0, оборот 53k KZT.",1,0,52831.0,0.0,1,0,0.0002902544663373193,0.0,7,0.0,3,False,False
100000002936322100,terminal,0.8221979021142596,22,0.5502748003873896,"Наблюдаемый сток: 2 плательщиков, вход 787k KZT, depth=3<4, исходящих нет.",2,0,787133.0,0.0,2,0,0.00036638128696323154,0.0,7,0.0,3,False,False
100000005061890100,terminal,0.4851738767289469,3,0.40904103483652854,"Наблюдаемый сток: 1 плательщиков, вход 90k KZT, depth=3<4, исходящих нет.",1,0,90000.0,0.0,1,0,0.0005346252088600028,0.0,7,0.0,3,False,False
100000004017410100,distributor,0.8008120403344978,47,0.7206527491271872,"Распределение: 5 получателей, 11 переводов, выход 1.3m KZT.",2,5,193650.0,1330915.0,6,11,0.0011315419625793077,2.6714158504007122e-05,7,6.872785954040795,3,False,False
100000002983426100,terminal,0.48366662378243735,8,0.3793544238673271,"Наблюдаемый сток: 1 плательщиков, вход 89k KZT, depth=3<4, исходящих нет.",1,0,88945.0,0.0,1,0,0.0003187086222678441,0.0,7,0.0,3,False,False
100000005530114100,consolidator,0.7186271145016987,17,0.5283599130649228,"Консолидация: 2 плательщиков, 7 seed-маршрутов, вход 137k KZT.",2,1,136970.0,25000.0,2,1,0.0004948738015345289,7.420599584446423e-06,7,0.1825217200846901,3,False,False
100000001169666100,peripheral,0.807627445308523,8,0.524840123893525,"Нет выраженной спецроли: in=1, out=1, оборот 244k KZT.",1,1,220000.0,24000.0,2,1,0.0003195447456388584,1.4841199168892845e-05,9,0.10909090909090909,3,False,False
100000001784279100,peripheral,0.5897921250842897,1,0.28936207778953116,"Нет выраженной спецроли: in=1, out=0, оборот 36k KZT.",1,0,35674.0,0.0,1,0,0.00028873294491877093,0.0,7,0.0,3,False,False
100000008744364100,peripheral,0.691003970891422,7,0.1699758456691592,"Нет выраженной спецроли: in=1, out=0, оборот 24k KZT.",1,0,23700.0,0.0,1,0,0.00028926833758392454,0.0,1,0.0,3,False,False
100000008714412100,terminal,0.586029064215033,8,0.4937494385486453,"Наблюдаемый сток: 1 плательщиков, вход 169k KZT, depth=3<4, исходящих нет.",1,0,169000.0,0.0,1,0,0.0003116686182638587,0.0,9,0.0,3,False,False
100000007754369100,peripheral,0.520934464159539,1,0.3473745345279297,"Нет выраженной спецроли: in=1, out=0, оборот 82k KZT.",1,0,82424.0,0.0,1,0,0.00029287884025694984,0.0,7,0.0,3,False,False
100000003122817100,terminal,0.5850492167108144,28,0.46604019557690757,"Наблюдаемый сток: 1 плательщиков, вход 445k KZT, depth=3<4, исходящих нет.",1,0,444680.0,0.0,1,0,0.0003970827328082313,0.0,7,0.0,3,False,False
100000003711830100,peripheral,0.5593297497443078,9,0.32893001568510627,"Нет выраженной спецроли: in=1, out=0, оборот 50k KZT.",1,0,50000.0,0.0,1,0,0.00029574224412010574,0.0,7,0.0,3,False,False
100000001110358100,terminal,0.6203846654868799,1,0.3719685290640848,"Наблюдаемый сток: 2 плательщиков, вход 32k KZT, depth=3<4, исходящих нет.",2,0,32000.0,0.0,2,0,0.00029298593062142844,0.0,7,0.0,3,False,False
100000006530134100,terminal,0.7382677117244139,5,0.45962554141974965,"Наблюдаемый сток: 2 плательщиков, вход 145k KZT, depth=3<4, исходящих нет.",2,0,144663.0,0.0,2,0,0.0002990877788977742,0.0,7,0.0,3,False,False
100000001639766100,peripheral,0.7074250950981309,6,0.23543681282734577,"Нет выраженной спецроли: in=1, out=0, оборот 20k KZT.",1,0,20000.0,0.0,1,0,0.0006506628579150655,0.0,1,0.0,3,False,False
100000003242795100,terminal,0.5045301777262271,5,0.35301272624712604,"Наблюдаемый сток: 1 плательщиков, вход 111k KZT, depth=3<4, исходящих нет.",1,0,111000.0,0.0,1,0,0.00028916671253951414,0.0,7,0.0,3,False,False
100000004970752100,peripheral,0.6984729954378708,1,0.3017265086159973,"Нет выраженной спецроли: in=1, out=0, оборот 10k KZT.",1,0,10000.0,0.0,1,0,0.0007428614561261706,0.0,7,0.0,3,False,False
100000004564736100,peripheral,0.5923306563626215,24,0.312758077253228,"Нет выраженной спецроли: in=1, out=0, оборот 15k KZT.",1,0,15000.0,0.0,2,0,0.00037675536447064306,0.0,7,0.0,3,False,False
100000005873152100,transit,0.7076368876080692,13,0.5148206538672636,"Транзит: вход 10k, выход 10k KZT, коэффициент 1.00.",1,1,10000.0,10000.0,1,1,0.0004674555308962058,0.0,11,1.0,3,False,False
100000001637376100,peripheral,0.576584932266317,5,0.4362307014757827,"Нет выраженной спецроли: in=1, out=1, оборот 351k KZT.",1,1,116700.0,234250.0,1,2,0.0002893514448317364,1.3357079252003561e-05,7,2.0072836332476434,3,False,False
100000006710485100,peripheral,0.7074250950981309,7,0.1569448199447835,"Нет выраженной спецроли: in=1, out=0, оборот 20k KZT.",1,0,20000.0,0.0,1,0,0.000288690849800948,0.0,1,0.0,3,False,False
100000003582677100,distributor,0.6587165884397841,3,0.6050079888428613,"Распределение: 4 получателей, 5 переводов, выход 56k KZT.",2,4,29756.989999999998,56000.0,2,5,0.00029329270913900144,6.318297408894547e-05,7,1.881910771217116,3,False,False
100000008713685100,peripheral,0.6234155756058373,7,0.22568746722468602,"Нет выраженной спецроли: in=1, out=0, оборот 50k KZT.",1,0,49700.0,0.0,1,0,0.0002933263598426788,0.0,1,0.0,3,False,False
100000008070101100,terminal,0.5399054019610057,10,0.4289880755828116,"Наблюдаемый сток: 1 плательщиков, вход 100k KZT, depth=3<4, исходящих нет.",1,0,100000.0,0.0,1,0,0.00029258785293762344,0.0,8,0.0,3,False,False
100000004475818100,coordinator,0.6039762337873666,5,0.5886428057992007,"Структурный кандидат: degree=4, seed-маршрутов 7, betweenness=0.0000.",1,3,13000.0,53989.0,1,3,0.0003098079503095039,4.610194725956079e-05,7,4.153,3,False,False
100000007197866100,transit,0.6250344221117936,9,0.417976094617376,"Транзит: вход 20k, выход 15k KZT, коэффициент 0.75.",1,1,20000.0,15000.0,1,1,0.0002896384741784168,1.3357079252003561e-05,7,0.75,3,False,False
100000006965162100,peripheral,0.6984729954378708,29,0.2564195691142179,"Нет выраженной спецроли: in=1, out=0, оборот 10k KZT.",1,0,10000.0,0.0,1,0,0.0003092890887695541,0.0,7,0.0,3,False,False
100000005995391100,peripheral,0.7222596372558825,7,0.14588731620247467,"Нет выраженной спецроли: in=1, out=0, оборот 17k KZT.",1,0,17200.0,0.0,1,0,0.000288253832019236,0.0,1,0.0,3,False,False
100000003834495100,consolidator,0.8124327094014061,1,0.5768534655203654,"Консолидация: 3 плательщиков, 7 seed-маршрутов, вход 602k KZT.",3,1,602441.0,20000.0,5,1,0.0006208601664329539,0.0,7,0.0331982716979754,3,False,False
100000001223977100,peripheral,0.6318610778851513,50,0.5060045619345861,"Нет выраженной спецроли: in=1, out=1, оборот 23k KZT.",1,1,5000.0,18000.0,1,1,0.00030554127989763816,1.7809439002671416e-05,10,3.6,3,False,False
100000001046057100,peripheral,0.5201411731350603,11,0.37604829589734645,"Нет выраженной спецроли: in=1, out=0, оборот 83k KZT.",1,0,83420.0,0.0,1,0,0.00031851488108134123,0.0,7,0.0,3,False,False
100000002989353100,transit,0.5957350278221887,14,0.428888542546328,"Транзит: вход 500k, выход 321k KZT, коэффициент 0.64.",1,2,500000.0,321160.0,2,2,0.00030938521828855235,0.0,2,0.64232,3,False,False
100000006714366100,transit,0.48559911638770115,15,0.35278385981498167,"Транзит: вход 10k, выход 5k KZT, коэффициент 0.48.",1,1,10500.0,5000.0,1,1,0.0002894561536970341,1.3357079252003561e-05,7,0.47619047619047616,3,False,False
100000001063678100,coordinator,0.5969381485430139,24,0.5834747063568643,"Структурный кандидат: degree=3, seed-маршрутов 7, betweenness=0.0000.",1,2,35000.0,90000.0,1,2,0.00032774872839870327,2.680350351572621e-05,7,2.5714285714285716,3,False,False
100000004889043100,terminal,0.810638518614713,1,0.4950654409505751,"Наблюдаемый сток: 2 плательщиков, вход 272k KZT, depth=3<4, исходящих нет.",2,0,272000.0,0.0,4,0,0.0002984972459578193,0.0,7,0.0,3,False,False
100000002984403100,transit,0.663960307717331,27,0.5164545104096648,"Транзит: вход 20k, выход 25k KZT, коэффициент 1.25.",1,1,20000.0,25000.0,1,1,0.00032010276016592864,1.4841199168892845e-05,7,1.25,3,False,False
100000003951827100,peripheral,0.5367027986081663,1,0.3091181105087361,"Нет выраженной спецроли: in=1, out=2, оборот 26k KZT.",1,2,9000.0,17000.0,1,2,0.0002860761739207681,1.1489615229597418e-06,7,1.8888888888888888,3,False,False
100000000933075100,coordinator,0.6403564567651719,12,0.5977290323099039,"Структурный кандидат: degree=3, seed-маршрутов 8, betweenness=0.0000.",1,2,40000.0,55000.0,1,2,0.0008086964755110837,1.3357079252003561e-05,8,1.375,3,False,False
100000008502995100,peripheral,0.5417980181033287,1,0.36811825482239063,"Нет выраженной спецроли: in=1, out=0, оборот 25k KZT.",1,0,25000.0,0.0,2,0,0.0007270949451502088,0.0,7,0.0,3,False,False
100000008086440100,distributor,0.696349286333037,9,0.6249322018051833,"Распределение: 5 получателей, 6 переводов, выход 161k KZT.",1,5,199733.0,161300.0,1,6,0.0003376739457034379,2.000188887989422e-05,7,0.8075781167859092,3,False,False
100000008465789100,distributor,0.9313417561699213,11,0.8394909067297471,"Распределение: 16 получателей, 17 переводов, выход 1.9m KZT.",1,16,30099.0,1858100.0,1,17,0.0002898880397943201,0.00041949945111120535,8,61.732947938469714,3,False,False
100000002550141100,terminal,0.49858049504263685,9,0.38155433092790947,"Наблюдаемый сток: 1 плательщиков, вход 101k KZT, depth=3<4, исходящих нет.",1,0,100586.0,0.0,1,0,0.0003077875449747836,0.0,7,0.0,3,False,False
100000008739887100,consolidator,0.7088038365118748,9,0.6441891096641658,"Консолидация: 2 плательщиков, 7 seed-маршрутов, вход 214k KZT.",2,2,214000.0,307000.0,3,2,0.0003333006339697427,2.6714158504007122e-05,7,1.4345794392523366,3,False,False
100000008532050100,terminal,0.5866357987597719,5,0.4357291805037545,"Наблюдаемый сток: 1 плательщиков, вход 455k KZT, depth=3<4, исходящих нет.",1,0,455156.0,0.0,1,0,0.0003003205242521543,0.0,7,0.0,3,False,False
100000008422226100,terminal,0.4828733327579587,1,0.3440993076941189,"Наблюдаемый сток: 1 плательщиков, вход 87k KZT, depth=3<4, исходящих нет.",1,0,87450.0,0.0,1,0,0.0002904944753360778,0.0,7,0.0,3,False,False
100000002369874100,terminal,0.9371736698360666,10,0.6514841729324028,"Наблюдаемый сток: 4 плательщиков, вход 600k KZT, depth=3<4, исходящих нет.",4,0,600000.0,0.0,4,0,0.00033734785491165925,0.0,9,0.0,3,False,False
100000003321895100,coordinator,0.6010513705646024,63,0.6148943751437546,"Структурный кандидат: degree=3, seed-маршрутов 7, betweenness=0.0000.",1,2,24000.0,553830.0,1,3,0.00031125966376989726,2.680350351572621e-05,7,23.07625,3,False,False
100000001875239100,terminal,0.9206845492558309,10,0.6454736284171607,"Наблюдаемый сток: 3 плательщиков, вход 712k KZT, depth=3<4, исходящих нет.",3,0,712000.0,0.0,3,0,0.00033397863057687676,0.0,9,0.0,3,False,False
100000002216999100,peripheral,0.6914799455061091,7,0.169610483776694,"Нет выраженной спецроли: in=1, out=0, оборот 24k KZT.",1,0,23677.0,0.0,1,0,0.0002892647477950034,0.0,1,0.0,3,False,False
100000002653948100,terminal,0.48160406711879283,5,0.3341449518701989,"Наблюдаемый сток: 1 плательщиков, вход 85k KZT, depth=3<4, исходящих нет.",1,0,85200.0,0.0,1,0,0.0002883305558484028,0.0,7,0.0,3,False,False
100000008632060100,distributor,0.8185808190326289,1,0.6618253436101134,"Распределение: 9 получателей, 12 переводов, выход 339k KZT.",1,9,6000.0,339200.0,1,12,0.0002880256481640291,5.593942337921718e-05,7,56.53333333333333,3,False,False
100000008746449100,distributor,0.8701767323621499,10,0.7788240505342736,"Распределение: 10 получателей, 10 переводов, выход 1.0m KZT.",1,10,10000.0,1009000.0,1,10,0.00028700414108164825,0.00010423584700560193,8,100.9,3,False,False
100000003031761100,terminal,0.5266750862255317,22,0.35466202292263405,"Наблюдаемый сток: 1 плательщиков, вход 460k KZT, depth=3<4, исходящих нет.",1,0,460408.0,0.0,1,0,0.0003183607828225481,0.0,1,0.0,3,False,False
100000008388049100,terminal,0.5515341933839447,14,0.38509087604987013,"Наблюдаемый сток: 1 плательщиков, вход 496k KZT, depth=3<4, исходящих нет.",1,0,496400.0,0.0,1,0,0.00030921374363523924,0.0,2,0.0,3,False,False
100000002677201100,transit,0.5457211053856958,11,0.5481321391635976,"Транзит: вход 150k, выход 88k KZT, коэффициент 0.58.",1,1,150000.0,87750.0,1,1,0.00030890584852738594,1.3357079252003561e-05,8,0.585,3,False,False
100000002901457100,coordinator,0.6949095528008025,1,0.6896060270623869,"Структурный кандидат: degree=4, seed-маршрутов 7, betweenness=0.0001.",1,3,340000.0,119000.0,1,3,0.00037426561132708236,5.3428317008014244e-05,7,0.35,3,False,False
100000001160401100,terminal,0.5143669864297629,1,0.3564609337539038,"Наблюдаемый сток: 1 плательщиков, вход 47k KZT, depth=3<4, исходящих нет.",1,0,47190.0,0.0,2,0,0.00030488851800838674,0.0,7,0.0,3,False,False
100000002842321100,terminal,0.5268216555140784,5,0.3745277461565308,"Наблюдаемый сток: 1 плательщиков, вход 160k KZT, depth=3<4, исходящих нет.",1,0,160000.0,0.0,1,0,0.00029075476206914423,0.0,7,0.0,3,False,False
100000002547110100,terminal,0.961754903320933,11,0.6815368596182652,"Наблюдаемый сток: 6 плательщиков, вход 1.5m KZT, depth=3<4, исходящих нет.",6,0,1500000.0,0.0,10,0,0.0005516278220472679,0.0,8,0.0,3,False,False
100000001600934100,peripheral,0.8551612266459518,9,0.38284968557925964,"Нет выраженной спецроли: in=1, out=1, оборот 191k KZT.",1,1,180300.0,11000.0,2,1,0.0023668517583921712,0.0,7,0.06100942872989462,3,False,False
100000002818726100,peripheral,0.6910160598077711,15,0.22968110907635458,"Нет выраженной спецроли: in=1, out=0, оборот 11k KZT.",1,0,10879.0,0.0,1,0,0.0002895964508153981,0.0,7,0.0,3,False,False
100000008712827100,peripheral,0.5865275429675779,7,0.2570051440929101,"Нет выраженной спецроли: in=1, out=0, оборот 76k KZT.",1,0,76000.0,0.0,1,0,0.0002974312054351879,0.0,1,0.0,3,False,False
100000008259451100,peripheral,0.5477477007869189,16,0.3446989718830134,"Нет выраженной спецроли: in=1, out=0, оборот 55k KZT.",1,0,55000.0,0.0,1,0,0.0003011151344797481,0.0,7,0.0,3,False,False
100000003060517100,terminal,0.5695007126310322,17,0.4490076626033307,"Наблюдаемый сток: 1 плательщиков, вход 316k KZT, depth=3<4, исходящих нет.",1,0,315955.0,0.0,1,0,0.00036188349261669046,0.0,7,0.0,3,False,False
100000002621434100,terminal,0.5327992364725127,10,0.42433624024518357,"Наблюдаемый сток: 1 плательщиков, вход 81k KZT, depth=3<4, исходящих нет.",1,0,81000.0,0.0,1,0,0.0002897423900896509,0.0,9,0.0,3,False,False
100000001860090100,peripheral,0.7889754124145407,6,0.16422978220192133,"Нет выраженной спецроли: in=1, out=0, оборот 5k KZT.",1,0,5000.0,0.0,1,0,0.00037803658179597294,0.0,1,0.0,3,False,False
100000004689658100,peripheral,0.7682316570575829,9,0.4492778866607656,"Нет выраженной спецроли: in=1, out=1, оборот 463k KZT.",1,1,456100.0,7092.0,1,1,0.0003863163581277,1.3357079252003561e-05,7,0.015549221661916246,3,False,False
100000003486970100,terminal,0.5223792257769977,5,0.3698368065113047,"Наблюдаемый сток: 1 плательщиков, вход 150k KZT, depth=3<4, исходящих нет.",1,0,150000.0,0.0,1,0,0.00029043067032840335,0.0,7,0.0,3,False,False
100000004659919100,peripheral,0.646023005865598,50,0.6127447301839867,"Нет выраженной спецроли: in=1, out=1, оборот 149k KZT.",1,1,110000.0,39000.0,2,1,0.0007249529791849306,1.7809439002671416e-05,10,0.35454545454545455,3,False,False
100000006111439100,transit,0.7934734378676646,5,0.5801555532099452,"Транзит: вход 21k, выход 24k KZT, коэффициент 1.17.",3,4,20570.0,24000.0,3,4,0.00036550170106991627,1.5511194718674684e-05,7,1.166747690811862,3,False,False
100000002521039100,terminal,0.5736258259583213,1,0.4305492075756362,"Наблюдаемый сток: 1 плательщиков, вход 349k KZT, depth=3<4, исходящих нет.",1,0,349370.0,0.0,1,0,0.00030524580110660585,0.0,7,0.0,3,False,False
100000008493007100,transit,0.7135307972347883,7,0.33685319419567644,"Транзит: вход 26k, выход 26k KZT, коэффициент 1.00.",1,1,26150.0,26150.0,1,1,0.0002896507281429226,2.968239833778569e-06,1,1.0,3,False,False
100000007793871100,terminal,0.5291279767570166,8,0.4457724962895209,"Наблюдаемый сток: 1 плательщиков, вход 26k KZT, depth=3<4, исходящих нет.",1,0,26000.0,0.0,3,0,0.0006872267875117613,0.0,8,0.0,3,False,False
100000001650895100,peripheral,0.7414163111657929,8,0.5226357528716046,"Нет выраженной спецроли: in=1, out=1, оборот 164k KZT.",1,1,153500.0,10000.0,1,1,0.00030927489327733915,1.4841199168892845e-05,9,0.06514657980456026,3,False,False
100000002567887100,peripheral,0.5553632946219144,5,0.30524496158565695,"Нет выраженной спецроли: in=1, out=0, оборот 51k KZT.",1,0,50915.0,0.0,1,0,0.00028721940731527283,0.0,7,0.0,3,False,False
100000008055972100,peripheral,0.6714096825867982,7,0.1847320210942468,"Нет выраженной спецроли: in=1, out=0, оборот 28k KZT.",1,0,28300.0,0.0,1,0,0.0002899862953681657,0.0,1,0.0,3,False,False
100000008684452100,peripheral,0.6143720579267802,7,0.23220276391022387,"Нет выраженной спецроли: in=1, out=0, оборот 52k KZT.",1,0,51800.0,0.0,1,0,0.0002936541231789628,0.0,1,0.0,3,False,False
100000000764836100,coordinator,0.6078244709742264,9,0.603459650279246,"Структурный кандидат: degree=3, seed-маршрутов 7, betweenness=0.0000.",1,2,251716.0,50000.0,1,2,0.00033678317937202955,2.6714158504007122e-05,7,0.1986365586613485,3,False,False
100000003072676100,peripheral,0.5986769845584511,17,0.2979859149606684,"Нет выраженной спецроли: in=1, out=0, оборот 32k KZT.",1,0,31545.0,0.0,1,0,0.00029318851653853617,0.0,7,0.0,3,False,False
100000008757369100,peripheral,0.6335432251050424,1,0.3742048501687467,"Нет выраженной спецроли: in=1, out=1, оборот 84k KZT.",1,1,25961.0,58398.0,1,3,0.0002878715741932152,1.3357079252003561e-05,7,2.249451099726513,3,False,False
100000007618425100,peripheral,0.5840804297080431,17,0.31203047619330315,"Нет выраженной спецроли: in=1, out=0, оборот 39k KZT.",1,0,39348.0,0.0,1,0,0.0002950732143281281,0.0,7,0.0,3,False,False
100000004671609100,terminal,0.5506482845232833,14,0.45960973928387927,"Наблюдаемый сток: 1 плательщиков, вход 100k KZT, depth=3<4, исходящих нет.",1,0,100000.0,0.0,1,0,0.00030024211151879094,0.0,9,0.0,3,False,False
100000004676985100,transit,0.6642060236580837,1,0.43746207346340166,"Транзит: вход 32k, выход 27k KZT, коэффициент 0.84.",1,1,32260.0,27102.0,1,1,0.0002873861763544214,1.3357079252003561e-05,7,0.8401115933044018,3,False,False
100000002531406100,transit,0.6951878476485306,22,0.4368141558953348,"Транзит: вход 520k, выход 500k KZT, коэффициент 0.96.",1,1,520000.0,500000.0,1,1,0.00032260508437457255,1.4841199168892846e-06,1,0.9615384615384616,3,False,False
100000002877262100,terminal,0.5399054019610057,11,0.44219981935505365,"Наблюдаемый сток: 1 плательщиков, вход 100k KZT, depth=3<4, исходящих нет.",1,0,100000.0,0.0,1,0,0.00029991776286086456,0.0,8,0.0,3,False,False
100000007591246100,peripheral,0.7715552865897043,15,0.32977628611756926,"Нет выраженной спецроли: in=1, out=1, оборот 132k KZT.",1,1,12190.0,120000.0,1,1,0.00029789309382384895,4.947066389630948e-07,7,9.844134536505333,3,False,False
100000008712184100,peripheral,0.7167859291869796,7,0.15000686519802242,"Нет выраженной спецроли: in=1, out=0, оборот 18k KZT.",1,0,18000.0,0.0,1,0,0.0002883786942425823,0.0,1,0.0,3,False,False
100000002975437100,peripheral,0.8641555652221196,32,0.3865180098789536,"Нет выраженной спецроли: in=1, out=1, оборот 538k KZT.",1,1,530000.0,8500.0,2,1,0.000521005714309102,0.0,7,0.016037735849056604,3,False,False
100000005008589100,peripheral,0.5767821522828391,1,0.32809099866839253,"Нет выраженной спецроли: in=1, out=0, оборот 43k KZT.",1,0,42806.68,0.0,1,0,0.00030309402044475066,0.0,7,0.0,3,False,False
100000000782285100,peripheral,0.7170360054106724,33,0.25315168342530714,"Нет выраженной спецроли: in=1, out=0, оборот 6k KZT.",1,0,6151.0,0.0,1,0,0.0003196030120468737,0.0,7,0.0,3,False,False
100000005198498100,peripheral,0.6705370624598717,7,0.18574460143838414,"Нет выраженной спецроли: in=1, out=0, оборот 29k KZT.",1,0,28800.0,0.0,1,0,0.00029006433425775714,0.0,1,0.0,3,False,False
100000008517538100,distributor,0.9144846650775946,10,0.8404421774962126,"Распределение: 17 получателей, 18 переводов, выход 1.4m KZT.",3,17,155500.0,1439000.0,6,18,0.00030701646079282416,0.000123890147959279,8,9.254019292604502,3,False,False
100000005756535100,peripheral,0.7074250950981309,4,0.22912008684869808,"Нет выраженной спецроли: in=1, out=0, оборот 20k KZT.",1,0,20000.0,0.0,1,0,0.0005415991635083553,0.0,1,0.0,3,False,False
100000004917367100,terminal,0.7270029791768163,5,0.4447320459537813,"Наблюдаемый сток: 2 плательщиков, вход 120k KZT, depth=3<4, исходящих нет.",2,0,120000.0,0.0,2,0,0.0002940276420429223,0.0,7,0.0,3,False,False
100000001222263100,peripheral,0.5856502000098295,5,0.4868051929390559,"Нет выраженной спецроли: in=1, out=1, оборот 1.2m KZT.",1,1,745570.0,420000.0,1,5,0.0003097326021317051,1.3357079252003561e-05,7,0.5633273870998028,3,False,False
100000001149815100,peripheral,0.7485968992685752,7,0.12615022964035513,"Нет выраженной спецроли: in=1, out=0, оборот 12k KZT.",1,0,12000.0,0.0,1,0,0.00028744222756748515,0.0,1,0.0,3,False,False
100000006020215100,transit,0.692740617814917,15,0.5835391282833737,"Транзит: вход 30k, выход 34k KZT, коэффициент 1.13.",1,2,30000.0,33800.0,1,2,0.00029667460701655716,4.007123775601068e-05,7,1.1266666666666667,3,False,False
100000000673868100,distributor,0.7789100230434315,31,0.717934812869509,"Распределение: 5 получателей, 19 переводов, выход 383k KZT.",1,5,2030650.0,383000.0,5,19,0.0011728050936714379,2.6714158504007122e-05,7,0.18860955851574618,3,False,False
100000008749900100,peripheral,0.7228942700754655,7,0.14531519042598545,"Нет выраженной спецроли: in=1, out=0, оборот 17k KZT.",1,0,17150.0,0.0,1,0,0.00028824602813027684,0.0,1,0.0,3,False,False
100000002862113100,terminal,0.5149222901468979,16,0.3495399176462401,"Наблюдаемый сток: 1 плательщиков, вход 47k KZT, depth=3<4, исходящих нет.",1,0,47405.0,0.0,2,0,0.00029896839526532333,0.0,7,0.0,3,False,False
100000001066017100,transit,0.7054926522945656,1,0.6491116356706944,"Транзит: вход 136k, выход 82k KZT, коэффициент 0.61.",2,4,136123.0,82500.0,3,4,0.0003012384075340412,5.3428317008014244e-05,7,0.6060695106631503,3,False,False
100000008436257100,terminal,0.6262550190680222,17,0.3795617359244753,"Наблюдаемый сток: 2 плательщиков, вход 35k KZT, depth=3<4, исходящих нет.",2,0,35000.0,0.0,2,0,0.0002945798149854981,0.0,7,0.0,3,False,False
100000003016438100,transit,0.4864129410195895,11,0.5578632517531656,"Транзит: вход 200k, выход 300k KZT, коэффициент 1.50.",1,1,200000.0,300000.0,1,3,0.00031668469996408427,1.3357079252003561e-05,8,1.5,3,False,False
100000002534091100,peripheral,0.636358308221189,3,0.2807829221424344,"Нет выраженной спецроли: in=1, out=0, оборот 22k KZT.",1,0,22200.0,0.0,1,0,0.00029636616273709014,0.0,7,0.0,3,False,False
100000006882208100,peripheral,0.6560319256282607,2,0.3258270386855669,"Нет выраженной спецроли: in=1, out=0, оборот 18k KZT.",1,0,18000.0,0.0,1,0,0.0006403184460375346,0.0,7,0.0,3,False,False
100000005362848100,peripheral,0.6090690969791219,8,0.2978220529513993,"Нет выраженной спецроли: in=1, out=0, оборот 29k KZT.",1,0,29000.0,0.0,1,0,0.00029637417941000597,0.0,7,0.0,3,False,False
100000001073568100,coordinator,0.5761800750674283,16,0.559997766474084,"Структурный кандидат: degree=3, seed-маршрутов 7, betweenness=0.0000.",1,2,707465.0,219503.0,4,3,0.000485535437513278,1.3357079252003561e-05,7,0.31026693900051594,3,False,False
100000008687733100,peripheral,0.737808141335665,7,0.13430859172863194,"Нет выраженной спецроли: in=1, out=0, оборот 15k KZT.",1,0,14650.0,0.0,1,0,0.00028785583368231974,0.0,1,0.0,3,False,False
100000007229557100,terminal,0.9252856371978073,18,0.6605039816353221,"Наблюдаемый сток: 3 плательщиков, вход 878k KZT, depth=3<4, исходящих нет.",3,0,878000.0,0.0,3,0,0.00039420933069834953,0.0,9,0.0,3,False,False
100000001052789100,peripheral,0.5307712728630749,20,0.35073596908971116,"Нет выраженной спецроли: in=1, out=0, оборот 71k KZT.",1,0,70975.0,0.0,1,0,0.00029770710734911807,0.0,7,0.0,3,False,False
100000006967370100,peripheral,0.5574315707886277,17,0.3931328394245099,"Нет выраженной спецроли: in=1, out=1, оборот 47k KZT.",1,1,33225.0,13526.27,1,1,0.0002935942953782791,1.3357079252003561e-05,7,0.40711121143717083,3,False,False
100000001837130100,terminal,0.5322160344805336,1,0.398518629781818,"Наблюдаемый сток: 1 плательщиков, вход 173k KZT, depth=3<4, исходящих нет.",1,0,172900.0,0.0,1,0,0.00030090245579956094,0.0,7,0.0,3,False,False
100000005820746100,peripheral,0.86132992988816,25,0.33750581135456464,"Нет выраженной спецроли: in=1, out=1, оборот 2.0m KZT.",1,1,1989000.0,60000.0,2,1,0.000989461905456685,0.0,1,0.030165912518853696,3,False,False
100000002883402100,terminal,0.8938039111223677,10,0.6112878706310635,"Наблюдаемый сток: 3 плательщиков, вход 300k KZT, depth=3<4, исходящих нет.",3,0,300000.0,0.0,3,0,0.0003006570717458922,0.0,10,0.0,3,False,False
100000008582730100,transit,0.7076368876080692,20,0.4248910080148714,"Транзит: вход 5k, выход 5k KZT, коэффициент 1.00.",1,1,5000.0,5000.0,1,1,0.0008925911171850297,0.0,7,1.0,3,False,False
100000003116106100,terminal,0.671676596583888,5,0.460743097934906,"Наблюдаемый сток: 1 плательщиков, вход 494k KZT, depth=3<4, исходящих нет.",1,0,494050.0,0.0,2,0,0.0003015810466685917,0.0,7,0.0,3,False,False
100000001818442100,peripheral,0.5775754433073178,8,0.3256650639898463,"Нет выраженной спецроли: in=1, out=0, оборот 42k KZT.",1,0,42215.0,0.0,1,0,0.00030129785381765185,0.0,7,0.0,3,False,False
100000008690762100,peripheral,0.6748208339920566,7,0.18158720036669226,"Нет выраженной спецроли: in=1, out=0, оборот 27k KZT.",1,0,26750.0,0.0,1,0,0.00028974437481043224,0.0,1,0.0,3,False,False
100000008712991100,peripheral,0.5967609971833532,7,0.24834457154685485,"Нет выраженной спецроли: in=1, out=0, оборот 66k KZT.",1,0,66100.0,0.0,1,0,0.00029588603542127765,0.0,1,0.0,3,False,False
100000003292191100,terminal,0.5491869069474065,18,0.44759749356173684,"Наблюдаемый сток: 1 плательщиков, вход 112k KZT, depth=3<4, исходящих нет.",1,0,112000.0,0.0,1,0,0.0002996284816997216,0.0,8,0.0,3,False,False
100000005367284100,peripheral,0.6977684173660934,1,0.43538382513261403,"Нет выраженной спецроли: in=1, out=2, оборот 62k KZT.",1,2,13700.0,48300.0,1,5,0.00028914323405377366,2.6714158504007122e-05,7,3.5255474452554743,3,False,False
100000003216073100,transit,0.49706837528007713,22,0.2898803444745021,"Транзит: вход 37k, выход 70k KZT, коэффициент 1.89.",1,1,37001.0,70000.0,1,1,0.0002882046043550016,1.4841199168892846e-06,1,1.891840761060512,3,False,False
100000006169033100,distributor,0.7466333659829129,41,0.6774451849331672,"Распределение: 3 получателей, 10 переводов, выход 1.1m KZT.",1,3,49000.0,1140271.0,1,10,0.0004180416339687668,2.6714158504007122e-05,7,23.270836734693876,3,False,False
100000004407753100,peripheral,0.6956601449699129,29,0.4330534429919422,"Нет выраженной спецроли: in=1, out=1, оборот 350k KZT.",1,1,250000.0,100000.0,4,1,0.0008785641580238728,0.0,7,0.4,3,False,False
100000004420041100,distributor,0.8499708418495893,12,0.7448672227453413,"Распределение: 7 получателей, 11 переводов, выход 652k KZT.",1,7,69638.0,651830.0,1,11,0.00029973777192393526,0.00011749282675373502,7,9.360263074758034,3,False,False
100000004715209100,distributor,0.8040795932579562,51,0.6598982856943275,"Распределение: 5 получателей, 17 переводов, выход 350k KZT.",1,5,5000.0,350450.0,1,17,0.0002875439757603291,5.936479667557138e-05,7,70.09,3,False,False
100000004580254100,terminal,0.6059467688413676,17,0.3858801773120983,"Наблюдаемый сток: 2 плательщиков, вход 28k KZT, depth=3<4, исходящих нет.",2,0,27940.0,0.0,2,0,0.0003122789899791896,0.0,7,0.0,3,False,False
100000001056414100,terminal,0.5179779830484961,14,0.34775681836501793,"Наблюдаемый сток: 1 плательщиков, вход 250k KZT, depth=3<4, исходящих нет.",1,0,250000.0,0.0,1,0,0.0002974772562529216,0.0,2,0.0,3,False,False
100000008686494100,peripheral,0.7289232818615036,7,0.14040610998394232,"Нет выраженной спецроли: in=1, out=0, оборот 16k KZT.",1,0,15700.0,0.0,1,0,0.00028801971535046174,0.0,1,0.0,3,False,False
100000002822472100,terminal,0.8222716757597364,14,0.5701894997199785,"Наблюдаемый сток: 2 плательщиков, вход 267k KZT, depth=3<4, исходящих нет.",2,0,266722.0,0.0,2,0,0.00031223557685989975,0.0,8,0.0,3,False,False
100000001831496100,peripheral,0.7789582866546654,13,0.3463320792849262,"Нет выраженной спецроли: in=1, out=1, оборот 398k KZT.",1,1,25000.0,373000.0,1,1,0.0002926355852456805,0.0,7,14.92,3,False,False
100000008732488100,peripheral,0.7567429612439808,9,0.4025881949450264,"Нет выраженной спецроли: in=1, out=1, оборот 147k KZT.",1,1,137000.0,10000.0,1,1,0.0003134431769510035,1.3357079252003561e-05,7,0.072992700729927,3,False,False
100000004007197100,peripheral,0.753515303620343,26,0.12417128593352177,"Нет выраженной спецроли: in=1, out=0, оборот 10k KZT.",1,0,10048.0,0.0,1,0,0.00028768870831810195,0.0,1,0.0,3,False,False
100000002815005100,terminal,0.6325617936201171,10,0.5224205262849333,"Наблюдаемый сток: 1 плательщиков, вход 476k KZT, depth=3<4, исходящих нет.",1,0,476500.0,0.0,1,0,0.00031901272651967556,0.0,8,0.0,3,False,False
100000005756189100,transit,0.6271010638509069,5,0.4498684537440976,"Транзит: вход 65k, выход 49k KZT, коэффициент 0.75.",1,1,65000.0,49050.0,1,1,0.0002876758905321063,1.3357079252003561e-05,7,0.7546153846153846,3,False,False
100000004877085100,distributor,0.668935812436659,15,0.5974238331189101,"Распределение: 3 получателей, 9 переводов, выход 96k KZT.",1,3,25000.0,95600.0,1,9,0.00029482372155001277,4.007123775601068e-05,7,3.824,3,False,False
100000002713074100,consolidator,0.7617818840883647,17,0.6052815090355211,"Консолидация: 2 плательщиков, 7 seed-маршрутов, вход 700k KZT.",2,1,700000.0,430000.0,2,2,0.0004336098166177599,1.3357079252003561e-05,7,0.6142857142857143,3,False,False
100000002356167100,peripheral,0.7799592642201627,5,0.47934708294247746,"Нет выраженной спецроли: in=1, out=2, оборот 330k KZT.",1,2,300000.0,29500.0,1,3,0.0002952920464395158,2.6714158504007122e-05,7,0.09833333333333333,3,False,False
100000004140487100,distributor,0.8594718694620747,3,0.7378867245836718,"Распределение: 10 получателей, 19 переводов, выход 263k KZT.",1,10,24510.0,262600.0,1,19,0.000289427144859754,0.0007359150162905593,7,10.713994288045695,3,False,False
100000003147719100,terminal,0.5506482845232833,10,0.44052610939064085,"Наблюдаемый сток: 1 плательщиков, вход 100k KZT, depth=3<4, исходящих нет.",1,0,100000.0,0.0,1,0,0.00029072126443008105,0.0,9,0.0,3,False,False
100000008745884100,peripheral,0.7074250950981309,7,0.1569448199447835,"Нет выраженной спецроли: in=1, out=0, оборот 20k KZT.",1,0,20000.0,0.0,1,0,0.000288690849800948,0.0,1,0.0,3,False,False
100000002559089100,terminal,0.8749003244144891,14,0.6392625530242289,"Наблюдаемый сток: 2 плательщиков, вход 715k KZT, depth=3<4, исходящих нет.",2,0,715000.0,0.0,2,0,0.0003924259537320126,0.0,9,0.0,3,False,False
100000004984689100,peripheral,0.5510795230897294,9,0.3352236100769184,"Нет выраженной спецроли: in=1, out=0, оборот 53k KZT.",1,0,53030.0,0.0,1,0,0.0002963587248842163,0.0,7,0.0,3,False,False
100000004340038100,peripheral,0.7272597092376667,15,0.3476461041182281,"Нет выраженной спецроли: in=1, out=1, оборот 59k KZT.",1,1,9978.0,49000.0,1,1,0.0002892629212543268,1.3357079252003561e-05,7,4.910803768290238,3,False,False
100000005052998100,peripheral,0.6223192201834424,1,0.31077863926514876,"Нет выраженной спецроли: in=1, out=1, оборот 38k KZT.",1,1,9500.0,28400.0,1,1,0.0002861043339042946,3.039605408729466e-06,7,2.9894736842105263,3,False,False
100000007597382100,peripheral,0.6681692783027847,5,0.23061685286650457,"Нет выраженной спецроли: in=1, out=0, оборот 16k KZT.",1,0,15700.0,0.0,1,0,0.00028607811825025404,0.0,7,0.0,3,False,False
100000008697670100,peripheral,0.6806911875731989,7,0.17703315378276105,"Нет выраженной спецроли: in=1, out=0, оборот 25k KZT.",1,0,25350.0,0.0,1,0,0.0002895258659195763,0.0,1,0.0,3,False,False
100000008460102100,distributor,0.7787463976945246,8,0.43785423639598997,"Распределение: 31 получателей, 34 переводов, выход 477k KZT.",1,31,17500.0,476570.0,1,34,0.00029968918055683897,0.0,1,27.23257142857143,3,False,False
100000004399686100,terminal,0.6258364642853685,25,0.42221039850334086,"Наблюдаемый сток: 1 плательщиков, вход 806k KZT, depth=3<4, исходящих нет.",1,0,806000.0,0.0,2,0,0.0005708068229548232,0.0,1,0.0,3,False,False
100000008688155100,peripheral,0.6923525656330358,7,0.16882202967846746,"Нет выраженной спецроли: in=1, out=0, оборот 24k KZT.",1,0,23600.0,0.0,1,0,0.00028925272980600625,0.0,1,0.0,3,False,False
100000004386331100,transit,0.6695898437570479,12,0.6323157813935644,"Транзит: вход 20k, выход 18k KZT, коэффициент 0.88.",1,2,20000.0,17500.0,1,2,0.0005126940455197122,1.7869002343817477e-05,9,0.875,3,False,False
100000007999728100,peripheral,0.6335817896355136,16,0.2736689448069629,"Нет выраженной спецроли: in=1, out=0, оборот 23k KZT.",1,0,23250.0,0.0,1,0,0.00029214094487369326,0.0,7,0.0,3,False,False
100000001597424100,peripheral,0.5658347361450331,16,0.3301775962164443,"Нет выраженной спецроли: in=1, out=0, оборот 48k KZT.",1,0,48100.0,0.0,1,0,0.00029916483815591255,0.0,7,0.0,3,False,False
100000003677936100,peripheral,0.8097217830801071,6,0.3687820093846456,"Нет выраженной спецроли: in=1, out=1, оборот 84k KZT.",1,1,71000.0,13000.0,1,2,0.000308883638599444,1.3357079252003561e-05,7,0.18309859154929578,3,False,False
100000002943472100,terminal,0.5756828271649949,11,0.4759407946336497,"Наблюдаемый сток: 1 плательщиков, вход 170k KZT, depth=3<4, исходящих нет.",1,0,170000.0,0.0,1,0,0.00030996169091136613,0.0,8,0.0,3,False,False
100000004892144100,consolidator,0.7323069282093805,25,0.5281272749605321,"Консолидация: 2 плательщиков, 2 seed-маршрутов, вход 4.5m KZT.",2,1,4500000.0,180300.0,7,1,0.0027832036872124303,0.0,2,0.04006666666666667,3,False,False
100000008077552100,terminal,0.5470505766382852,9,0.4254489236938246,"Наблюдаемый сток: 1 плательщиков, вход 214k KZT, depth=3<4, исходящих нет.",1,0,214000.0,0.0,1,0,0.00032910951980133827,0.0,7,0.0,3,False,False
100000002914245100,peripheral,0.5424998911090104,22,0.2834259078021049,"Нет выраженной спецроли: in=1, out=0, оборот 141k KZT.",1,0,140611.0,0.0,1,0,0.00029558398554384,0.0,1,0.0,3,False,False
100000004906181100,distributor,0.9028498553416033,36,0.73897511574324,"Распределение: 7 получателей, 33 переводов, выход 2.5m KZT.",1,7,100000.0,2473417.91,1,33,0.00028881021162469923,9.349955476402493e-05,7,24.734179100000002,3,False,False
100000008514970100,peripheral,0.7734918354489116,22,0.2982512098267692,"Нет выраженной спецроли: in=1, out=1, оборот 411k KZT.",1,1,379966.0,31000.0,1,1,0.0003126314885305634,1.4841199168892846e-06,1,0.0815862471905381,3,False,False
100000008258458100,peripheral,0.8096868877106305,65,0.4874275451745434,"Нет выраженной спецроли: in=1, out=2, оборот 1.6m KZT.",1,2,19000.0,1557988.0,1,4,0.0002912603933485006,2.6714158504007122e-05,7,81.99936842105264,3,False,False
100000003484058100,peripheral,0.7604324104808753,16,0.3983946731065308,"Нет выраженной спецроли: in=1, out=1, оборот 116k KZT.",1,1,110000.0,6000.0,1,1,0.0003166609747422053,1.3357079252003561e-05,7,0.05454545454545454,3,False,False
100000003574895100,transit,0.609173657983232,1,0.4142222474207011,"Транзит: вход 28k, выход 20k KZT, коэффициент 0.72.",1,1,27968.0,20000.0,1,1,0.00028714445105582987,1.3357079252003561e-05,7,0.7151029748283753,3,False,False
100000000896111100,terminal,0.5043042793352326,25,0.35268306130342014,"Наблюдаемый сток: 1 плательщиков, вход 287k KZT, depth=3<4, исходящих нет.",1,0,287100.0,0.0,1,0,0.00038717189285320344,0.0,1,0.0,3,False,False
100000008715887100,peripheral,0.7167859291869796,7,0.15000686519802242,"Нет выраженной спецроли: in=1, out=0, оборот 18k KZT.",1,0,18000.0,0.0,1,0,0.0002883786942425823,0.0,1,0.0,3,False,False
100000000560751100,peripheral,0.6233483354197384,15,0.34123601357158,"Нет выраженной спецроли: in=1, out=0, оборот 25k KZT.",1,0,25000.0,0.0,1,0,0.0005524500973404968,0.0,7,0.0,3,False,False
100000008708207100,terminal,0.8606210859738725,10,0.6236890721381567,"Наблюдаемый сток: 2 плательщиков, вход 465k KZT, depth=3<4, исходящих нет.",2,0,465000.0,0.0,2,0,0.0003597869047298129,0.0,9,0.0,3,False,False
100000003152964100,peripheral,0.7511112249124594,9,0.43633161870031806,"Нет выраженной спецроли: in=1, out=1, оборот 147k KZT.",1,1,141847.0,5500.0,1,1,0.0003144293427145823,1.3401751757863106e-05,7,0.03877417217142414,3,False,False
100000004991812100,peripheral,0.6984729954378708,24,0.2717443022103033,"Нет выраженной спецроли: in=1, out=0, оборот 10k KZT.",1,0,10000.0,0.0,1,0,0.0003463600077195257,0.0,7,0.0,3,False,False
100000000291908100,peripheral,0.8617111256490722,49,0.49031871707427876,"Нет выраженной спецроли: in=1, out=1, оборот 309k KZT.",1,1,295500.0,13300.0,5,1,0.0007065527083397005,1.632531908578213e-05,7,0.045008460236886635,3,False,False
100000003132484100,peripheral,0.575580126829772,19,0.3137813595696246,"Нет выраженной спецроли: in=1, out=0, оборот 90k KZT.",1,0,90000.0,0.0,1,0,0.0005388233251189476,0.0,1,0.0,3,False,False
100000004077081100,distributor,0.7870680772039882,3,0.7063251591886808,"Распределение: 4 получателей, 6 переводов, выход 615k KZT.",1,4,140000.0,615000.0,1,6,0.0002901065785876625,0.00011328782032254871,7,4.392857142857143,3,False,False
100000004770073100,transit,0.7283354299930374,1,0.39830135377217996,"Транзит: вход 5k, выход 5k KZT, коэффициент 1.00.",1,1,5462.4,5466.97,1,1,0.0002878055588504013,1.3357079252003561e-05,7,1.0008366285881665,3,False,False
100000003163886100,terminal,0.6543433490190131,54,0.5923140502797601,"Наблюдаемый сток: 1 плательщиков, вход 500k KZT, depth=3<4, исходящих нет.",1,0,500000.0,0.0,1,0,0.0007338350680593709,0.0,10,0.0,3,False,False
100000000795374100,peripheral,0.5593297497443078,9,0.32893001568510627,"Нет выраженной спецроли: in=1, out=0, оборот 50k KZT.",1,0,50000.0,0.0,1,0,0.00029574224412010574,0.0,7,0.0,3,False,False
100000002391278100,peripheral,0.5735325196022054,6,0.3165507488156276,"Нет выраженной спецроли: in=1, out=1, оборот 83k KZT.",1,1,30000.0,52700.0,5,2,0.00039132234113293564,0.0,1,1.7566666666666666,3,False,False
100000004635886100,peripheral,0.634613067967336,2,0.27375161032097406,"Нет выраженной спецроли: in=1, out=0, оборот 23k KZT.",1,0,23000.0,0.0,1,0,0.00029245851948138683,0.0,7,0.0,3,False,False
100000000413678100,distributor,0.7611548326095696,9,0.6760188301039306,"Распределение: 3 получателей, 18 переводов, выход 528k KZT.",2,3,306500.0,528198.0,2,18,0.00030069885417385005,4.007123775601068e-05,7,1.723321370309951,3,False,False
100000008659950100,terminal,0.6002748489238344,11,0.49953370698627875,"Наблюдаемый сток: 1 плательщиков, вход 246k KZT, depth=3<4, исходящих нет.",1,0,246000.0,0.0,1,0,0.0003208665270804821,0.0,8,0.0,3,False,False
100000003964910100,terminal,0.8257677117244138,17,0.5665512280177963,"Наблюдаемый сток: 2 плательщиков, вход 1.0m KZT, depth=3<4, исходящих нет.",2,0,1000000.0,0.0,2,0,0.0005093616966720358,0.0,7,0.0,3,False,False
100000008764654100,peripheral,0.6777560107826277,7,0.17924288232371727,"Нет выраженной спецроли: in=1, out=0, оборот 26k KZT.",1,0,26150.0,0.0,1,0,0.0002896507281429226,0.0,1,0.0,3,False,False
100000005830339100,consolidator,0.7869526211271105,3,0.5674185962211974,"Консолидация: 5 плательщиков, 7 seed-маршрутов, вход 476k KZT.",5,1,476341.0,339251.0,12,1,0.00036360006135440447,2.968239833778569e-06,7,0.7122019729563485,3,False,False
100000002032323100,peripheral,0.7058183890984802,11,0.5238339957397736,"Нет выраженной спецроли: in=1, out=1, оборот 1.4m KZT.",1,1,300000.0,1050000.0,1,2,0.00040405018679958674,1.4841199168892845e-05,7,3.5,3,False,False
100000008668099100,peripheral,0.7289232818615036,7,0.14040610998394232,"Нет выраженной спецроли: in=1, out=0, оборот 16k KZT.",1,0,15700.0,0.0,1,0,0.00028801971535046174,0.0,1,0.0,3,False,False
100000008634520100,terminal,0.5295132895403348,11,0.43267037202514064,"Наблюдаемый сток: 1 плательщиков, вход 90k KZT, depth=3<4, исходящих нет.",1,0,90000.0,0.0,1,0,0.00029848291599650714,0.0,8,0.0,3,False,False
100000002103448100,peripheral,0.6738688847626821,7,0.18257456022831473,"Нет выраженной спецроли: in=1, out=0, оборот 27k KZT.",1,0,27000.0,0.0,1,0,0.000289783394255228,0.0,1,0.0,3,False,False
100000005996909100,peripheral,0.7210024605330658,2,0.24852268058525473,"Нет выраженной спецроли: in=1, out=0, оборот 6k KZT.",1,0,5500.0,0.0,1,0,0.00031594960600230085,0.0,7,0.0,3,False,False
100000007392365100,distributor,0.8523068909485175,40,0.7046816234267501,"Распределение: 6 получателей, 9 переводов, выход 1.8m KZT.",1,6,9613.0,1765600.0,1,9,0.0002861106980605716,8.041051054717864e-05,7,183.66794965151357,3,False,False
100000008279405100,terminal,0.6340746020235979,9,0.4510966501514645,"Наблюдаемый сток: 1 плательщиков, вход 235k KZT, depth=3<4, исходящих нет.",1,0,234738.0,0.0,2,0,0.00033332885250302973,0.0,7,0.0,3,False,False
100000008343874100,consolidator,0.6990659976189171,22,0.6400916672990847,"Консолидация: 2 плательщиков, 7 seed-маршрутов, вход 284k KZT.",2,2,283535.0,176400.0,2,5,0.0003076522795593052,2.968239833778569e-05,7,0.6221454141464017,3,False,False
100000002548759100,terminal,0.8501496444507538,10,0.5970465665515892,"Наблюдаемый сток: 2 плательщиков, вход 375k KZT, depth=3<4, исходящих нет.",2,0,375000.0,0.0,2,0,0.00030852903010496164,0.0,9,0.0,3,False,False
100000003069463100,transit,0.5868004244881083,28,0.42757229430225735,"Транзит: вход 12k, выход 18k KZT, коэффициент 1.56.",1,1,11500.0,17920.0,1,1,0.0002884531759834954,1.3401751757863106e-05,7,1.5582608695652174,3,False,False
100000008474391100,peripheral,0.646671091539412,24,0.31290289378819985,"Нет выраженной спецроли: in=1, out=0, оборот 20k KZT.",1,0,20000.0,0.0,1,0,0.0004071507212217605,0.0,7,0.0,3,False,False
100000003097324100,terminal,0.8385675954933648,18,0.5982596862410867,"Наблюдаемый сток: 2 плательщиков, вход 294k KZT, depth=3<4, исходящих нет.",2,0,294000.0,0.0,2,0,0.0003260131114572481,0.0,9,0.0,3,False,False
100000001852140100,peripheral,0.665459999903208,58,0.26445473870023967,"Нет выраженной спецроли: in=1, out=0, оборот 30k KZT.",1,0,30000.0,0.0,1,0,0.0008047208113869022,0.0,1,0.0,3,False,False
100000003293377100,peripheral,0.5593297497443078,5,0.30266222209080024,"Нет выраженной спецроли: in=1, out=0, оборот 50k KZT.",1,0,50000.0,0.0,1,0,0.000287189752920995,0.0,7,0.0,3,False,False
100000006048193100,peripheral,0.5782100761269008,1,0.3179635263359532,"Нет выраженной спецроли: in=1, out=0, оборот 42k KZT.",1,0,41559.0,0.0,1,0,0.00029641085375483743,0.0,7,0.0,3,False,False
100000002435265100,terminal,0.6168715195213313,1,0.3974350000481626,"Наблюдаемый сток: 1 плательщиков, вход 133k KZT, depth=3<4, исходящих нет.",1,0,132628.0,0.0,3,0,0.00029303889880759933,0.0,7,0.0,3,False,False
100000004587414100,terminal,0.8125197516156195,5,0.5282174091060622,"Наблюдаемый сток: 2 плательщиков, вход 534k KZT, depth=3<4, исходящих нет.",2,0,533603.0,0.0,2,0,0.0003148717706403767,0.0,7,0.0,3,False,False
100000001726614100,terminal,0.5163502139909596,1,0.3820751650369936,"Наблюдаемый сток: 1 плательщиков, вход 139k KZT, depth=3<4, исходящих нет.",1,0,138717.0,0.0,1,0,0.0002978710303376365,0.0,7,0.0,3,False,False
100000003934614100,consolidator,0.5756388674691798,47,0.3857084983772838,"Консолидация: 2 плательщиков, 7 seed-маршрутов, вход 17k KZT.",2,1,17000.0,11500.0,2,2,0.0003134906893691794,0.0,7,0.6764705882352942,3,False,False
100000008772246100,peripheral,0.6353942700754656,7,0.2161480497823507,"Нет выраженной спецроли: in=1, out=0, оборот 44k KZT.",1,0,44500.0,0.0,1,0,0.00029251475539092793,0.0,1,0.0,3,False,False
100000002603371100,peripheral,0.7059299310679705,1,0.2201036856471024,"Нет выраженной спецроли: in=1, out=0, оборот 9k KZT.",1,0,9300.0,0.0,1,0,0.0002893766428347351,0.0,7,0.0,3,False,False
100000004445291100,peripheral,0.5700391785747703,27,0.3128290020974214,"Нет выраженной спецроли: in=1, out=0, оборот 20k KZT.",1,0,19500.0,0.0,2,0,0.0003192394235172127,0.0,7,0.0,3,False,False
100000008571243100,terminal,0.5693699527009806,8,0.47793231110144124,"Наблюдаемый сток: 1 плательщиков, вход 134k KZT, depth=3<4, исходящих нет.",1,0,134000.0,0.0,1,0,0.00030626343281042745,0.0,9,0.0,3,False,False
100000001138283100,transit,0.5262803861215449,9,0.46727475172050215,"Транзит: вход 82k, выход 50k KZT, коэффициент 0.61.",1,2,81805.0,50000.0,1,2,0.0003022132575532862,1.3357079252003561e-05,7,0.6112095837662734,3,False,False
100000002593344100,terminal,0.8569719472612706,10,0.6202435352316159,"Наблюдаемый сток: 2 плательщиков, вход 431k KZT, depth=3<4, исходящих нет.",2,0,431000.0,0.0,2,0,0.0003589615897510939,0.0,9,0.0,3,False,False
100000007390016100,transit,0.5601249194120332,5,0.518263233895483,"Транзит: вход 511k, выход 346k KZT, коэффициент 0.68.",1,1,511000.0,346500.0,13,14,0.0018430013608097095,0.0,7,0.678082191780822,3,False,False
100000001285440100,terminal,0.8282548121751419,18,0.5893272254570088,"Наблюдаемый сток: 2 плательщиков, вход 243k KZT, depth=3<4, исходящих нет.",2,0,243000.0,0.0,2,0,0.0003203647790984497,0.0,9,0.0,3,False,False
100000006746688100,peripheral,0.6398366998125462,7,0.21135045035160574,"Нет выраженной спецроли: in=1, out=0, оборот 41k KZT.",1,0,41000.0,0.0,1,0,0.000291968483163788,0.0,1,0.0,3,False,False
100000006471232100,peripheral,0.6386467632758281,7,0.2127309369333025,"Нет выраженной спецроли: in=1, out=0, оборот 42k KZT.",1,0,41800.0,0.0,1,0,0.00029209334538713425,0.0,1,0.0,3,False,False
100000008662805100,peripheral,0.7257501177635888,7,0.14335855069972728,"Нет выраженной спецроли: in=1, out=0, оборот 16k KZT.",1,0,16500.0,0.0,1,0,0.000288144577573808,0.0,1,0.0,3,False,False
100000004292885100,peripheral,0.5556685221153568,7,0.2859202005757048,"Нет выраженной спецроли: in=1, out=0, оборот 113k KZT.",1,0,112700.0,0.0,1,0,0.00030315925993119875,0.0,1,0.0,3,False,False
100000008190442100,peripheral,0.743837153121703,7,0.12978959932057624,"Нет выраженной спецроли: in=1, out=0, оборот 13k KZT.",1,0,13000.0,0.0,1,0,0.000287598305346668,0.0,1,0.0,3,False,False
100000007131370100,transit,0.7076368876080692,2,0.48489454637766904,"Транзит: вход 30k, выход 30k KZT, коэффициент 1.00.",1,1,30000.0,30000.0,1,1,0.0008999890359090033,0.0,7,1.0,3,False,False
100000008717802100,peripheral,0.6777560107826277,7,0.17924288232371727,"Нет выраженной спецроли: in=1, out=0, оборот 26k KZT.",1,0,26150.0,0.0,1,0,0.0002896507281429226,0.0,1,0.0,3,False,False
100000005357034100,peripheral,0.7046606654288047,1,0.20821299182617584,"Нет выраженной спецроли: in=1, out=0, оборот 10k KZT.",1,0,9754.0,0.0,1,0,0.0002861186391759261,0.0,7,0.0,3,False,False
100000005532138100,peripheral,0.6207304750389588,6,0.2853701321826263,"Нет выраженной спецроли: in=1, out=0, оборот 25k KZT.",1,0,25046.0,0.0,1,0,0.00029379367547638114,0.0,7,0.0,3,False,False
100000005264874100,peripheral,0.6514000372765492,37,0.31643461275258317,"Нет выраженной спецроли: in=1, out=2, оборот 108k KZT.",1,2,30000.0,78000.0,1,3,0.00042829267239375297,0.0,1,2.6,3,False,False
100000008193258100,peripheral,0.6371385339679483,17,0.4085884693207801,"Нет выраженной спецроли: in=1, out=1, оборот 105k KZT.",1,1,75000.0,30000.0,2,1,0.00029737422274379974,1.3357079252003561e-05,7,0.4,3,False,False
100000003190207100,peripheral,0.899938981496067,21,0.4383952653287606,"Нет выраженной спецроли: in=1, out=1, оборот 382k KZT.",1,1,5000.0,377000.0,1,8,0.0002991258827616204,1.3357079252003561e-05,8,75.4,3,False,False
100000004321983100,peripheral,0.7150905236160993,6,0.25505399770079457,"Нет выраженной спецроли: in=1, out=2, оборот 47k KZT.",1,2,10840.0,36200.0,1,3,0.0003237813951694772,0.0,1,3.339483394833948,3,False,False
100000002633108100,terminal,0.6731158531568707,16,0.47740482602708434,"Наблюдаемый сток: 1 плательщиков, вход 320k KZT, depth=3<4, исходящих нет.",1,0,320000.0,0.0,3,0,0.0003760178193806783,0.0,7,0.0,3,False,False
100000005941908100,peripheral,0.6541335826264829,16,0.3709519312138621,"Нет выраженной спецроли: in=1, out=0, оборот 10k KZT.",1,0,10000.0,0.0,1,0,0.0006923487710335455,0.0,8,0.0,3,False,False
100000001835625100,peripheral,0.526963475945577,5,0.3260970536414059,"Нет выраженной спецроли: in=1, out=0, оборот 75k KZT.",1,0,75130.0,0.0,1,0,0.0002880041954654767,0.0,7,0.0,3,False,False
100000008671081100,peripheral,0.647848939159781,7,0.2049281490056703,"Нет выраженной спецроли: in=1, out=0, оборот 37k KZT.",1,0,37200.0,0.0,1,0,0.0002913753876028931,0.0,1,0.0,3,False,False
100000002908521100,peripheral,0.6353942700754656,7,0.2161480497823507,"Нет выраженной спецроли: in=1, out=0, оборот 44k KZT.",1,0,44500.0,0.0,1,0,0.00029251475539092793,0.0,1,0.0,3,False,False
100000000749118100,transit,0.5665777654367276,1,0.38100893714934664,"Транзит: вход 10k, выход 16k KZT, коэффициент 1.60.",1,1,10330.0,16500.0,1,1,0.00028615107947694863,1.3357079252003561e-05,7,1.5972894482090998,3,False,False
100000008652094100,peripheral,0.5916960235430386,1,0.2830410391610114,"Нет выраженной спецроли: in=1, out=0, оборот 35k KZT.",1,0,35000.0,0.0,1,0,0.0002875404930641467,0.0,7,0.0,3,False,False
100000007647294100,terminal,0.5783855721051936,35,0.47813701893932775,"Наблюдаемый сток: 1 плательщиков, вход 385k KZT, depth=3<4, исходящих нет.",1,0,385000.0,0.0,1,0,0.000579218128600068,0.0,7,0.0,3,False,False
100000003270419100,terminal,0.5851683716844709,15,0.544119502240842,"Наблюдаемый сток: 1 плательщиков, вход 150k KZT, depth=3<4, исходящих нет.",1,0,150000.0,0.0,1,0,0.0008334814098706033,0.0,10,0.0,3,False,False
100000003050771100,terminal,0.5504617280435435,15,0.43716945460851114,"Наблюдаемый сток: 1 плательщиков, вход 229k KZT, depth=3<4, исходящих нет.",1,0,229000.0,0.0,1,0,0.0003703398485850235,0.0,7,0.0,3,False,False
100000008427027100,terminal,0.6299099854650694,72,0.5662783206670965,"Наблюдаемый сток: 1 плательщиков, вход 300k KZT, depth=3<4, исходящих нет.",1,0,300000.0,0.0,1,0,0.0005512640793595238,0.0,10,0.0,3,False,False
100000004291560100,peripheral,0.567183330886647,1,0.30146481349953447,"Нет выраженной спецроли: in=1, out=0, оборот 47k KZT.",1,0,47190.0,0.0,1,0,0.00028822703346252307,0.0,7,0.0,3,False,False
100000003594472100,peripheral,0.646671091539412,32,0.2707320752828618,"Нет выраженной спецроли: in=1, out=0, оборот 20k KZT.",1,0,20000.0,0.0,1,0,0.0002944536874283026,0.0,7,0.0,3,False,False
100000002575080100,transit,0.7136554311455836,2,0.4984997245694097,"Транзит: вход 13k, выход 12k KZT, коэффициент 0.96.",1,1,13000.0,12500.0,1,1,0.0005518178489503663,1.3357079252003561e-05,7,0.9615384615384616,3,False,False
100000008038077100,terminal,0.6723112294034709,5,0.4614834605889187,"Наблюдаемый сток: 1 плательщиков, вход 500k KZT, depth=3<4, исходящих нет.",1,0,499850.0,0.0,2,0,0.0003017690198782214,0.0,7,0.0,3,False,False
100000003899325100,peripheral,0.5563152438512888,9,0.33227224491816426,"Нет выраженной спецроли: in=1, out=0, оборот 50k KZT.",1,0,50120.0,0.0,1,0,0.0002966402059541681,0.0,7,0.0,3,False,False
100000001155773100,peripheral,0.6990955393411047,7,0.16365860248409372,"Нет выраженной спецроли: in=1, out=0, оборот 22k KZT.",1,0,21500.0,0.0,1,0,0.0002889249664697223,0.0,1,0.0,3,False,False
100000000611474100,peripheral,0.5975663771241808,24,0.36059018105506935,"Нет выраженной спецроли: in=1, out=0, оборот 32k KZT.",1,0,32000.0,0.0,1,0,0.0005956216679556007,0.0,7,0.0,3,False,False
100000006704530100,distributor,0.7053911438487628,28,0.6923291336680607,"Распределение: 3 получателей, 5 переводов, выход 428k KZT.",1,3,450500.0,428000.0,1,5,0.0003985422277542583,4.007123775601068e-05,7,0.9500554938956715,3,False,False
100000003996562100,peripheral,0.7118002846491129,33,0.2591342460474563,"Нет выраженной спецроли: in=1, out=0, оборот 8k KZT.",1,0,7700.0,0.0,1,0,0.0003281736881837659,0.0,7,0.0,3,False,False
100000002646887100,peripheral,0.6270768032347884,11,0.28434364123304007,"Нет выраженной спецроли: in=1, out=0, оборот 24k KZT.",1,0,24354.0,0.0,1,0,0.00029518757307712165,0.0,7,0.0,3,False,False
100000002556775100,terminal,0.5671208395575961,5,0.41265843632545945,"Наблюдаемый сток: 1 плательщиков, вход 300k KZT, depth=3<4, исходящих нет.",1,0,300000.0,0.0,1,0,0.0002952920464395158,0.0,7,0.0,3,False,False
100000002722108100,terminal,0.6472050909360753,14,0.4251709556104982,"Наблюдаемый сток: 1 плательщиков, вход 800k KZT, depth=3<4, исходящих нет.",1,0,800000.0,0.0,2,0,0.00032367477273130915,0.0,2,0.0,3,False,False
100000002737980100,peripheral,0.5964557696899108,2,0.30428875319929233,"Нет выраженной спецроли: in=1, out=0, оборот 33k KZT.",1,0,32900.0,0.0,1,0,0.00029542388166028027,0.0,7,0.0,3,False,False
100000002913340100,peripheral,0.6923525656330358,7,0.16882202967846746,"Нет выраженной спецроли: in=1, out=0, оборот 24k KZT.",1,0,23600.0,0.0,1,0,0.00028925272980600625,0.0,1,0.0,3,False,False
100000003610172100,peripheral,0.5325958422193758,5,0.3223935165625459,"Нет выраженной спецроли: in=1, out=0, оборот 70k KZT.",1,0,70000.0,0.0,1,0,0.0002878379364024767,0.0,7,0.0,3,False,False
100000001052945100,distributor,0.7541663599870914,56,0.6808002806855487,"Распределение: 3 получателей, 6 переводов, выход 1.6m KZT.",1,3,56520.0,1595700.0,1,6,0.0003015447649742742,4.007123775601068e-05,7,28.23248407643312,3,False,False
100000002369510100,peripheral,0.6480869264671245,7,0.2047009840736726,"Нет выраженной спецроли: in=1, out=0, оборот 37k KZT.",1,0,37150.0,0.0,1,0,0.000291367583713934,0.0,1,0.0,3,False,False
100000001954534100,peripheral,0.6158426113058952,1,0.423905301415768,"Нет выраженной спецроли: in=1, out=1, оборот 53k KZT.",1,1,13000.0,40000.0,1,1,0.0003659515092221361,1.3357079252003561e-05,7,3.076923076923077,3,False,False
100000008488166100,peripheral,0.7811218312722017,7,0.10418016637070057,"Нет выраженной спецроли: in=1, out=0, оборот 6k KZT.",1,0,5600.0,0.0,1,0,0.0002864433297807149,0.0,1,0.0,3,False,False
100000005100475100,peripheral,0.6426132183982216,6,0.2465360977943177,"Нет выраженной спецроли: in=1, out=0, оборот 40k KZT.",1,0,40000.0,0.0,1,0,0.0003377497462501435,0.0,1,0.0,3,False,False
100000002708624100,peripheral,0.6233483354197384,27,0.31321110253955153,"Нет выраженной спецроли: in=1, out=0, оборот 25k KZT.",1,0,25000.0,0.0,1,0,0.000328736126653088,0.0,7,0.0,3,False,False
100000004591973100,peripheral,0.7268817764390821,12,0.5582102167228118,"Нет выраженной спецроли: in=1, out=1, оборот 110k KZT.",1,1,10000.0,100000.0,1,1,0.0003991316698685015,1.92935589195607e-05,9,10.0,3,False,False
100000000802149100,terminal,0.5000084188866986,1,0.3665027297725648,"Наблюдаемый сток: 1 плательщиков, вход 104k KZT, depth=3<4, исходящих нет.",1,0,104128.0,0.0,1,0,0.0002948035998809035,0.0,7,0.0,3,False,False
100000003095610100,peripheral,0.6310432583571819,8,0.2802701194426899,"Нет выраженной спецроли: in=1, out=0, оборот 24k KZT.",1,0,23665.0,0.0,1,0,0.00029438645311679446,0.0,7,0.0,3,False,False
100000004183610100,peripheral,0.8540573161773453,15,0.46223890788028404,"Нет выраженной спецроли: in=1, out=1, оборот 937k KZT.",1,1,22000.0,915000.0,1,3,0.0003407627226653414,1.3401751757863106e-05,7,41.59090909090909,3,False,False
100000005198906100,peripheral,0.6675233084613403,5,0.4196395673830578,"Нет выраженной спецроли: in=1, out=1, оборот 288k KZT.",1,1,227970.0,60000.0,1,1,0.0002929576136309596,1.3357079252003561e-05,7,0.26319252533228055,3,False,False
100000008599354100,peripheral,0.8100097771805127,1,0.35651086138588994,"Нет выраженной спецроли: in=1, out=1, оборот 215k KZT.",1,1,177000.0,38200.0,1,2,0.0003317435534185647,0.0,7,0.21581920903954802,3,False,False
100000001303311100,terminal,0.9590118384670729,18,0.6853900365499157,"Наблюдаемый сток: 5 плательщиков, вход 1.3m KZT, depth=3<4, исходящих нет.",5,0,1324000.0,0.0,5,0,0.0005016994290161643,0.0,9,0.0,3,False,False
100000008776420100,peripheral,0.5948570987246042,7,0.25074132036250674,"Нет выраженной спецроли: in=1, out=0, оборот 70k KZT.",1,0,69500.0,0.0,1,0,0.00029641669987049937,0.0,1,0.0,3,False,False
100000004737764100,terminal,0.5984558350245044,3,0.49655144887744823,"Наблюдаемый сток: 1 плательщиков, вход 600k KZT, depth=3<4, исходящих нет.",1,0,600000.0,0.0,1,0,0.0006766224227546178,0.0,7,0.0,3,False,False
100000003154105100,distributor,0.8145213250822373,23,0.7659696261522039,"Распределение: 7 получателей, 9 переводов, выход 338k KZT.",1,7,60000.0,338000.0,1,9,0.000550680796574537,9.349955476402493e-05,7,5.633333333333334,3,False,False
100000008708025100,peripheral,0.6984729954378708,29,0.2564195691142179,"Нет выраженной спецроли: in=1, out=0, оборот 10k KZT.",1,0,10000.0,0.0,1,0,0.0003092890887695541,0.0,7,0.0,3,False,False
100000008740793100,peripheral,0.700682121390062,7,0.16225594834088347,"Нет выраженной спецроли: in=1, out=0, оборот 21k KZT.",1,0,21000.0,0.0,1,0,0.00028884692758013086,0.0,1,0.0,3,False,False
100000008459449100,peripheral,0.5499689156554592,1,0.3407321116694202,"Нет выраженной спецроли: in=1, out=0, оборот 54k KZT.",1,0,53700.0,0.0,1,0,0.0002995780948902197,0.0,7,0.0,3,False,False
100000008677518100,peripheral,0.625319474064586,7,0.2241609999932628,"Нет выраженной спецроли: in=1, out=0, оборот 49k KZT.",1,0,48700.0,0.0,1,0,0.000293170282063496,0.0,1,0.0,3,False,False
100000002212494100,terminal,0.5268216555140784,32,0.4189672479358902,"Наблюдаемый сток: 1 плательщиков, вход 160k KZT, depth=3<4, исходящих нет.",1,0,160000.0,0.0,1,0,0.00035664443990538483,0.0,7,0.0,3,False,False
100000001825934100,peripheral,0.5750083072590145,37,0.3383441666533448,"Нет выраженной спецроли: in=1, out=1, оборот 137k KZT.",1,1,40000.0,97000.0,1,1,0.00047586713178590694,0.0,1,2.425,3,False,False
100000003736419100,peripheral,0.5431748429231373,1,0.3810485969501953,"Нет выраженной спецроли: in=1, out=1, оборот 33k KZT.",1,1,23300.0,10000.0,1,1,0.0002916476006545207,1.3357079252003561e-05,7,0.4291845493562232,3,False,False
100000008430691100,peripheral,0.7975810475974128,71,0.4301058230767127,"Нет выраженной спецроли: in=1, out=2, оборот 625k KZT.",1,2,20000.0,604900.0,1,2,0.0003069779355111296,1.3357079252003561e-05,7,30.245,3,False,False
100000003073635100,terminal,0.5120664424587748,9,0.39358181467824294,"Наблюдаемый сток: 1 плательщиков, вход 129k KZT, depth=3<4, исходящих нет.",1,0,129231.0,0.0,1,0,0.0003118625039951041,0.0,7,0.0,3,False,False
100000001686328100,terminal,0.5724637876964473,10,0.48652010339278984,"Наблюдаемый сток: 1 плательщиков, вход 140k KZT, depth=3<4, исходящих нет.",1,0,140000.0,0.0,1,0,0.0003150543933476953,0.0,9,0.0,3,False,False
100000008707810100,peripheral,0.6764867451434619,7,0.18030957128778757,"Нет выраженной спецроли: in=1, out=0, оборот 26k KZT.",1,0,26200.0,0.0,1,0,0.00028965853203188175,0.0,1,0.0,3,False,False
100000001236706100,consolidator,0.7719727901581903,15,0.6675786301022187,"Консолидация: 3 плательщиков, 7 seed-маршрутов, вход 143k KZT.",3,2,142700.0,36000.0,3,2,0.0007662915221773794,2.6714158504007122e-05,7,0.25227750525578135,3,False,False
100000008536546100,terminal,0.8193364989691652,18,0.5715350774060618,"Наблюдаемый сток: 2 плательщиков, вход 250k KZT, depth=3<4, исходящих нет.",2,0,250000.0,0.0,2,0,0.0003172528720016747,0.0,8,0.0,3,False,False
100000007140834100,peripheral,0.6109729954378709,6,0.3251549756128313,"Нет выраженной спецроли: in=1, out=0, оборот 10k KZT.",1,0,10200.0,0.0,2,0,0.0007122600056993952,0.0,7,0.0,3,False,False
100000007022818100,peripheral,0.7222596372558825,7,0.14588731620247467,"Нет выраженной спецроли: in=1, out=0, оборот 17k KZT.",1,0,17200.0,0.0,1,0,0.000288253832019236,0.0,1,0.0,3,False,False
100000007484343100,terminal,0.6040428703826187,1,0.3486524676423539,"Наблюдаемый сток: 2 плательщиков, вход 27k KZT, depth=3<4, исходящих нет.",2,0,26757.0,0.0,2,0,0.0002891334225528798,0.0,7,0.0,3,False,False
100000001379511100,peripheral,0.5477477007869189,11,0.35034843807518423,"Нет выраженной спецроли: in=1, out=0, оборот 55k KZT.",1,0,55000.0,0.0,1,0,0.0003072907911907118,0.0,7,0.0,3,False,False
100000004569484100,transit,0.7397010030026865,8,0.7309920774400396,"Транзит: вход 98k, выход 156k KZT, коэффициент 1.59.",2,4,98312.0,156000.0,3,4,0.00031938100409198596,0.0003438211140793509,7,1.586784929611848,3,False,False
100000002948492100,peripheral,0.6312019165620776,16,0.27518095373476265,"Нет выраженной спецроли: in=1, out=0, оборот 24k KZT.",1,0,23660.0,0.0,1,0,0.00029225683204655884,0.0,7,0.0,3,False,False
100000002116705100,peripheral,0.7192451313628635,7,0.14806155642301727,"Нет выраженной спецроли: in=1, out=0, оборот 18k KZT.",1,0,17600.0,0.0,1,0,0.00028831626313090915,0.0,1,0.0,3,False,False
100000002481974100,consolidator,0.6721224346089443,9,0.6281364339991218,"Консолидация: 2 плательщиков, 7 seed-маршрутов, вход 89k KZT.",2,2,89447.0,318000.0,2,4,0.0003316686610389915,2.6714158504007122e-05,7,3.5551779265934016,3,False,False
100000003920950100,terminal,0.5702940036555109,6,0.453924700484724,"Наблюдаемый сток: 1 плательщиков, вход 323k KZT, depth=3<4, исходящих нет.",1,0,323290.0,0.0,1,0,0.0003917283702075202,0.0,7,0.0,3,False,False
100000000733451100,peripheral,0.7464813490035787,15,0.6087200971264686,"Нет выраженной спецроли: in=1, out=1, оборот 370k KZT.",1,1,70000.0,300000.0,2,1,0.0005412616148555033,1.92935589195607e-05,10,4.285714285714286,3,False,False
100000005182219100,terminal,0.6702033418241419,5,0.4420203803902495,"Наблюдаемый сток: 2 плательщиков, вход 55k KZT, depth=3<4, исходящих нет.",2,0,55000.0,0.0,2,0,0.000354129497884144,0.0,7,0.0,3,False,False
100000008633099100,transit,0.5991096930606494,6,0.41705145910408586,"Транзит: вход 19k, выход 14k KZT, коэффициент 0.69.",1,1,19468.0,13500.0,1,1,0.00029196202177266776,1.3357079252003561e-05,7,0.6934456544072324,3,False,False
100000001380107100,peripheral,0.6557541124497085,54,0.3175887633816122,"Нет выраженной спецроли: in=1, out=0, оборот 6k KZT.",1,0,6000.0,0.0,1,0,0.00029094848350339587,0.0,10,0.0,3,False,False
100000008755168100,peripheral,0.7192451313628635,7,0.14806155642301727,"Нет выраженной спецроли: in=1, out=0, оборот 18k KZT.",1,0,17600.0,0.0,1,0,0.00028831626313090915,0.0,1,0.0,3,False,False
100000002628576100,consolidator,0.7251003813604436,5,0.6487774160913159,"Консолидация: 2 плательщиков, 7 seed-маршрутов, вход 728k KZT.",2,2,727882.0,539000.0,3,2,0.0003113901539132389,2.6714158504007122e-05,7,0.7405046422359668,3,False,False
100000001611488100,terminal,0.8435487634016577,5,0.5834800264740044,"Наблюдаемый сток: 2 плательщиков, вход 779k KZT, depth=3<4, исходящих нет.",2,0,779300.0,0.0,3,0,0.0008775368508533171,0.0,7,0.0,3,False,False
100000005375968100,peripheral,0.534279907414879,1,0.5442680307929333,"Нет выраженной спецроли: in=1, out=2, оборот 256k KZT.",1,2,170082.0,86000.0,1,4,0.0002951483068536033,2.680350351572621e-05,7,0.5056384567443939,3,False,False
100000003581109100,peripheral,0.5770994686926305,1,0.2937686995923357,"Нет выраженной спецроли: in=1, out=0, оборот 43k KZT.",1,0,42750.0,0.0,1,0,0.00028797697280880764,0.0,7,0.0,3,False,False
100000002933386100,peripheral,0.6548081585221426,3,0.4893848535328166,"Нет выраженной спецроли: in=1, out=1, оборот 73k KZT.",1,1,15000.0,58000.0,1,1,0.000652782324912921,1.4841199168892845e-05,7,3.8666666666666667,3,False,False
100000002284426100,terminal,0.5667241940453567,5,0.3578538810695455,"Наблюдаемый сток: 1 плательщиков, вход 90k KZT, depth=3<4, исходящих нет.",1,0,90000.0,0.0,2,0,0.00028848611988395835,0.0,7,0.0,3,False,False
100000008579978100,peripheral,0.6604019345976273,5,0.3740268041305272,"Нет выраженной спецроли: in=1, out=1, оборот 111k KZT.",1,1,34000.0,77000.0,1,6,0.0002866712061358097,1.3357079252003561e-05,7,2.264705882352941,3,False,False
100000001549194100,peripheral,0.5698011912674266,16,0.3266127964005844,"Нет выраженной спецроли: in=1, out=0, оборот 46k KZT.",1,0,46500.0,0.0,1,0,0.0002987125955300956,0.0,7,0.0,3,False,False
100000001427082100,distributor,0.7181062205941469,23,0.6710638523625365,"Распределение: 5 получателей, 6 переводов, выход 125k KZT.",1,5,5000.0,124900.0,1,6,0.0004392450523980504,5.3428317008014244e-05,7,24.98,3,False,False
100000004657034100,terminal,0.5189680743717393,5,0.36627738066743326,"Наблюдаемый сток: 1 плательщиков, вход 141k KZT, depth=3<4, исходящих нет.",1,0,141250.0,0.0,1,0,0.0002901470900552552,0.0,7,0.0,3,False,False
100000003796063100,distributor,0.9178101096686162,5,0.845474936006055,"Распределение: 15 получателей, 23 переводов, выход 959k KZT.",1,15,35000.0,959150.0,1,23,0.0006852648705720575,0.00044576986076805546,7,27.404285714285713,3,False,False
100000005268319100,distributor,0.7070529461055468,5,0.5859437714758619,"Распределение: 5 получателей, 10 переводов, выход 91k KZT.",1,5,19712.8,91000.0,2,10,0.0002936395632308343,2.8263489750577905e-05,7,4.6162899232985675,3,False,False
100000008744799100,peripheral,0.7452650769657647,7,0.12852755185510406,"Нет выраженной спецроли: in=1, out=0, оборот 13k KZT.",1,0,12600.0,0.0,1,0,0.00028753587423499484,0.0,1,0.0,3,False,False
100000008677215100,peripheral,0.706881880297345,24,0.24791000750286113,"Нет выраженной спецроли: in=1, out=0, оборот 9k KZT.",1,0,9000.0,0.0,1,0,0.0003043767156368611,0.0,7,0.0,3,False,False
100000007593823100,distributor,0.8488420251043183,1,0.7255953218731989,"Распределение: 13 получателей, 21 переводов, выход 163k KZT.",3,13,25000.0,162900.0,3,21,0.000290592094563477,0.0005344682029691222,7,6.516,3,False,False
100000001282143100,terminal,0.9713877733163839,14,0.694466487704516,"Наблюдаемый сток: 5 плательщиков, вход 1.7m KZT, depth=3<4, исходящих нет.",5,0,1700000.0,0.0,6,0,0.00040176306143270535,0.0,10,0.0,3,False,False
100000008029279100,peripheral,0.6635681903608083,9,0.24476153771128323,"Нет выраженной спецроли: in=1, out=0, оборот 17k KZT.",1,0,17000.0,0.0,1,0,0.0002890280971842479,0.0,7,0.0,3,False,False
100000000594783100,peripheral,0.8586403692878315,25,0.37628427335915604,"Нет выраженной спецроли: in=1, out=2, оборот 2.8m KZT.",1,2,2635000.0,152500.0,10,2,0.0013815888060884878,0.0,2,0.05787476280834915,3,False,False
100000002705460100,terminal,0.4904889265929542,2,0.41666137755571186,"Наблюдаемый сток: 1 плательщиков, вход 95k KZT, depth=3<4, исходящих нет.",1,0,95000.0,0.0,1,0,0.000557727242255144,0.0,7,0.0,3,False,False
100000002952756100,peripheral,0.6292066000845318,8,0.26184412573647187,"Нет выраженной спецроли: in=1, out=0, оборот 47k KZT.",1,0,47000.0,0.0,1,0,0.0003677090010006242,0.0,1,0.0,3,False,False
100000004634420100,peripheral,0.6777560107826277,7,0.17924288232371727,"Нет выраженной спецроли: in=1, out=0, оборот 26k KZT.",1,0,26150.0,0.0,1,0,0.0002896507281429226,0.0,1,0.0,3,False,False
100000000583220100,peripheral,0.8825278811181781,68,0.39537172745713883,"Нет выраженной спецроли: in=1, out=1, оборот 766k KZT.",1,1,5000.0,761255.0,1,4,0.0002981132552282115,1.3357079252003561e-05,7,152.251,3,False,False
100000003286537100,terminal,0.7868115669655387,10,0.5366732796561096,"Наблюдаемый сток: 2 плательщиков, вход 153k KZT, depth=3<4, исходящих нет.",2,0,153000.0,0.0,2,0,0.0003010947151858364,0.0,8,0.0,3,False,False
100000002958345100,terminal,0.5302739939279159,14,0.3599271076599293,"Наблюдаемый сток: 1 плательщиков, вход 307k KZT, depth=3<4, исходящих нет.",1,0,307000.0,0.0,1,0,0.0003001922715970454,0.0,2,0.0,3,False,False
100000005055454100,peripheral,0.7771553761498082,30,0.18129525524266177,"Нет выраженной спецроли: in=1, out=0, оборот 6k KZT.",1,0,6500.0,0.0,1,0,0.000505981015832426,0.0,1,0.0,3,False,False
100000008738526100,peripheral,0.7499129299613948,18,0.42221071500325935,"Нет выраженной спецроли: in=1, out=1, оборот 155k KZT.",1,1,15000.0,140000.0,1,1,0.0002874522211122593,1.3357079252003561e-05,8,9.333333333333334,3,False,False
100000001298099100,peripheral,0.6528587615303459,8,0.26301733042370523,"Нет выраженной спецроли: in=1, out=0, оборот 19k KZT.",1,0,19000.0,0.0,1,0,0.0002926483569297594,0.0,7,0.0,3,False,False
100000006491272100,peripheral,0.6764867451434619,7,0.18030957128778757,"Нет выраженной спецроли: in=1, out=0, оборот 26k KZT.",1,0,26200.0,0.0,1,0,0.00028965853203188175,0.0,1,0.0,3,False,False
100000000552584100,peripheral,0.8877631123919308,25,0.36264650870218784,"Нет выраженной спецроли: in=1, out=1, оборот 2.6m KZT.",1,1,2500000.0,57500.0,3,1,0.0013254360037725063,0.0,2,0.023,3,False,False
100000005187208100,peripheral,0.6783234034161121,5,0.27090508430352794,"Нет выраженной спецроли: in=1, out=0, оборот 14k KZT.",1,0,14160.0,0.0,1,0,0.0003119707842377321,0.0,7,0.0,3,False,False
100000003528285100,distributor,0.7937801135752423,3,0.7799409516402267,"Распределение: 4 получателей, 6 переводов, выход 548k KZT.",4,4,118870.0,548000.0,5,6,0.00040427564554845465,0.00023626326694126403,7,4.6100782367292,3,False,False
100000001484381100,terminal,0.7401942756410049,8,0.4677757904752254,"Наблюдаемый сток: 2 плательщиков, вход 96k KZT, depth=3<4, исходящих нет.",2,0,95585.0,0.0,4,0,0.0003213079861341874,0.0,7,0.0,3,False,False
100000002508637100,peripheral,0.7845873231951684,22,0.2852370405479885,"Нет выраженной спецроли: in=1, out=1, оборот 314k KZT.",1,1,306410.0,8000.0,1,1,0.00030739263356746913,1.4841199168892846e-06,1,0.02610880845925394,3,False,False
100000003149149100,terminal,0.5556974488051029,5,0.4012657645185142,"Наблюдаемый сток: 1 плательщиков, вход 245k KZT, depth=3<4, исходящих нет.",1,0,245000.0,0.0,1,0,0.00029350954186544125,0.0,7,0.0,3,False,False
100000001538095100,terminal,0.8360290642150331,14,0.5976701361150181,"Наблюдаемый сток: 2 плательщиков, вход 280k KZT, depth=3<4, исходящих нет.",2,0,280000.0,0.0,2,0,0.00033013522666239774,0.0,9,0.0,3,False,False
100000008695133100,peripheral,0.6492768630038426,7,0.2038103901077539,"Нет выраженной спецроли: in=1, out=0, оборот 37k KZT.",1,0,36610.0,0.0,1,0,0.00029128330171317526,0.0,1,0.0,3,False,False
100000008749405100,peripheral,0.6480869264671245,7,0.2047009840736726,"Нет выраженной спецроли: in=1, out=0, оборот 37k KZT.",1,0,37150.0,0.0,1,0,0.000291367583713934,0.0,1,0.0,3,False,False
100000005815602100,peripheral,0.747099077147542,2,0.4473192423163483,"Нет выраженной спецроли: in=1, out=1, оборот 185k KZT.",1,1,20000.0,165000.0,1,1,0.0005521710322392155,1.3357079252003561e-05,7,8.25,3,False,False
100000006641671100,consolidator,0.6266540339675359,9,0.46233727751369963,"Консолидация: 2 плательщиков, 7 seed-маршрутов, вход 22k KZT.",2,1,22000.0,25000.0,2,3,0.0004399911079982389,7.420599584446423e-06,7,1.1363636363636365,3,False,False
100000002945031100,peripheral,0.6738809736790313,15,0.24552886091344941,"Нет выраженной спецроли: in=1, out=0, оборот 15k KZT.",1,0,15000.0,0.0,1,0,0.000291121950616924,0.0,7,0.0,3,False,False
100000003497735100,terminal,0.5104005313073694,20,0.38887948746778533,"Наблюдаемый сток: 1 плательщиков, вход 125k KZT, depth=3<4, исходящих нет.",1,0,125000.0,0.0,1,0,0.00030694621061712747,0.0,7,0.0,3,False,False
100000004644615100,peripheral,0.8627353347932432,8,0.29406749902513896,"Нет выраженной спецроли: in=1, out=2, оборот 430k KZT.",1,2,50810.0,379665.0,1,14,0.00037436756021008163,0.0,1,7.472249557173785,3,False,False
100000002755292100,terminal,0.5453846654868799,5,0.39081857312897517,"Наблюдаемый сток: 1 плательщиков, вход 203k KZT, depth=3<4, исходящих нет.",1,0,203400.0,0.0,1,0,0.0002921613202239594,0.0,7,0.0,3,False,False
100000005142492100,peripheral,0.7572753930936853,6,0.37549755200821083,"Нет выраженной спецроли: in=1, out=1, оборот 67k KZT.",1,1,10000.0,57000.0,1,1,0.0019077900971988637,0.0,7,5.7,3,False,False
100000002893020100,peripheral,0.6542073562719597,8,0.2616199900560288,"Нет выраженной спецроли: in=1, out=0, оборот 18k KZT.",1,0,18340.0,0.0,1,0,0.00029240245264606314,0.0,7,0.0,3,False,False
100000004500444100,consolidator,0.72603424258654,16,0.5702867419380139,"Консолидация: 2 плательщиков, 7 seed-маршрутов, вход 180k KZT.",2,1,180000.0,74000.0,7,5,0.0004643947559108734,1.3357079252003561e-05,7,0.4111111111111111,3,False,False
100000008454065100,peripheral,0.6274734487470277,16,0.2778040009845741,"Нет выраженной спецроли: in=1, out=0, оборот 24k KZT.",1,0,24050.0,0.0,1,0,0.00029236706618660175,0.0,7,0.0,3,False,False
100000008416433100,peripheral,0.646671091539412,16,0.2627249578451394,"Нет выраженной спецроли: in=1, out=0, оборот 20k KZT.",1,0,20000.0,0.0,1,0,0.0002912223270400026,0.0,7,0.0,3,False,False
100000005265073100,transit,0.5302058930295537,21,0.44105261451198274,"Транзит: вход 5k, выход 9k KZT, коэффициент 1.80.",1,1,5000.0,9000.0,1,1,0.0002991258827616204,1.3357079252003561e-05,8,1.8,3,False,False
100000006734214100,consolidator,0.8279964582197372,5,0.7491354477683755,"Консолидация: 5 плательщиков, 7 seed-маршрутов, вход 610k KZT.",5,3,610000.0,36000.0,10,4,0.0006063901366273082,4.4523597506678535e-05,7,0.05901639344262295,3,False,False
100000002611334100,peripheral,0.6189582489204104,1,0.4062331942901024,"Нет выраженной спецроли: in=1, out=1, оборот 64k KZT.",1,1,48288.0,15500.0,1,1,0.0003053380307806398,1.3357079252003561e-05,7,0.3209907223326706,3,False,False
100000006225798100,consolidator,0.7777707715612225,17,0.6737050507773567,"Консолидация: 3 плательщиков, 7 seed-маршрутов, вход 722k KZT.",3,2,722000.0,26300.0,4,2,0.00035996892038230857,2.6714158504007122e-05,7,0.03642659279778394,3,False,False
100000002849158100,consolidator,0.8799521807235525,10,0.7555999399563993,"Консолидация: 3 плательщиков, 9 seed-маршрутов, вход 723k KZT.",3,1,723000.0,1313000.0,3,3,0.00033624556849174277,1.6379918815166017e-05,9,1.8160442600276625,3,False,False
100000008686214100,peripheral,0.6233483354197384,3,0.29065772175663335,"Нет выраженной спецроли: in=1, out=0, оборот 25k KZT.",1,0,25000.0,0.0,1,0,0.00029772792993778554,0.0,7,0.0,3,False,False
100000004931931100,transit,0.5173944960116896,1,0.4213221085517504,"Транзит: вход 24k, выход 45k KZT, коэффициент 1.88.",1,1,23938.0,45000.0,1,1,0.000291814036684862,1.3357079252003561e-05,7,1.8798562954298605,3,False,False
100000007510875100,peripheral,0.7889754124145407,19,0.16027070746882524,"Нет выраженной спецроли: in=1, out=0, оборот 5k KZT.",1,0,5000.0,0.0,1,0,0.00035624626017075875,0.0,1,0.0,3,False,False
100000005233755100,peripheral,0.7313415013899662,17,0.33016029491569066,"Нет выраженной спецроли: in=1, out=1, оборот 30k KZT.",1,1,25000.0,5000.0,1,1,0.0002916076698087042,1.3357079252003561e-05,7,0.2,3,False,False
100000008042075100,peripheral,0.7889754124145407,25,0.11943440853644086,"Нет выраженной спецроли: in=1, out=0, оборот 5k KZT.",1,0,5000.0,0.0,1,0,0.00029195667457243503,0.0,1,0.0,3,False,False
100000001680944100,terminal,0.6342611585033378,18,0.5402843472119406,"Наблюдаемый сток: 1 плательщиков, вход 393k KZT, depth=3<4, исходящих нет.",1,0,393000.0,0.0,1,0,0.00034558988439926675,0.0,9,0.0,3,False,False
100000008417029100,terminal,0.5506482845232833,10,0.46614888519135256,"Наблюдаемый сток: 1 плательщиков, вход 100k KZT, depth=3<4, исходящих нет.",1,0,100000.0,0.0,1,0,0.00030663007931043686,0.0,9,0.0,3,False,False
100000004975919100,transit,0.5852558513669005,9,0.4914235360991207,"Транзит: вход 22k, выход 15k KZT, коэффициент 0.67.",1,2,22351.0,15000.0,1,2,0.00029011680628284717,2.6714158504007122e-05,7,0.6711109122634334,3,False,False
100000003087877100,peripheral,0.5735968992685752,22,0.2557550406163446,"Нет выраженной спецроли: in=1, out=0, оборот 91k KZT.",1,0,91486.0,0.0,1,0,0.00029208517171407756,0.0,1,0.0,3,False,False
100000008295429100,terminal,0.5745777751876958,5,0.42133946685914647,"Наблюдаемый сток: 1 плательщиков, вход 352k KZT, depth=3<4, исходящих нет.",1,0,352000.0,0.0,1,0,0.00029697732349136816,0.0,7,0.0,3,False,False
100000003254277100,transit,0.7074034214960051,1,0.4970710747636691,"Транзит: вход 49k, выход 45k KZT, коэффициент 0.91.",1,1,49200.0,44997.0,1,1,0.0002883402365962997,1.3401751757863106e-05,7,0.9145731707317073,3,False,False
100000005314565100,terminal,0.6515383372910503,1,0.462142066972212,"Наблюдаемый сток: 1 плательщиков, вход 218k KZT, depth=3<4, исходящих нет.",1,0,218500.0,0.0,3,0,0.0003750215171110066,0.0,7,0.0,3,False,False
100000002951898100,peripheral,0.5831284804786687,16,0.3157188162592526,"Нет выраженной спецроли: in=1, out=0, оборот 40k KZT.",1,0,39990.0,0.0,1,0,0.00029687253334630294,0.0,7,0.0,3,False,False
100000001009583100,terminal,0.5796548377443594,5,0.4267673565242148,"Наблюдаемый сток: 1 плательщиков, вход 394k KZT, depth=3<4, исходящих нет.",1,0,393740.0,0.0,1,0,0.00029833008241722037,0.0,7,0.0,3,False,False
100000004064431100,peripheral,0.5935478278189786,26,0.23554037429348917,"Нет выраженной спецроли: in=1, out=1, оборот 36k KZT.",1,1,26000.0,10000.0,1,1,0.0002910534469463005,0.0,1,0.38461538461538464,3,False,False
100000001927599100,consolidator,0.8107236854841051,8,0.5798323776677554,"Консолидация: 2 плательщиков, 9 seed-маршрутов, вход 188k KZT.",2,0,188000.0,0.0,2,0,0.0003272554677154655,0.0,9,0.0,3,False,False
100000007737775100,peripheral,0.6742038455457939,13,0.3102183229901531,"Нет выраженной спецроли: in=1, out=0, оборот 6k KZT.",1,0,6000.0,0.0,1,0,0.00030312962676534933,0.0,8,0.0,3,False,False
100000003157679100,terminal,0.9334452020210167,10,0.6561097402728597,"Наблюдаемый сток: 4 плательщиков, вход 541k KZT, depth=3<4, исходящих нет.",4,0,541000.0,0.0,4,0,0.0003728530959036694,0.0,9,0.0,3,False,False
100000001229743100,transit,0.6373689240106485,1,0.3875479518925716,"Транзит: вход 7k, выход 9k KZT, коэффициент 1.29.",1,1,7000.0,9000.0,1,1,0.0002884350404884854,1.3357079252003561e-05,7,1.2857142857142858,3,False,False
100000003795588100,terminal,0.6623950915974872,1,0.46783177319154123,"Наблюдаемый сток: 1 плательщиков, вход 400k KZT, depth=3<4, исходящих нет.",1,0,400000.0,0.0,2,0,0.00032104219550652184,0.0,7,0.0,3,False,False
100000002301828100,peripheral,0.5688492420380522,17,0.31711220345953617,"Нет выраженной спецроли: in=1, out=0, оборот 47k KZT.",1,0,46977.0,0.0,1,0,0.00029296342924915497,0.0,7,0.0,3,False,False
100000005409156100,terminal,0.7769803137189741,5,0.522608798177041,"Наблюдаемый сток: 2 плательщиков, вход 260k KZT, depth=3<4, исходящих нет.",2,0,260080.0,0.0,2,0,0.00042393100512820185,0.0,7,0.0,3,False,False
100000002513028100,distributor,0.7474660718026532,59,0.6583220900905151,"Распределение: 3 получателей, 24 переводов, выход 333k KZT.",1,3,9500.0,332709.0,1,24,0.0003055978968624265,4.007123775601068e-05,7,35.022,3,False,False
100000003218308100,peripheral,0.6895881359637095,1,0.21774338692456863,"Нет выраженной спецроли: in=1, out=0, оборот 11k KZT.",1,0,11165.0,0.0,1,0,0.0002861981066494379,0.0,7,0.0,3,False,False
100000008489604100,peripheral,0.7512147596493549,7,0.12428673411643755,"Нет выраженной спецроли: in=1, out=0, оборот 11k KZT.",1,0,11000.0,0.0,1,0,0.0002872861497883023,0.0,1,0.0,3,False,False
100000004450649100,consolidator,0.6703953428533634,5,0.6601198035643862,"Консолидация: 2 плательщиков, 7 seed-маршрутов, вход 193k KZT.",2,2,192528.0,46527.0,2,2,0.0002989552239324566,8.735956701421877e-05,7,0.24166355023684866,3,False,False
100000008767065100,peripheral,0.6433907000642054,18,0.30206291875834607,"Нет выраженной спецроли: in=1, out=0, оборот 10k KZT.",1,0,10000.0,0.0,1,0,0.0002870965356977483,0.0,9,0.0,3,False,False
100000003035737100,consolidator,0.7557102233313867,5,0.5942110320955595,"Консолидация: 2 плательщиков, 7 seed-маршрутов, вход 809k KZT.",2,1,809170.0,6544.53,3,1,0.0003788112784639957,1.3357079252003561e-05,7,0.008087954323566123,3,False,False
100000002748761100,terminal,0.6687146104283691,14,0.43039207276103203,"Наблюдаемый сток: 1 плательщиков, вход 797k KZT, depth=3<4, исходящих нет.",1,0,796800.0,0.0,3,0,0.0003235223508172531,0.0,2,0.0,3,False,False
100000008432942100,terminal,0.5071480381070067,1,0.31654204226409144,"Наблюдаемый сток: 1 плательщиков, вход 45k KZT, depth=3<4, исходящих нет.",1,0,44542.0,0.0,2,0,0.0002880778981897667,0.0,7,0.0,3,False,False
100000004278574100,transit,0.4994555311880159,5,0.3761789145503458,"Транзит: вход 25k, выход 12k KZT, коэффициент 0.50.",1,1,25000.0,12500.0,1,1,0.000286379523569143,1.3357079252003561e-05,7,0.5,3,False,False
100000000926766100,peripheral,0.6407542101258771,27,0.32273708078158786,"Нет выраженной спецроли: in=1, out=1, оборот 25k KZT.",1,1,18750.0,6000.0,1,1,0.00031794441854413876,0.0,7,0.32,3,False,False
100000008661550100,peripheral,0.6959223752431899,7,0.16586167064559984,"Нет выраженной спецроли: in=1, out=0, оборот 23k KZT.",1,0,22800.0,0.0,1,0,0.00028912786758266,0.0,1,0.0,3,False,False
100000000783406100,peripheral,0.7174326509229116,35,0.21651862680673448,"Нет выраженной спецроли: in=1, out=0, оборот 6k KZT.",1,0,6066.0,0.0,1,0,0.0002901959794883712,0.0,7,0.0,3,False,False
100000008730371100,terminal,0.8333153091858826,1,0.575182210953186,"Наблюдаемый сток: 2 плательщиков, вход 520k KZT, depth=3<4, исходящих нет.",2,0,520000.0,0.0,3,0,0.0008583627263123976,0.0,7,0.0,3,False,False
100000002878467100,terminal,0.8053745769383402,11,0.560464777181233,"Наблюдаемый сток: 2 плательщиков, вход 200k KZT, depth=3<4, исходящих нет.",2,0,200000.0,0.0,2,0,0.00031440364212176087,0.0,8,0.0,3,False,False
100000003171587100,consolidator,0.7296199623801797,5,0.6672366556658947,"Консолидация: 2 плательщиков, 7 seed-маршрутов, вход 700k KZT.",2,2,700000.0,431300.0,2,7,0.00031601841593021003,2.968239833778569e-05,7,0.6161428571428571,3,False,False
100000002696152100,coordinator,0.6986856559764077,13,0.6563492364955708,"Структурный кандидат: degree=3, seed-маршрутов 8, betweenness=0.0000.",1,2,21800.0,69000.0,3,8,0.0012050605596790834,1.4841199168892845e-05,8,3.165137614678899,3,False,False
100000002109656100,terminal,0.5524861426133192,14,0.38611131451463554,"Наблюдаемый сток: 1 плательщиков, вход 500k KZT, depth=3<4, исходящих нет.",1,0,500000.0,0.0,1,0,0.00030938521828855235,0.0,2,0.0,3,False,False
100000001317336100,coordinator,0.6484127068975188,32,0.6580044691116298,"Структурный кандидат: degree=3, seed-маршрутов 7, betweenness=0.0000.",1,2,131196.0,1752000.0,1,3,0.0003438491368028857,2.968239833778569e-05,7,13.354065672733924,3,False,False
100000005222360100,peripheral,0.660434130364717,16,0.6016716285196881,"Нет выраженной спецроли: in=1, out=1, оборот 32k KZT.",1,1,5000.0,27000.0,1,1,0.0006008605701429425,0.0008094390026714157,7,5.4,3,False,False
100000001445848100,transit,0.5438984000014315,35,0.507627524328488,"Транзит: вход 546k, выход 352k KZT, коэффициент 0.64.",1,1,546000.0,351850.0,13,14,0.0007020167320692293,0.0,7,0.6444139194139195,3,False,False
100000008720856100,peripheral,0.6414338444160199,5,0.4110041499541653,"Нет выраженной спецроли: in=1, out=1, оборот 64k KZT.",1,1,18105.0,46000.0,1,2,0.00031932628410571523,1.3357079252003561e-05,7,2.5407346037006353,3,False,False
100000002448088100,consolidator,0.6557856605892052,23,0.5047509228158278,"Консолидация: 3 плательщиков, 7 seed-маршрутов, вход 20k KZT.",3,1,20000.0,25000.0,3,1,0.0005086560796474201,1.3357079252003561e-05,7,1.25,3,False,False
100000003109805100,peripheral,0.5882055430353323,17,0.3004850515947829,"Нет выраженной спецроли: in=1, out=0, оборот 37k KZT.",1,0,36929.0,0.0,1,0,0.00029138188362469686,0.0,7,0.0,3,False,False
100000008223661100,consolidator,0.7850273679353945,11,0.5901279786560507,"Консолидация: 2 плательщиков, 8 seed-маршрутов, вход 202k KZT.",2,5,202000.0,262580.0,2,5,0.00031466917502238233,4.947066389630948e-07,8,1.29990099009901,3,False,False
100000004096559100,peripheral,0.6313484858506242,6,0.28929309268313175,"Нет выраженной спецроли: in=1, out=0, оборот 46k KZT.",1,0,46200.0,0.0,1,0,0.0009765877187482858,0.0,1,0.0,3,False,False
100000002257794100,peripheral,0.5356775882984937,26,0.35109830072644277,"Нет выраженной спецроли: in=1, out=0, оборот 154k KZT.",1,0,154000.0,0.0,1,0,0.000860634101132436,0.0,1,0.0,3,False,False
100000003112578100,peripheral,0.5401702490457923,14,0.29219696394518757,"Нет выраженной спецроли: in=1, out=0, оборот 101k KZT.",1,0,101080.0,0.0,1,0,0.0002903839214275371,0.0,2,0.0,3,False,False
100000007020162100,terminal,0.48223869993837576,16,0.37240812528945594,"Наблюдаемый сток: 1 плательщиков, вход 86k KZT, depth=3<4, исходящих нет.",1,0,86395.0,0.0,1,0,0.0003099889827531998,0.0,7,0.0,3,False,False
100000001934935100,terminal,0.508258645541277,1,0.3663489900902426,"Наблюдаемый сток: 1 плательщиков, вход 119k KZT, depth=3<4, исходящих нет.",1,0,118935.0,0.0,1,0,0.0002922677094987423,0.0,7,0.0,3,False,False
100000002663511100,terminal,0.5609331695666623,1,0.42485769907228615,"Наблюдаемый сток: 1 плательщиков, вход 269k KZT, depth=3<4, исходящих нет.",1,0,268940.0,0.0,1,0,0.0003094194993991053,0.0,7,0.0,3,False,False
100000003338583100,peripheral,0.6987782229313132,26,0.16863230756542874,"Нет выраженной спецроли: in=1, out=0, оборот 22k KZT.",1,0,21765.0,0.0,1,0,0.00029016016283832526,0.0,1,0.0,3,False,False
100000002904919100,peripheral,0.7531069386050512,1,0.3500182894865164,"Нет выраженной спецроли: in=1, out=1, оборот 66k KZT.",1,1,60325.0,5500.0,1,1,0.00029091905114297305,1.3357079252003561e-05,7,0.09117281392457521,3,False,False
100000005127767100,peripheral,0.7141008286201012,38,0.27302212308737955,"Нет выраженной спецроли: in=1, out=0, оборот 7k KZT.",1,0,7000.0,0.0,1,0,0.0004225316662796324,0.0,7,0.0,3,False,False
100000004066647100,peripheral,0.5547286618023315,20,0.3288814652090015,"Нет выраженной спецроли: in=1, out=0, оборот 51k KZT.",1,0,51000.0,0.0,1,0,0.0002942910761084242,0.0,7,0.0,3,False,False
100000002394199100,peripheral,0.7764483890344867,6,0.33807251547325784,"Нет выраженной спецроли: in=1, out=1, оборот 354k KZT.",1,1,277398.0,76777.0,3,1,0.0029678523915121872,0.0,1,0.2767756076107254,3,False,False
100000003968044100,distributor,0.6473197148729214,9,0.5679218446420281,"Распределение: 3 получателей, 4 переводов, выход 311k KZT.",1,3,40000.0,311000.0,1,4,0.000296004155053737,1.530003422256316e-05,7,7.775,3,False,False
100000001808684100,transit,0.5668517678883632,6,0.38029959653687817,"Транзит: вход 48k, выход 38k KZT, коэффициент 0.78.",1,1,48400.0,37700.0,3,2,0.0011690957183659054,0.0,1,0.7789256198347108,3,False,False
100000008097580100,consolidator,0.6740748298880762,9,0.45029320539570056,"Консолидация: 2 плательщиков, 7 seed-маршрутов, вход 32k KZT.",2,0,32000.0,0.0,4,0,0.0006747919200885517,0.0,7,0.0,3,False,False
100000008687617100,peripheral,0.5556685221153567,7,0.23488299927100087,"Нет выраженной спецроли: in=1, out=0, оборот 43k KZT.",1,0,43350.0,0.0,2,0,0.0002923352659448677,0.0,1,0.0,3,False,False
100000005667841100,terminal,0.798790261435167,11,0.5543150390036766,"Наблюдаемый сток: 2 плательщиков, вход 186k KZT, depth=3<4, исходящих нет.",2,0,186000.0,0.0,2,0,0.00031222556371948533,0.0,8,0.0,3,False,False
100000001329153100,terminal,0.5238071496210595,1,0.3806075903202532,"Наблюдаемый сток: 1 плательщиков, вход 151k KZT, depth=3<4, исходящих нет.",1,0,150687.0,0.0,1,0,0.00029405598109260987,0.0,7,0.0,3,False,False
100000007689942100,coordinator,0.5589197048505045,20,0.4806762378115493,"Структурный кандидат: degree=3, seed-маршрутов 7, betweenness=0.0000.",1,2,5000.0,25000.0,1,2,0.0008925911171850297,1.3357079252003561e-05,7,5.0,3,False,False
100000006476758100,peripheral,0.6788049334877704,13,0.3442412332081909,"Нет выраженной спецроли: in=1, out=0, оборот 5k KZT.",1,0,5200.0,0.0,1,0,0.0005168074362570573,0.0,8,0.0,3,False,False
100000002184107100,peripheral,0.7174326509229116,35,0.21651862680673448,"Нет выраженной спецроли: in=1, out=0, оборот 6k KZT.",1,0,6066.0,0.0,1,0,0.0002901959794883712,0.0,7,0.0,3,False,False
100000008663723100,peripheral,0.7297165728859822,7,0.13969337752971503,"Нет выраженной спецроли: in=1, out=0, оборот 16k KZT.",1,0,15600.0,0.0,1,0,0.00028800410757254345,0.0,1,0.0,3,False,False
100000000254336100,consolidator,0.6234937754683926,1,0.47914868670084404,"Консолидация: 2 плательщиков, 7 seed-маршрутов, вход 97k KZT.",2,1,97177.0,60000.0,2,1,0.0002919351427687482,1.3357079252003561e-05,7,0.6174300503205491,3,False,False
100000008750464100,peripheral,0.769381124109917,7,0.11228452599703903,"Нет выраженной спецроли: in=1, out=0, оборот 8k KZT.",1,0,8500.0,0.0,1,0,0.00028689595534034515,0.0,1,0.0,3,False,False
100000001530709100,peripheral,0.5494929410407721,1,0.31454053406010607,"Нет выраженной спецроли: in=1, out=0, оборот 54k KZT.",1,0,53961.0,0.0,1,0,0.00028860837595943913,0.0,7,0.0,3,False,False
100000000656682100,transit,0.6556277761601108,1,0.5520360639080191,"Транзит: вход 71k, выход 80k KZT, коэффициент 1.13.",1,2,71000.0,80000.0,1,3,0.0002895680118780556,2.6714158504007122e-05,7,1.1267605633802817,3,False,False
100000008755754100,peripheral,0.77485483217882,14,0.13650355102332257,"Нет выраженной спецроли: in=1, out=0, оборот 7k KZT.",1,0,7000.0,0.0,1,0,0.0002958990020703291,0.0,1,0.0,3,False,False
100000002691583100,terminal,0.5644236500743686,28,0.4440234752511901,"Наблюдаемый сток: 1 плательщиков, вход 285k KZT, depth=3<4, исходящих нет.",1,0,285200.0,0.0,1,0,0.0003570895620191624,0.0,7,0.0,3,False,False
100000005241556100,terminal,0.5399054019610057,22,0.4889080044084344,"Наблюдаемый сток: 1 плательщиков, вход 100k KZT, depth=3<4, исходящих нет.",1,0,100000.0,0.0,1,0,0.0005490718879795894,0.0,8,0.0,3,False,False
100000004713684100,peripheral,0.5866982900888228,1,0.28694406501054365,"Нет выраженной спецроли: in=1, out=0, оборот 38k KZT.",1,0,37500.0,0.0,1,0,0.00028768129298177927,0.0,7,0.0,3,False,False
100000006919124100,peripheral,0.6233483354197384,1,0.26089793527976507,"Нет выраженной спецроли: in=1, out=0, оборот 25k KZT.",1,0,25000.0,0.0,1,0,0.0002869772933936165,0.0,7,0.0,3,False,False
100000003006633100,peripheral,0.6984729954378708,35,0.23593469366937805,"Нет выраженной спецроли: in=1, out=0, оборот 10k KZT.",1,0,10000.0,0.0,1,0,0.0002931965366687916,0.0,7,0.0,3,False,False
100000008306857100,peripheral,0.5286675291908512,14,0.3041124723432302,"Нет выраженной спецроли: in=1, out=0, оборот 125k KZT.",1,0,125000.0,0.0,1,0,0.0002915232752351062,0.0,2,0.0,3,False,False
100000003671721100,peripheral,0.6731391134821564,8,0.36609810960405653,"Нет выраженной спецроли: in=1, out=0, оборот 5k KZT.",1,0,5000.0,0.0,1,0,0.000558742155523584,0.0,9,0.0,3,False,False
100000002613929100,peripheral,0.5656023042946606,19,0.427190676566636,"Нет выраженной спецроли: in=1, out=0, оборот 29k KZT.",1,0,28560.0,0.0,1,0,0.0007809340979896417,0.0,8,0.0,3,False,False
100000008669310100,terminal,0.5379277298567801,1,0.3409546816822827,"Наблюдаемый сток: 1 плательщиков, вход 60k KZT, depth=3<4, исходящих нет.",1,0,59567.0,0.0,2,0,0.00028892410569473836,0.0,7,0.0,3,False,False
100000006573438100,peripheral,0.7282214088558219,41,0.22906241120548004,"Нет выраженной спецроли: in=1, out=0, оборот 5k KZT.",1,0,5000.0,0.0,1,0,0.000299086879906217,0.0,7,0.0,3,False,False
100000006165886100,consolidator,0.6678720563135803,1,0.4641397785419769,"Консолидация: 2 плательщиков, 7 seed-маршрутов, вход 184k KZT.",2,1,184481.0,75000.0,2,1,0.00029856163893927847,0.0,7,0.4065459315593476,3,False,False
100000008491390100,peripheral,0.5890781631622588,1,0.2849718294359384,"Нет выраженной спецроли: in=1, out=0, оборот 36k KZT.",1,0,36000.0,0.0,1,0,0.00028759681303119975,0.0,7,0.0,3,False,False
100000005186131100,transit,0.7286584986100338,1,0.4095962762934848,"Транзит: вход 10k, выход 10k KZT, коэффициент 1.00.",1,1,10000.0,10000.0,1,1,0.00028613249388782113,1.3357079252003561e-05,7,1.0,3,False,False
100000001550419100,peripheral,0.634613067967336,16,0.2725950266910808,"Нет выраженной спецроли: in=1, out=0, оборот 23k KZT.",1,0,23000.0,0.0,1,0,0.0002920702819634094,0.0,7,0.0,3,False,False
100000004979283100,peripheral,0.5804312909954411,8,0.32260602368499686,"Нет выраженной спецроли: in=1, out=0, оборот 40k KZT.",1,0,40132.0,0.0,1,0,0.0003005217649950165,0.0,7,0.0,3,False,False
100000002537811100,peripheral,0.6209213375951395,13,0.6115011495372111,"Нет выраженной спецроли: in=1, out=1, оборот 67k KZT.",1,1,52000.0,15000.0,1,1,0.0012313777249476486,1.92935589195607e-05,11,0.28846153846153844,3,False,False
100000002990675100,peripheral,0.5542526871876442,5,0.30601534992181123,"Нет выраженной спецроли: in=1, out=0, оборот 51k KZT.",1,0,51143.0,0.0,1,0,0.00028722679660696173,0.0,7,0.0,3,False,False
100000008763688100,peripheral,0.700682121390062,7,0.16225594834088347,"Нет выраженной спецроли: in=1, out=0, оборот 21k KZT.",1,0,21000.0,0.0,1,0,0.00028884692758013086,0.0,1,0.0,3,False,False
100000002809896100,peripheral,0.5857463408594483,8,0.3182580977813589,"Нет выраженной спецроли: in=1, out=0, оборот 38k KZT.",1,0,38000.0,0.0,1,0,0.0002997274196422279,0.0,7,0.0,3,False,False
100000008716072100,peripheral,0.7476449500392008,7,0.12694711063157146,"Нет выраженной спецроли: in=1, out=0, оборот 12k KZT.",1,0,12100.0,0.0,1,0,0.00028745783534540344,0.0,1,0.0,3,False,False
100000001279272100,coordinator,0.6956244059717381,1,0.7158832161632862,"Структурный кандидат: degree=3, seed-маршрутов 7, betweenness=0.0003.",1,2,250000.0,136758.0,1,2,0.0003077398575230603,0.00033671747560312697,7,0.547032,3,False,False
100000001714173100,terminal,0.7758069427281791,18,0.6114824374154235,"Наблюдаемый сток: 1 плательщиков, вход 639k KZT, depth=3<4, исходящих нет.",1,0,638905.0,0.0,6,0,0.0005706777097822566,0.0,9,0.0,3,False,False
100000008729597100,peripheral,0.5204584895448519,9,0.3638453743568169,"Нет выраженной спецроли: in=1, out=0, оборот 83k KZT.",1,0,83090.0,0.0,1,0,0.0003024747023657885,0.0,7,0.0,3,False,False
100000002255058100,terminal,0.6107639348202734,3,0.39669318934441633,"Наблюдаемый сток: 1 плательщиков, вход 492k KZT, depth=3<4, исходящих нет.",1,0,491500.0,0.0,2,0,0.0004261286722180512,0.0,1,0.0,3,False,False
100000006111442100,terminal,0.5055559006010782,11,0.4123271861157217,"Наблюдаемый сток: 1 плательщиков, вход 64k KZT, depth=3<4, исходящих нет.",1,0,64000.0,0.0,1,0,0.00029552622405626476,0.0,8,0.0,3,False,False
100000008686247100,peripheral,0.7980803650808967,25,0.2046088967220932,"Нет выраженной спецроли: in=1, out=1, оборот 27k KZT.",1,1,22000.0,5000.0,2,1,0.0003136737677799251,0.0,1,0.22727272727272727,3,False,False
100000001893287100,peripheral,0.8866446167421975,6,0.2813195722145886,"Нет выраженной спецроли: in=1, out=1, оборот 171k KZT.",1,1,18000.0,152700.0,3,14,0.0006184515295005462,0.0,1,8.483333333333333,3,False,False
100000005172860100,peripheral,0.6708664677860123,1,0.24928285140101566,"Нет выраженной спецроли: in=1, out=0, оборот 15k KZT.",1,0,15209.2,0.0,1,0,0.00029179582395841264,0.0,7,0.0,3,False,False
100000001788284100,distributor,0.7619041687662422,27,0.6631113065121003,"Распределение: 5 получателей, 8 переводов, выход 297k KZT.",1,5,8000.0,296700.0,1,8,0.000299382680596746,4.4523597506678535e-05,7,37.0875,3,False,False
100000008755580100,peripheral,0.7275746871198898,7,0.14156049474699572,"Нет выраженной спецроли: in=1, out=0, оборот 16k KZT.",1,0,16000.0,0.0,1,0,0.0002880665386842166,0.0,1,0.0,3,False,False
100000003896956100,peripheral,0.644934592888039,2,0.3783606341900306,"Нет выраженной спецроли: in=1, out=1, оборот 37k KZT.",1,1,10000.0,27000.0,1,2,0.0002885646095495065,1.3401751757863106e-05,7,2.7,3,False,False
100000002475601100,terminal,0.4911356483288863,22,0.316204832367877,"Наблюдаемый сток: 1 плательщиков, вход 232k KZT, depth=3<4, исходящих нет.",1,0,232301.0,0.0,1,0,0.0003021143924659961,0.0,1,0.0,3,False,False
100000008619857100,peripheral,0.5841355990647136,1,0.31670404292550647,"Нет выраженной спецроли: in=1, out=2, оборот 42k KZT.",1,2,29000.0,13000.0,1,2,0.0002872025732618286,9.481877246792651e-07,7,0.4482758620689655,3,False,False
100000001373265100,peripheral,0.7643230709917405,9,0.4019518308092173,"Нет выраженной спецроли: in=1, out=1, оборот 147k KZT.",1,1,142482.0,5000.0,1,1,0.0003145585391783481,1.3357079252003561e-05,7,0.0350921519911287,3,False,False
100000004185681100,peripheral,0.6984729954378708,3,0.2918065797903745,"Нет выраженной спецроли: in=1, out=0, оборот 10k KZT.",1,0,10000.0,0.0,1,0,0.0005352962052822021,0.0,7,0.0,3,False,False
100000003031633100,terminal,0.708003770048041,10,0.5352905901365774,"Наблюдаемый сток: 1 плательщиков, вход 414k KZT, depth=3<4, исходящих нет.",1,0,414000.0,0.0,2,0,0.00031462612731946766,0.0,8,0.0,3,False,False
100000002632742100,terminal,0.8151320565394281,11,0.5688221336991893,"Наблюдаемый сток: 2 плательщиков, вход 236k KZT, depth=3<4, исходящих нет.",2,0,235500.0,0.0,2,0,0.0003175643151957891,0.0,8,0.0,3,False,False
100000005847078100,peripheral,0.7266227378905153,7,0.14258093321176118,"Нет выраженной спецроли: in=1, out=0, оборот 16k KZT.",1,0,16300.0,0.0,1,0,0.0002881133620179714,0.0,1,0.0,3,False,False
100000002807334100,peripheral,0.5486996500162933,5,0.31031668163912796,"Нет выраженной спецроли: in=1, out=0, оборот 55k KZT.",1,0,54715.0,0.0,1,0,0.00028734256217675437,0.0,7,0.0,3,False,False
100000008748795100,peripheral,0.5678972928086777,1,0.30100630740472867,"Нет выраженной спецроли: in=1, out=0, оборот 47k KZT.",1,0,47057.0,0.0,1,0,0.000288219542906905,0.0,7,0.0,3,False,False
100000003899899100,consolidator,0.7568378500240367,2,0.6319654738446918,"Консолидация: 2 плательщиков, 7 seed-маршрутов, вход 218k KZT.",2,1,218500.0,10000.0,5,1,0.0006539846029635868,1.4841199168892845e-05,7,0.04576659038901602,3,False,False
100000002308091100,peripheral,0.5240955393411046,14,0.35169022502999064,"Нет выраженной спецроли: in=1, out=0, оборот 187k KZT.",1,0,186720.0,0.0,1,0,0.0005611068728343333,0.0,1,0.0,3,False,False
100000008680912100,peripheral,0.840803217020411,33,0.32999104565604903,"Нет выраженной спецроли: in=1, out=1, оборот 51k KZT.",1,1,45112.0,5990.85,2,1,0.0005351757124790597,0.0,7,0.13279947685759888,3,False,False
100000008742053100,distributor,0.8965529687526541,14,0.7812244968036278,"Распределение: 12 получателей, 12 переводов, выход 2.8m KZT.",1,12,10000.0,2789000.0,1,12,0.0002862711500893241,8.307549733853502e-05,8,278.9,3,False,False
100000008473765100,peripheral,0.6047059963444892,9,0.2901859442162539,"Нет выраженной спецроли: in=1, out=0, оборот 30k KZT.",1,0,30000.0,0.0,1,0,0.0002916730641589798,0.0,7,0.0,3,False,False
100000007472293100,distributor,0.6607299162623215,18,0.6596056935240512,"Распределение: 3 получателей, 3 переводов, выход 346k KZT.",1,3,5000.0,345900.0,1,3,0.00028633291495751956,3.240328485208272e-05,9,69.18,3,False,False
100000008753061100,peripheral,0.5896213779630448,7,0.2053245233624644,"Нет выраженной спецроли: in=1, out=0, оборот 28k KZT.",1,0,28400.0,0.0,2,0,0.000290001903146084,0.0,1,0.0,3,False,False
100000008501413100,transit,0.7379415850052901,13,0.5600860357445963,"Транзит: вход 5k, выход 5k KZT, коэффициент 1.02.",1,1,5000.0,5100.0,1,1,0.0003666452836068578,1.4841199168892845e-05,8,1.02,3,False,False
100000002748581100,peripheral,0.5786860507415881,16,0.3188209052796672,"Нет выраженной спецроли: in=1, out=0, оборот 41k KZT.",1,0,41180.0,0.0,1,0,0.0002972088887992543,0.0,7,0.0,3,False,False
100000001384826100,peripheral,0.7658509177409243,5,0.4100349381170024,"Нет выраженной спецроли: in=1, out=1, оборот 374k KZT.",1,1,364260.0,10000.0,1,1,0.0002973746599655164,1.3357079252003561e-05,7,0.027452918245209467,3,False,False
100000004099450100,peripheral,0.6001842375049606,1,0.3030076494985246,"Нет выраженной спецроли: in=1, out=0, оборот 31k KZT.",1,0,31000.0,0.0,1,0,0.00029616586394753193,0.0,7,0.0,3,False,False
100000002926970100,terminal,0.48112809250410554,8,0.37640608495098343,"Наблюдаемый сток: 1 плательщиков, вход 85k KZT, depth=3<4, исходящих нет.",1,0,85000.0,0.0,1,0,0.0003172387852993868,0.0,7,0.0,3,False,False
100000002753146100,terminal,0.6690319268381606,14,0.43085122205956866,"Наблюдаемый сток: 1 плательщиков, вход 804k KZT, depth=3<4, исходящих нет.",1,0,803540.0,0.0,3,0,0.00032384338947373374,0.0,2,0.0,3,False,False
100000003943247100,peripheral,0.5818592148395028,1,0.2904167695025027,"Нет выраженной спецроли: in=1, out=0, оборот 40k KZT.",1,0,40000.0,0.0,1,0,0.0002878220928994118,0.0,7,0.0,3,False,False
100000002872399100,terminal,0.6752244969236278,6,0.4427081540896598,"Наблюдаемый сток: 1 плательщиков, вход 1.1m KZT, depth=3<4, исходящих нет.",1,0,1090000.0,0.0,9,0,0.0007057669186571367,0.0,1,0.0,3,False,False
100000008417359100,peripheral,0.6126338838520038,17,0.36659553199701017,"Нет выраженной спецроли: in=1, out=2, оборот 152k KZT.",1,2,40810.0,110760.0,2,3,0.0002919927493261819,0.0,7,2.714040676304827,3,False,False
100000002614095100,peripheral,0.7830257297309505,7,0.10278601355184923,"Нет выраженной спецроли: in=1, out=0, оборот 5k KZT.",1,0,5300.0,0.0,1,0,0.00028639650644696,0.0,1,0.0,3,False,False
100000004717647100,distributor,0.8367661629572593,44,0.7756705836893181,"Распределение: 5 получателей, 10 переводов, выход 2.2m KZT.",1,5,300000.0,2240000.0,2,10,0.0010233609552644499,5.3428317008014244e-05,7,7.466666666666667,3,False,False
100000008537380100,peripheral,0.7711263643637701,7,0.11089866544335385,"Нет выраженной спецроли: in=1, out=0, оборот 8k KZT.",1,0,8000.0,0.0,1,0,0.00028681791645075375,0.0,1,0.0,3,False,False
100000001534244100,consolidator,0.8177701827432785,10,0.6919975828072528,"Консолидация: 2 плательщиков, 8 seed-маршрутов, вход 366k KZT.",2,1,366000.0,45000.0,2,1,0.00034150708804052437,1.4841199168892845e-05,8,0.12295081967213115,3,False,False
100000008767950100,peripheral,0.7216250044362995,7,0.14659289393625924,"Нет выраженной спецроли: in=1, out=0, оборот 17k KZT.",1,0,17350.0,0.0,1,0,0.0002882772436861134,0.0,1,0.0,3,False,False
100000004613582100,transit,0.49325817279427875,6,0.2889209383552635,"Транзит: вход 5k, выход 10k KZT, коэффициент 1.90.",1,1,5000.0,9500.0,1,1,0.0005534434661680617,0.0,1,1.9,3,False,False
100000008121806100,distributor,0.7671547590064715,9,0.7355654059772967,"Распределение: 4 получателей, 6 переводов, выход 249k KZT.",1,4,67000.0,248509.0,1,6,0.0003003687971376974,0.0005988147809319886,7,3.709089552238806,3,False,False
100000002369443100,peripheral,0.6200837533030267,7,0.2278206962900885,"Нет выраженной спецроли: in=1, out=0, оборот 50k KZT.",1,0,50000.0,0.0,1,0,0.00029337318317643364,0.0,1,0.0,3,False,False
100000008655779100,coordinator,0.6356851370626394,29,0.6033100870258452,"Структурный кандидат: degree=3, seed-маршрутов 7, betweenness=0.0000.",1,2,47000.0,24704.0,1,2,0.00039705232861292827,3.710299792223212e-05,7,0.5256170212765957,3,False,False
100000008561016100,transit,0.6643639859105652,10,0.6390890170392556,"Транзит: вход 180k, выход 185k KZT, коэффициент 1.03.",1,1,180000.0,185000.0,2,4,0.0002948428406003132,1.6379918815166017e-05,9,1.0277777777777777,3,False,False
100000002727288100,peripheral,0.666820683561171,2,0.2954278212594513,"Нет выраженной спецроли: in=1, out=0, оборот 16k KZT.",1,0,16000.0,0.0,1,0,0.00036616923373624543,0.0,7,0.0,3,False,False
100000001270349100,terminal,0.4823301179571728,6,0.3330443918056695,"Наблюдаемый сток: 1 плательщиков, вход 200k KZT, depth=3<4, исходящих нет.",1,0,200000.0,0.0,1,0,0.00035530033832396505,0.0,1,0.0,3,False,False
100000004722765100,distributor,0.7780856683444399,46,0.7367595122283135,"Распределение: 3 получателей, 9 переводов, выход 2.3m KZT.",1,3,230000.0,2284500.0,1,9,0.0005815882668655411,4.007123775601068e-05,7,9.932608695652174,3,False,False
100000001677389100,transit,0.4942170611077453,17,0.35312186668393764,"Транзит: вход 11k, выход 5k KZT, коэффициент 0.49.",1,1,11000.0,5400.0,1,1,0.00028863096954467773,1.3357079252003561e-05,7,0.4909090909090909,3,False,False
100000005857058100,terminal,0.7412142212439061,1,0.48053023803897643,"Наблюдаемый сток: 3 плательщиков, вход 80k KZT, depth=3<4, исходящих нет.",3,0,80222.0,0.0,3,0,0.0003899337552291797,0.0,7,0.0,3,False,False
100000008760098100,peripheral,0.7808165908061165,18,0.41810512532780797,"Нет выраженной спецроли: in=1, out=1, оборот 397k KZT.",1,1,7000.0,390000.0,1,1,0.00028663836325361103,5.041296225623919e-06,9,55.714285714285715,3,False,False
100000002838519100,peripheral,0.5691665584478436,16,0.32712960158104815,"Нет выраженной спецроли: in=1, out=0, оборот 47k KZT.",1,0,46900.0,0.0,1,0,0.0002988256561865499,0.0,7,0.0,3,False,False
100000002597623100,peripheral,0.6654720888195571,1,0.23414950077351412,"Нет выраженной спецроли: in=1, out=0, оборот 16k KZT.",1,0,16418.0,0.0,1,0,0.0002864939554363674,0.0,7,0.0,3,False,False
100000003635660100,peripheral,0.653414065247481,1,0.2565269935955456,"Нет выраженной спецроли: in=1, out=0, оборот 19k KZT.",1,0,18985.0,0.0,1,0,0.0002905219400417891,0.0,7,0.0,3,False,False
100000008676812100,terminal,0.5512550190680222,20,0.44693524693830305,"Наблюдаемый сток: 1 плательщиков, вход 231k KZT, depth=3<4, исходящих нет.",1,0,230800.0,0.0,1,0,0.00047313415798956024,0.0,7,0.0,3,False,False
100000003213473100,distributor,0.81430971617513,3,0.6709430294109284,"Распределение: 11 получателей, 12 переводов, выход 240k KZT.",1,11,57500.0,240000.0,2,12,0.00028880769232283976,6.702312056629493e-05,7,4.173913043478261,3,False,False
100000003071649100,terminal,0.5928513670255497,10,0.48021862048358266,"Наблюдаемый сток: 1 плательщиков, вход 190k KZT, depth=3<4, исходящих нет.",1,0,189500.0,0.0,1,0,0.00029533227777052824,0.0,9,0.0,3,False,False
100000002433697100,transit,0.6792257482553938,5,0.5240220607728334,"Транзит: вход 130k, выход 110k KZT, коэффициент 0.85.",1,1,130000.0,110000.0,1,1,0.0002897824868469217,1.3401751757863106e-05,7,0.8461538461538461,3,False,False
100000008612257100,peripheral,0.7052952982483875,17,0.21325782241107621,"Нет выраженной спецроли: in=1, out=0, оборот 10k KZT.",1,0,9500.0,0.0,1,0,0.00028786387694202796,0.0,7,0.0,3,False,False
100000002736033100,peripheral,0.6083830509488388,17,0.4141351471780277,"Нет выраженной спецроли: in=1, out=1, оборот 46k KZT.",1,1,34530.0,11000.0,1,1,0.0002951801714040789,1.3401751757863106e-05,7,0.3185635679119606,3,False,False
100000008687990100,peripheral,0.7192451313628635,7,0.14806155642301727,"Нет выраженной спецроли: in=1, out=0, оборот 18k KZT.",1,0,17600.0,0.0,1,0,0.00028831626313090915,0.0,1,0.0,3,False,False
100000008776310100,peripheral,0.712898803167034,7,0.1529581541341694,"Нет выраженной спецроли: in=1, out=0, оборот 19k KZT.",1,0,19200.0,0.0,1,0,0.00028856598757760174,0.0,1,0.0,3,False,False
100000007267915100,consolidator,0.5469099358591741,17,0.3650764990263233,"Консолидация: 2 плательщиков, 7 seed-маршрутов, вход 21k KZT.",2,1,21000.0,10000.0,3,1,0.00029139460697907583,2.1047518821338946e-06,7,0.47619047619047616,3,False,False
100000004217419100,consolidator,0.7296462575376762,9,0.5639507104095167,"Консолидация: 2 плательщиков, 7 seed-маршрутов, вход 118k KZT.",2,1,118200.0,7700.0,3,1,0.0005841829530235464,1.3357079252003561e-05,7,0.06514382402707276,3,False,False
100000002773323100,consolidator,0.8037829939698589,11,0.6599953958514833,"Консолидация: 2 плательщиков, 8 seed-маршрутов, вход 285k KZT.",2,1,285000.0,1171644.0,2,2,0.00032549778860022544,1.3357079252003561e-05,8,4.111031578947369,3,False,False
100000002528544100,peripheral,0.5213983498578771,22,0.303953373025609,"Нет выраженной спецроли: in=1, out=0, оборот 193k KZT.",1,0,192912.0,0.0,1,0,0.0002993090025842554,0.0,1,0.0,3,False,False
100000003760160100,terminal,0.5001670770915942,5,0.34975025846981594,"Наблюдаемый сток: 1 плательщиков, вход 104k KZT, depth=3<4, исходящих нет.",1,0,104470.0,0.0,1,0,0.00028895508063281035,0.0,7,0.0,3,False,False
100000000640800100,distributor,0.783498326944962,9,0.7299286858020329,"Распределение: 4 получателей, 6 переводов, выход 518k KZT.",1,4,80000.0,518135.0,1,6,0.00030324034248046286,0.00012251586594863532,7,6.4766875,3,False,False
100000008238112100,terminal,0.5380863880616759,5,0.384978530769604,"Наблюдаемый сток: 1 плательщиков, вход 190k KZT, depth=3<4, исходящих нет.",1,0,190000.0,0.0,1,0,0.0002917270372913667,0.0,7,0.0,3,False,False
100000008751349100,peripheral,0.6891121613490223,28,0.22578166758915605,"Нет выраженной спецроли: in=1, out=0, оборот 12k KZT.",1,0,11630.0,0.0,1,0,0.00028848577638606985,0.0,7,0.0,3,False,False
100000002963189100,distributor,0.8835761763756703,16,0.7723638769504915,"Распределение: 7 получателей, 15 переводов, выход 5.2m KZT.",1,7,490000.0,5219000.0,3,15,0.00042406859837372784,5.6396556841792816e-05,7,10.651020408163266,3,False,False
100000008548853100,peripheral,0.740267343511549,7,0.13240606062230675,"Нет выраженной спецроли: in=1, out=0, оборот 14k KZT.",1,0,14000.0,0.0,1,0,0.00028775438312585085,0.0,1,0.0,3,False,False
100000003164661100,terminal,0.6405236809671456,30,0.42346988941073216,"Наблюдаемый сток: 1 плательщиков, вход 596k KZT, depth=3<4, исходящих нет.",1,0,596200.0,0.0,3,0,0.0006007384807220605,0.0,1,0.0,3,False,False
100000000791285100,coordinator,0.7025804496698098,28,0.6842973352200696,"Структурный кандидат: degree=4, seed-маршрутов 7, betweenness=0.0000.",1,3,1120000.0,650000.0,2,3,0.0005664343010128592,2.6714158504007122e-05,7,0.5803571428571429,3,False,False
100000003192309100,peripheral,0.7703189680234277,7,0.2527795321399701,"Нет выраженной спецроли: in=1, out=1, оборот 230k KZT.",1,1,17200.0,213000.0,1,1,0.000288253832019236,2.968239833778569e-06,1,12.383720930232558,3,False,False
100000002891765100,peripheral,0.5466370933526488,16,0.34560281217646305,"Нет выраженной спецроли: in=1, out=0, оборот 56k KZT.",1,0,55576.0,0.0,1,0,0.0003012779418250422,0.0,7,0.0,3,False,False
100000001740277100,transit,0.5193349651696738,6,0.2752450056194949,"Транзит: вход 9k, выход 5k KZT, коэффициент 0.57.",1,1,8700.0,5000.0,1,1,0.0003696934153229427,0.0,1,0.5747126436781609,3,False,False
100000002232266100,peripheral,0.5730536844677893,9,0.3185950036590163,"Нет выраженной спецроли: in=1, out=0, оборот 45k KZT.",1,0,45000.0,0.0,1,0,0.0002947249491298242,0.0,7,0.0,3,False,False
100000006701983100,peripheral,0.6738688847626821,7,0.18257456022831473,"Нет выраженной спецроли: in=1, out=0, оборот 27k KZT.",1,0,27000.0,0.0,1,0,0.000289783394255228,0.0,1,0.0,3,False,False
100000002871199100,peripheral,0.6338991060453052,16,0.273366058230966,"Нет выраженной спецроли: in=1, out=0, оборот 23k KZT.",1,0,23186.0,0.0,1,0,0.00029212285516866057,0.0,7,0.0,3,False,False
100000002757791100,peripheral,0.5901766816801799,6,0.2686835636387625,"Нет выраженной спецроли: in=1, out=0, оборот 73k KZT.",1,0,73050.0,0.0,1,0,0.0003110385580772536,0.0,1,0.0,3,False,False
100000000572276100,peripheral,0.5918854141517598,7,0.24680046856437787,"Нет выраженной спецроли: in=1, out=1, оборот 48k KZT.",1,1,13075.0,34547.0,1,1,0.00028761001118010675,2.968239833778569e-06,1,2.6422179732313578,3,False,False
100000001853812100,peripheral,0.5325958422193758,9,0.35273159485436084,"Нет выраженной спецроли: in=1, out=0, оборот 70k KZT.",1,0,70000.0,0.0,1,0,0.00029981142408123165,0.0,7,0.0,3,False,False
100000004726132100,peripheral,0.832587919728075,1,0.41105417641001085,"Нет выраженной спецроли: in=1, out=1, оборот 373k KZT.",1,1,349000.0,24000.0,1,2,0.00031651940059214493,1.3357079252003561e-05,7,0.06876790830945559,3,False,False
100000001785161100,consolidator,0.6210181791490693,31,0.40141682811493296,"Консолидация: 2 плательщиков, 7 seed-маршрутов, вход 30k KZT.",2,0,30000.0,0.0,2,0,0.0003312208709043081,0.0,7,0.0,3,False,False
100000002612809100,distributor,0.5438760806916427,37,0.37501138114099714,"Распределение: 3 получателей, 4 переводов, выход 114k KZT.",1,3,30000.0,114000.0,2,4,0.00042829267239375297,0.0,1,3.8,3,False,False
100000008769097100,peripheral,0.6603036082440965,7,0.19335237634286892,"Нет выраженной спецроли: in=1, out=0, оборот 31k KZT.",1,0,31100.0,0.0,1,0,0.0002904233131498777,0.0,1,0.0,3,False,False
100000004488265100,peripheral,0.5851910371423132,9,0.3078120101879899,"Нет выраженной спецроли: in=1, out=0, оборот 39k KZT.",1,0,38740.0,0.0,1,0,0.0002934512958019918,0.0,7,0.0,3,False,False
100000002509598100,terminal,0.5296393611083329,14,0.35961218673249384,"Наблюдаемый сток: 1 плательщиков, вход 306k KZT, depth=3<4, исходящих нет.",1,0,305550.0,0.0,1,0,0.00030012320541723873,0.0,2,0.0,3,False,False
100000008706846100,peripheral,0.7388394196674872,7,0.1333681255700452,"Нет выраженной спецроли: in=1, out=0, оборот 14k KZT.",1,0,14200.0,0.0,1,0,0.00028778559868168743,0.0,1,0.0,3,False,False
100000001280798100,peripheral,0.6297739927180159,8,0.28117027784632187,"Нет выраженной спецроли: in=1, out=0, оборот 24k KZT.",1,0,23785.0,0.0,1,0,0.0002944311629865574,0.0,7,0.0,3,False,False
100000006664478100,transit,0.6668990490154939,6,0.4139974089731945,"Транзит: вход 55k, выход 60k KZT, коэффициент 1.09.",1,2,55000.0,60000.0,3,2,0.0006168426303113121,0.0,1,1.0909090909090908,3,False,False
100000003781406100,terminal,0.5635789282222861,12,0.48820689348633933,"Наблюдаемый сток: 1 плательщиков, вход 45k KZT, depth=3<4, исходящих нет.",1,0,45000.0,0.0,2,0,0.0007228806641155315,0.0,9,0.0,3,False,False
100000008708595100,peripheral,0.7222596372558825,7,0.14588731620247467,"Нет выраженной спецроли: in=1, out=0, оборот 17k KZT.",1,0,17200.0,0.0,1,0,0.000288253832019236,0.0,1,0.0,3,False,False
100000004611571100,peripheral,0.6356443462991583,1,0.25292680252537664,"Нет выраженной спецроли: in=1, out=0, оборот 23k KZT.",1,0,22550.0,0.0,1,0,0.00028683930947433656,0.0,7,0.0,3,False,False
100000008576243100,consolidator,0.8174675262870915,1,0.5829743352437673,"Консолидация: 2 плательщиков, 8 seed-маршрутов, вход 83k KZT.",2,0,82920.0,0.0,4,0,0.0016515737888683508,0.0,8,0.0,3,False,False
100000008662216100,peripheral,0.6764867451434619,7,0.18030957128778757,"Нет выраженной спецроли: in=1, out=0, оборот 26k KZT.",1,0,26200.0,0.0,1,0,0.00028965853203188175,0.0,1,0.0,3,False,False
100000002681544100,terminal,0.747311229403471,6,0.4897754850832502,"Наблюдаемый сток: 2 плательщиков, вход 166k KZT, depth=3<4, исходящих нет.",2,0,166072.0,0.0,2,0,0.00033571724351569673,0.0,7,0.0,3,False,False
100000007864477100,distributor,0.7878089206954927,1,0.7047302065511536,"Распределение: 6 получателей, 10 переводов, выход 204k KZT.",2,6,76000.0,203500.0,2,10,0.0003047746949631922,8.900483216460157e-05,7,2.6776315789473686,3,False,False
100000004746397100,peripheral,0.6898522224058494,5,0.5937025689388913,"Нет выраженной спецроли: in=1, out=1, оборот 227k KZT.",1,1,219520.0,7500.0,1,1,0.00029268375611003365,0.0009063466792763319,7,0.03416545189504373,3,False,False
100000003814002100,peripheral,0.6047059963444892,5,0.27159163816643184,"Нет выраженной спецроли: in=1, out=0, оборот 30k KZT.",1,0,30000.0,0.0,1,0,0.00028654156943951336,0.0,7,0.0,3,False,False
100000003962994100,peripheral,0.6984729954378708,38,0.28606814562667343,"Нет выраженной спецроли: in=1, out=0, оборот 10k KZT.",1,0,10000.0,0.0,1,0,0.00048122982573492164,0.0,7,0.0,3,False,False
100000003366471100,consolidator,0.7318140149963058,9,0.5687465282029733,"Консолидация: 2 плательщиков, 7 seed-маршрутов, вход 330k KZT.",2,1,329789.0,20000.0,5,1,0.0003604911511540956,1.3357079252003561e-05,7,0.0606448365470043,3,False,False
100000003561031100,peripheral,0.5785139907103317,9,0.3372071284249157,"Нет выраженной спецроли: in=1, out=1, оборот 18k KZT.",1,1,13300.0,5000.0,1,1,0.00028827529889143965,1.3357079252003561e-05,7,0.37593984962406013,3,False,False
100000001690439100,peripheral,0.6780854161087684,5,0.2982897225451342,"Нет выраженной спецроли: in=1, out=0, оборот 14k KZT.",1,0,14200.0,0.0,1,0,0.00047706727238734376,0.0,7,0.0,3,False,False
100000002954780100,terminal,0.5688939780862933,10,0.4575719663799143,"Наблюдаемый сток: 1 плательщиков, вход 133k KZT, depth=3<4, исходящих нет.",1,0,133400.0,0.0,1,0,0.00029244202248115297,0.0,9,0.0,3,False,False
100000008720668100,peripheral,0.7275746871198898,7,0.14156049474699572,"Нет выраженной спецроли: in=1, out=0, оборот 16k KZT.",1,0,16000.0,0.0,1,0,0.0002880665386842166,0.0,1,0.0,3,False,False
100000002459164100,peripheral,0.646671091539412,1,0.32535840980243474,"Нет выраженной спецроли: in=1, out=0, оборот 20k KZT.",1,0,20000.0,0.0,1,0,0.0005418286835835176,0.0,7,0.0,3,False,False
100000005082652100,peripheral,0.665459999903208,6,0.24305794154721472,"Нет выраженной спецроли: in=1, out=0, оборот 30k KZT.",1,0,30000.0,0.0,1,0,0.00040800365167801905,0.0,1,0.0,3,False,False
100000005041905100,peripheral,0.9114374872941617,7,0.2269762709251508,"Нет выраженной спецроли: in=1, out=1, оборот 1.1m KZT.",1,1,5000.0,1080351.0,1,5,0.00028634968311320514,0.0,1,216.0702,3,False,False
100000008653041100,peripheral,0.672123644508829,7,0.18397296370934554,"Нет выраженной спецроли: in=1, out=0, оборот 28k KZT.",1,0,28000.0,0.0,1,0,0.00028993947203441087,0.0,1,0.0,3,False,False
100000008722417100,distributor,0.7330928729553909,5,0.6637768211091709,"Распределение: 3 получателей, 6 переводов, выход 720k KZT.",1,3,331900.0,720000.0,1,6,0.0002963258990924791,4.007123775601068e-05,7,2.16932811087677,3,False,False
100000008625905100,coordinator,0.6994555460335277,57,0.6850629785249122,"Структурный кандидат: degree=3, seed-маршрутов 7, betweenness=0.0000.",1,2,197800.0,635000.0,1,2,0.0005453128171044595,2.968239833778569e-05,7,3.210313447927199,3,False,False
100000007487729100,peripheral,0.6233483354197384,1,0.28438547976375084,"Нет выраженной спецроли: in=1, out=0, оборот 25k KZT.",1,0,25000.0,0.0,1,0,0.0002941149149674853,0.0,7,0.0,3,False,False
100000000838385100,coordinator,0.6274623973031148,29,0.5894326666854677,"Структурный кандидат: degree=3, seed-маршрутов 7, betweenness=0.0000.",1,2,436900.0,177500.0,8,6,0.0019211545642599105,1.3357079252003561e-05,7,0.40627145799954223,3,False,False
100000004750321100,terminal,0.6617944569646677,8,0.42218281913332767,"Наблюдаемый сток: 2 плательщиков, вход 50k KZT, depth=3<4, исходящих нет.",2,0,50185.0,0.0,2,0,0.00031253610038112624,0.0,7,0.0,3,False,False
100000008664774100,peripheral,0.7266227378905153,7,0.14258093321176118,"Нет выраженной спецроли: in=1, out=0, оборот 16k KZT.",1,0,16300.0,0.0,1,0,0.0002881133620179714,0.0,1,0.0,3,False,False
100000006274203100,consolidator,0.9050554053487254,5,0.8076711034958314,"Консолидация: 2 плательщиков, 9 seed-маршрутов, вход 3.4m KZT.",2,3,3417512.0,72000.0,41,3,0.0006321051467844573,2.310280003957653e-05,9,0.02106795821053445,3,False,False
100000002185328100,coordinator,0.6381518033637297,23,0.6067172808218599,"Структурный кандидат: degree=5, seed-маршрутов 7, betweenness=0.0000.",1,4,15000.0,55000.0,1,4,0.0003518471698066024,4.007123775601068e-05,7,3.6666666666666665,3,False,False
100000008254576100,peripheral,0.7446748347232995,35,0.3553143144798633,"Нет выраженной спецроли: in=1, out=1, оборот 68k KZT.",1,1,8000.0,60000.0,1,1,0.00029167108817849144,1.3357079252003561e-05,7,7.5,3,False,False
100000001689968100,terminal,0.8370437770009325,5,0.53758047936564,"Наблюдаемый сток: 3 плательщиков, вход 344k KZT, depth=3<4, исходящих нет.",3,0,344333.75,0.0,3,0,0.00033914310918301173,0.0,7,0.0,3,False,False
100000002236528100,peripheral,0.5361656518295299,6,0.35791009889942577,"Нет выраженной спецроли: in=1, out=0, оборот 66k KZT.",1,0,66000.0,0.0,1,0,0.0003072417833612642,0.0,7,0.0,3,False,False
100000002670960100,terminal,0.5497889531300916,14,0.38328927283514447,"Наблюдаемый сток: 1 плательщиков, вход 480k KZT, depth=3<4, исходящих нет.",1,0,480310.0,0.0,1,0,0.000308447347198626,0.0,2,0.0,3,False,False
100000003557488100,coordinator,0.6523448878902449,32,0.6298903478608001,"Структурный кандидат: degree=3, seed-маршрутов 7, betweenness=0.0000.",1,2,664992.0,138000.0,3,4,0.000580971814726147,1.4841199168892845e-05,7,0.20752129348924497,3,False,False
100000003888197100,peripheral,0.520299831339956,5,0.3319683478939257,"Нет выраженной спецроли: in=1, out=0, оборот 83k KZT.",1,0,83167.0,0.0,1,0,0.00028826466799751016,0.0,7,0.0,3,False,False
100000002799941100,terminal,0.5984558350245044,20,0.47466532788100696,"Наблюдаемый сток: 1 плательщиков, вход 600k KZT, depth=3<4, исходящих нет.",1,0,600000.0,0.0,1,0,0.0003881784929365065,0.0,7,0.0,3,False,False
100000001632325100,terminal,0.524227216778569,7,0.290108247559284,"Наблюдаемый сток: 1 плательщиков, вход 86k KZT, depth=3<4, исходящих нет.",1,0,85600.0,0.0,3,0,0.0002989295521153433,0.0,1,0.0,3,False,False
100000008620570100,consolidator,0.6993564139212693,3,0.6082825414820057,"Консолидация: 2 плательщиков, 7 seed-маршрутов, вход 145k KZT.",2,2,145000.0,31800.0,2,2,0.0003485384395879508,2.196398204760898e-05,7,0.2193103448275862,3,False,False
100000005308954100,peripheral,0.5397188590499719,2,0.4606786442732425,"Нет выраженной спецроли: in=1, out=1, оборот 99k KZT.",1,1,69020.0,30000.0,1,1,0.00035945051532232814,1.3357079252003561e-05,7,0.43465662126919735,3,False,False
100000008468762100,terminal,0.7936338697760555,18,0.5498636266284302,"Наблюдаемый сток: 2 плательщиков, вход 170k KZT, depth=3<4, исходящих нет.",2,0,170000.0,0.0,2,0,0.000310405073841,0.0,8,0.0,3,False,False
100000002305007100,peripheral,0.6067564640917846,7,0.23864851922513441,"Нет выраженной спецроли: in=1, out=0, оборот 56k KZT.",1,0,56000.0,0.0,1,0,0.0002943096498515308,0.0,1,0.0,3,False,False
100000008314863100,peripheral,0.625053749802383,3,0.3944025650496078,"Нет выраженной спецроли: in=1, out=0, оборот 12k KZT.",1,0,12000.0,0.0,1,0,0.0005170968391841085,0.0,10,0.0,3,False,False
100000005709551100,peripheral,0.6266008286201011,15,0.2835740927161328,"Нет выраженной спецроли: in=1, out=0, оборот 25k KZT.",1,0,24560.0,0.0,1,0,0.0002946608436289569,0.0,7,0.0,3,False,False
100000008297199100,peripheral,0.5774167851024221,1,0.3188325215127202,"Нет выраженной спецроли: in=1, out=0, оборот 42k KZT.",1,0,42268.0,0.0,1,0,0.0002965958116631634,0.0,7,0.0,3,False,False
100000003271151100,terminal,0.5114318096391918,9,0.3928882110994422,"Наблюдаемый сток: 1 плательщиков, вход 127k KZT, depth=3<4, исходящих нет.",1,0,127294.0,0.0,1,0,0.00031146840391586903,0.0,7,0.0,3,False,False
100000007005380100,peripheral,0.7056126146581791,5,0.24740835158253,"Нет выраженной спецроли: in=1, out=0, оборот 9k KZT.",1,0,9400.0,0.0,1,0,0.000303095707083968,0.0,7,0.0,3,False,False
100000004451012100,transit,0.595442500146856,20,0.596148161464846,"Транзит: вход 91k, выход 66k KZT, коэффициент 0.72.",1,3,91245.0,65740.0,1,3,0.0003011735881125156,4.007123775601068e-05,7,0.7204778344018851,3,False,False
100000004779204100,transit,0.5066672531489893,1,0.3926960758448213,"Транзит: вход 30k, выход 20k KZT, коэффициент 0.66.",1,1,30450.0,20000.0,1,2,0.0002872842372140555,1.3357079252003561e-05,7,0.6568144499178982,3,False,False
100000002793881100,terminal,0.923064422329267,10,0.6557991542500723,"Наблюдаемый сток: 3 плательщиков, вход 786k KZT, depth=3<4, исходящих нет.",3,0,785600.0,0.0,3,0,0.0003750831470797382,0.0,9,0.0,3,False,False
100000008671129100,peripheral,0.6764867451434619,7,0.18030957128778757,"Нет выраженной спецроли: in=1, out=0, оборот 26k KZT.",1,0,26200.0,0.0,1,0,0.00028965853203188175,0.0,1,0.0,3,False,False
100000002095257100,peripheral,0.6642877077398103,12,0.34416286229597143,"Нет выраженной спецроли: in=1, out=0, оборот 8k KZT.",1,0,8500.0,0.0,1,0,0.0003967338202422219,0.0,8,0.0,3,False,False
100000002194329100,peripheral,0.620571816834063,1,0.26261232280158564,"Нет выраженной спецроли: in=1, out=0, оборот 25k KZT.",1,0,25170.0,0.0,1,0,0.00028698686778801547,0.0,7,0.0,3,False,False
100000001884825100,terminal,0.8986769341459558,10,0.6218862603059099,"Наблюдаемый сток: 3 плательщиков, вход 495k KZT, depth=3<4, исходящих нет.",3,0,495000.0,0.0,3,0,0.0003400964668098243,0.0,8,0.0,3,False,False
100000008692291100,transit,0.8809065446172261,11,0.7540485368106882,"Транзит: вход 160k, выход 156k KZT, коэффициент 0.97.",3,3,160000.0,156000.0,3,3,0.000307852986577175,4.007123775601068e-05,8,0.975,3,False,False
100000002697752100,terminal,0.756354747082528,9,0.4937791428901437,"Наблюдаемый сток: 2 плательщиков, вход 191k KZT, depth=3<4, исходящих нет.",2,0,190785.0,0.0,2,0,0.00032958004304152585,0.0,7,0.0,3,False,False
100000007170072100,transit,0.6651063955760645,9,0.5926840089005725,"Транзит: вход 100k, выход 100k KZT, коэффициент 0.99.",1,2,100000.0,99500.0,1,9,0.0003076581045462558,2.6714158504007122e-05,7,0.995,3,False,False
100000002373144100,peripheral,0.6976341111102449,1,0.3562478835421246,"Нет выраженной спецроли: in=1, out=1, оборот 57k KZT.",1,1,46468.0,10764.0,1,1,0.00028969018116006086,1.3357079252003561e-05,7,0.2316432813979513,3,False,False
100000000287768100,peripheral,0.5907440743136642,1,0.28852071281254976,"Нет выраженной спецроли: in=1, out=0, оборот 35k KZT.",1,0,35168.0,0.0,1,0,0.0002886880716986401,0.0,7,0.0,3,False,False
100000004508696100,coordinator,0.6518989327482713,38,0.6215004233413681,"Структурный кандидат: degree=4, seed-маршрутов 7, betweenness=0.0000.",1,3,7000.0,111000.0,1,4,0.0004225316662796324,2.9781670573029123e-05,7,15.857142857142858,3,False,False
100000008688109100,peripheral,0.7447891023510775,7,0.12911533367639486,"Нет выраженной спецроли: in=1, out=0, оборот 13k KZT.",1,0,12800.0,0.0,1,0,0.0002875670897908314,0.0,1,0.0,3,False,False
100000008724461100,transit,0.6546060702384643,10,0.6130141749288305,"Транзит: вход 100k, выход 130k KZT, коэффициент 1.30.",1,1,100111.0,130000.0,1,1,0.00029072698311701726,1.632531908578213e-05,9,1.298558599954051,3,False,False
100000001714413100,terminal,0.5577600054687475,5,0.40305545377471047,"Наблюдаемый сток: 1 плательщиков, вход 250k KZT, depth=3<4, исходящих нет.",1,0,250172.0,0.0,1,0,0.00029367716211375244,0.0,7,0.0,3,False,False
100000008672493100,peripheral,0.740267343511549,7,0.13240606062230675,"Нет выраженной спецроли: in=1, out=0, оборот 14k KZT.",1,0,14000.0,0.0,1,0,0.00028775438312585085,0.0,1,0.0,3,False,False
100000003241965100,peripheral,0.6738809736790313,8,0.24561782888497966,"Нет выраженной спецроли: in=1, out=0, оборот 15k KZT.",1,0,15000.0,0.0,1,0,0.0002911580279376608,0.0,7,0.0,3,False,False
100000002241986100,distributor,0.8698666085390918,39,0.7386124539830186,"Распределение: 6 получателей, 12 переводов, выход 3.1m KZT.",1,6,280000.0,3077000.0,1,12,0.00029464386295803416,8.014247551202137e-05,7,10.989285714285714,3,False,False
100000004140994100,peripheral,0.7144853852159914,7,0.15164560550721284,"Нет выраженной спецроли: in=1, out=0, оборот 19k KZT.",1,0,18650.0,0.0,1,0,0.00028848014479905114,0.0,1,0.0,3,False,False
100000008489922100,distributor,0.9705673949598863,10,0.9265068436508694,"Распределение: 36 получателей, 41 переводов, выход 3.8m KZT.",3,36,262010.0,3789900.0,5,41,0.0005858952858663094,0.0004773244099058903,8,14.464715087210411,3,False,False
100000001252290100,peripheral,0.7642495542958916,5,0.3680255162102192,"Нет выраженной спецроли: in=1, out=1, оборот 146k KZT.",1,1,141005.0,5000.0,1,1,0.000290139149807607,1.3357079252003561e-05,7,0.03545973547037339,3,False,False
100000008667799100,peripheral,0.655147216584985,7,0.19846476207322566,"Нет выраженной спецроли: in=1, out=0, оборот 34k KZT.",1,0,34000.0,0.0,1,0,0.000290875938709508,0.0,1,0.0,3,False,False
100000008684951100,peripheral,0.7222596372558825,7,0.14588731620247467,"Нет выраженной спецроли: in=1, out=0, оборот 17k KZT.",1,0,17200.0,0.0,1,0,0.000288253832019236,0.0,1,0.0,3,False,False
100000006126743100,peripheral,0.5477477007869189,5,0.31093562668728386,"Нет выраженной спецроли: in=1, out=0, оборот 55k KZT.",1,0,55000.0,0.0,1,0,0.00028735179879136544,0.0,7,0.0,3,False,False
100000003009900100,peripheral,0.6675346454832018,8,0.25110696765550916,"Нет выраженной спецроли: in=1, out=0, оборот 16k KZT.",1,0,15998.0,0.0,1,0,0.0002915298650211894,0.0,7,0.0,3,False,False
100000001745217100,peripheral,0.5593297497443078,1,0.3145394462900885,"Нет выраженной спецроли: in=1, out=0, оборот 50k KZT.",1,0,50000.0,0.0,1,0,0.0002900034068784448,0.0,7,0.0,3,False,False
100000002886166100,terminal,0.5787263101602553,26,0.34691104545651297,"Наблюдаемый сток: 1 плательщиков, вход 185k KZT, depth=3<4, исходящих нет.",1,0,185000.0,0.0,3,0,0.0003245911501737051,0.0,1,0.0,3,False,False
100000002956779100,terminal,0.5211220490541809,3,0.3679381520139081,"Наблюдаемый сток: 1 плательщиков, вход 411k KZT, depth=3<4, исходящих нет.",1,0,411000.0,0.0,1,0,0.00040310724815078523,0.0,1,0.0,3,False,False
100000008568512100,terminal,0.5415768685693821,5,0.3880986997870053,"Наблюдаемый сток: 1 плательщиков, вход 200k KZT, depth=3<4, исходящих нет.",1,0,199640.0,0.0,1,0,0.00029203946172944083,0.0,7,0.0,3,False,False
100000008583360100,transit,0.5850278724758138,8,0.5135774038084394,"Транзит: вход 113k, выход 170k KZT, коэффициент 1.51.",1,1,112843.0,170000.0,1,1,0.0003276125928311374,1.3357079252003561e-05,7,1.5065179054083992,3,False,False
100000001130176100,peripheral,0.5417980181033287,1,0.3624243046444547,"Нет выраженной спецроли: in=1, out=0, оборот 25k KZT.",1,0,25000.0,0.0,2,0,0.0005580456003895466,0.0,7,0.0,3,False,False
100000001145749100,peripheral,0.6356838495303976,3,0.38535084135621084,"Нет выраженной спецроли: in=1, out=0, оборот 10k KZT.",1,0,10000.0,0.0,1,0,0.0004785089150229722,0.0,10,0.0,3,False,False
100000005367445100,transit,0.7076368876080692,11,0.502092965310245,"Транзит: вход 5k, выход 5k KZT, коэффициент 1.00.",1,1,5000.0,5000.0,1,1,0.0018429964605732618,0.0,9,1.0,3,False,False
100000003917461100,coordinator,0.6780531911807605,12,0.6709046249119124,"Структурный кандидат: degree=3, seed-маршрутов 9, betweenness=0.0000.",1,2,10000.0,140000.0,1,5,0.0003991316698685015,1.7869002343817477e-05,9,14.0,3,False,False
100000008200810100,terminal,0.5488370039007171,14,0.38274959669298203,"Наблюдаемый сток: 1 плательщиков, вход 475k KZT, depth=3<4, исходящих нет.",1,0,475000.0,0.0,1,0,0.00030819442208498927,0.0,2,0.0,3,False,False
100000002554175100,peripheral,0.6264421704152054,8,0.2839034719471918,"Нет выраженной спецроли: in=1, out=0, оборот 25k KZT.",1,0,24621.0,0.0,1,0,0.000294742641745906,0.0,7,0.0,3,False,False
100000008751380100,terminal,0.846341847533256,10,0.5969649587772182,"Наблюдаемый сток: 2 плательщиков, вход 346k KZT, depth=3<4, исходящих нет.",2,0,345780.0,0.0,2,0,0.0003127638118830456,0.0,9,0.0,3,False,False
100000004071444100,peripheral,0.5592950571996456,1,0.47077491961859713,"Нет выраженной спецроли: in=1, out=1, оборот 347k KZT.",1,1,247350.0,100000.0,1,1,0.0003075048495520191,1.3357079252003561e-05,7,0.40428542551041036,3,False,False
100000001141268100,consolidator,0.8533098626199009,18,0.7243967496260081,"Консолидация: 2 плательщиков, 9 seed-маршрутов, вход 480k KZT.",2,1,480000.0,10000.0,2,1,0.00036486256771000946,1.4841199168892845e-05,9,0.020833333333333332,3,False,False
100000002645993100,distributor,0.715974561636933,1,0.6216685171242903,"Распределение: 5 получателей, 9 переводов, выход 87k KZT.",2,5,49650.0,86980.0,4,9,0.0002933085935851203,5.0827359375890096e-05,7,1.7518630412890233,3,False,False
100000002546921100,peripheral,0.646671091539412,16,0.2627249578451394,"Нет выраженной спецроли: in=1, out=0, оборот 20k KZT.",1,0,20000.0,0.0,1,0,0.0002912223270400026,0.0,7,0.0,3,False,False
100000008753897100,peripheral,0.6882274523057466,7,0.17177920116251003,"Нет выраженной спецроли: in=1, out=0, оборот 24k KZT.",1,0,24050.0,0.0,1,0,0.00028932296480663856,0.0,1,0.0,3,False,False
100000000870121100,peripheral,0.6878428957098564,15,0.2679846380033445,"Нет выраженной спецроли: in=1, out=0, оборот 12k KZT.",1,0,12000.0,0.0,1,0,0.00031567480064350023,0.0,7,0.0,3,False,False
100000003171006100,terminal,0.8623663262277257,10,0.6192161582705528,"Наблюдаемый сток: 2 плательщиков, вход 485k KZT, depth=3<4, исходящих нет.",2,0,485000.0,0.0,2,0,0.0003349679442942915,0.0,9,0.0,3,False,False
100000001690558100,terminal,0.6029775938640329,20,0.48103056879596806,"Наблюдаемый сток: 1 плательщиков, вход 740k KZT, depth=3<4, исходящих нет.",1,0,740000.0,0.0,1,0,0.00041212063930432354,0.0,7,0.0,3,False,False
100000008667795100,peripheral,0.655147216584985,7,0.19846476207322566,"Нет выраженной спецроли: in=1, out=0, оборот 34k KZT.",1,0,34000.0,0.0,1,0,0.000290875938709508,0.0,1,0.0,3,False,False
100000005674387100,peripheral,0.6764867451434619,7,0.18030957128778757,"Нет выраженной спецроли: in=1, out=0, оборот 26k KZT.",1,0,26200.0,0.0,1,0,0.00028965853203188175,0.0,1,0.0,3,False,False
100000003636627100,peripheral,0.8976390864179049,6,0.3480314712170179,"Нет выраженной спецроли: in=1, out=1, оборот 87k KZT.",1,1,77000.0,10000.0,8,1,0.0019763124102948008,0.0,7,0.12987012987012986,3,False,False
100000001275752100,terminal,0.5792067614045162,10,0.4665911200460755,"Наблюдаемый сток: 1 плательщиков, вход 152k KZT, depth=3<4, исходящих нет.",1,0,151500.0,0.0,1,0,0.00029337452908966797,0.0,9,0.0,3,False,False
100000002459240100,terminal,0.5223792257769977,5,0.3698368065113047,"Наблюдаемый сток: 1 плательщиков, вход 150k KZT, depth=3<4, исходящих нет.",1,0,150000.0,0.0,1,0,0.00029043067032840335,0.0,7,0.0,3,False,False
100000002644285100,terminal,0.5524861426133192,14,0.38611131451463554,"Наблюдаемый сток: 1 плательщиков, вход 500k KZT, depth=3<4, исходящих нет.",1,0,500000.0,0.0,1,0,0.00030938521828855235,0.0,2,0.0,3,False,False
100000005186109100,peripheral,0.7282214088558219,2,0.28124212650797115,"Нет выраженной спецроли: in=1, out=0, оборот 5k KZT.",1,0,5000.0,0.0,1,0,0.0006059178330672808,0.0,7,0.0,3,False,False
100000005317181100,peripheral,0.7508105279386388,1,0.4121348189790584,"Нет выраженной спецроли: in=1, out=1, оборот 156k KZT.",1,1,141250.0,14500.0,1,1,0.000322417396545991,1.3357079252003561e-05,7,0.10265486725663717,3,False,False
100000003001661100,distributor,0.7841725030148962,29,0.7356770112914859,"Распределение: 5 получателей, 8 переводов, выход 440k KZT.",1,5,110000.0,439500.0,1,8,0.0005464870342921869,5.3428317008014244e-05,7,3.9954545454545456,3,False,False
100000000288317100,consolidator,0.6657052466098605,9,0.6241403834466629,"Консолидация: 2 плательщиков, 7 seed-маршрутов, вход 100k KZT.",2,3,100000.0,53500.0,2,3,0.0003128334856204945,4.007123775601068e-05,7,0.535,3,False,False
100000004368189100,peripheral,0.810550735266038,14,0.31102141438593034,"Нет выраженной спецроли: in=1, out=2, оборот 413k KZT.",1,2,384600.0,28200.0,1,2,0.0003038885030129052,0.0,2,0.07332293291731669,3,False,False
100000004493586100,peripheral,0.7124349174686959,1,0.21284455705940294,"Нет выраженной спецроли: in=1, out=0, оборот 8k KZT.",1,0,7500.0,0.0,1,0,0.00028863973665071367,0.0,7,0.0,3,False,False
100000004114962100,consolidator,0.7474213202104902,5,0.5217077246441362,"Консолидация: 2 плательщиков, 7 seed-маршрутов, вход 165k KZT.",2,0,165000.0,0.0,2,0,0.0007112908662345295,0.0,7,0.0,3,False,False
100000008088082100,transit,0.6520310306699866,15,0.5094781387082568,"Транзит: вход 39k, выход 50k KZT, коэффициент 1.28.",1,1,39138.0,50000.0,1,1,0.00030005728529521367,1.3401751757863106e-05,7,1.2775307884920026,3,False,False
100000008595687100,peripheral,0.7600624679319572,2,0.32219670394352296,"Нет выраженной спецроли: in=1, out=1, оборот 75k KZT.",1,1,64395.0,10400.0,1,1,0.00030485762729909343,0.0,7,0.161503222299868,3,False,False
100000001248999100,peripheral,0.6331058150208264,17,0.2643356602579075,"Нет выраженной спецроли: in=1, out=0, оборот 23k KZT.",1,0,23425.0,0.0,1,0,0.0002892563668937372,0.0,7,0.0,3,False,False
100000002736316100,terminal,0.8243511206092734,1,0.5366510324286052,"Наблюдаемый сток: 3 плательщиков, вход 267k KZT, depth=3<4, исходящих нет.",3,0,266921.0,0.0,3,0,0.00038382327241415735,0.0,7,0.0,3,False,False
100000008596924100,peripheral,0.565188014409101,6,0.30969870725540954,"Нет выраженной спецроли: in=1, out=0, оборот 100k KZT.",1,0,100000.0,0.0,1,0,0.0004160204242994224,0.0,1,0.0,3,False,False
100000008598972100,peripheral,0.5517020669929633,22,0.27510469883444555,"Нет выраженной спецроли: in=1, out=0, оборот 120k KZT.",1,0,120000.0,0.0,1,0,0.00029411601502281744,0.0,1,0.0,3,False,False
100000002769809100,terminal,0.5061960888776323,20,0.40835094095800273,"Наблюдаемый сток: 1 плательщиков, вход 113k KZT, depth=3<4, исходящих нет.",1,0,113422.0,0.0,1,0,0.00037774425946329753,0.0,7,0.0,3,False,False
100000003089553100,terminal,0.5667186385883856,11,0.46677575224084206,"Наблюдаемый сток: 1 плательщиков, вход 150k KZT, depth=3<4, исходящих нет.",1,0,150000.0,0.0,1,0,0.0003070919971826514,0.0,8,0.0,3,False,False
100000002343825100,consolidator,0.8413491149985644,11,0.7331576609969129,"Консолидация: 3 плательщиков, 8 seed-маршрутов, вход 350k KZT.",3,2,350000.0,89800.0,4,2,0.00033359725354762797,2.6714158504007122e-05,8,0.25657142857142856,3,False,False
100000002015633100,terminal,0.4901716101831627,5,0.34161342073932177,"Наблюдаемый сток: 1 плательщиков, вход 95k KZT, depth=3<4, исходящих нет.",1,0,94970.0,0.0,1,0,0.0002886471934791066,0.0,7,0.0,3,False,False
100000002906470100,terminal,0.5125424170734619,20,0.39104488088571465,"Наблюдаемый сток: 1 плательщиков, вход 130k KZT, depth=3<4, исходящих нет.",1,0,130000.0,0.0,1,0,0.00030780128727312094,0.0,7,0.0,3,False,False
100000005628518100,terminal,0.5786348921414582,20,0.42655733307545407,"Наблюдаемый сток: 1 плательщиков, вход 77k KZT, depth=3<4, исходящих нет.",1,0,77000.0,0.0,3,0,0.0005329929869212512,0.0,7,0.0,3,False,False
100000002958139100,terminal,0.6720676866391562,10,0.4966247345564329,"Наблюдаемый сток: 1 плательщиков, вход 210k KZT, depth=3<4, исходящих нет.",1,0,209500.0,0.0,2,0,0.00030027317473638757,0.0,8,0.0,3,False,False
100000008754747100,peripheral,0.6323004350799986,7,0.21870083802643492,"Нет выраженной спецроли: in=1, out=0, оборот 46k KZT.",1,0,45500.0,0.0,1,0,0.0002926708331701108,0.0,1,0.0,3,False,False
100000008776720100,peripheral,0.6777560107826277,7,0.17924288232371727,"Нет выраженной спецроли: in=1, out=0, оборот 26k KZT.",1,0,26150.0,0.0,1,0,0.0002896507281429226,0.0,1,0.0,3,False,False
100000008576528100,peripheral,0.6113696409501101,5,0.2668216069477797,"Нет выраженной спецроли: in=1, out=0, оборот 28k KZT.",1,0,28000.0,0.0,1,0,0.0002864767510913652,0.0,7,0.0,3,False,False
100000004603109100,consolidator,0.760483802666942,25,0.5386573297461306,"Консолидация: 3 плательщиков, 2 seed-маршрутов, вход 2.7m KZT.",3,2,2730000.0,400000.0,8,2,0.0031783652796316926,0.0,2,0.14652014652014653,3,False,False
100000008721637100,coordinator,0.5646035860834517,6,0.5923822558080227,"Структурный кандидат: degree=3, seed-маршрутов 7, betweenness=0.0001.",1,2,24041.0,127000.0,1,2,0.0002904606519895623,7.32413178984862e-05,7,5.282642152988644,3,False,False
100000004491749100,peripheral,0.6200837533030267,6,0.26394169273136964,"Нет выраженной спецроли: in=1, out=0, оборот 50k KZT.",1,0,50000.0,0.0,1,0,0.0003507948592583566,0.0,1,0.0,3,False,False
100000005171642100,consolidator,0.6793488238159919,6,0.4789973147751185,"Консолидация: 2 плательщиков, 1 seed-маршрутов, вход 697k KZT.",2,1,696800.0,683600.0,5,4,0.0027671822247582792,0.0,1,0.9810562571756601,3,False,False
100000008682426100,peripheral,0.646671091539412,16,0.2627249578451394,"Нет выраженной спецроли: in=1, out=0, оборот 20k KZT.",1,0,20000.0,0.0,1,0,0.0002912223270400026,0.0,7,0.0,3,False,False
100000006209210100,terminal,0.5506203862484392,6,0.4355415384659047,"Наблюдаемый сток: 1 плательщиков, вход 229k KZT, depth=3<4, исходящих нет.",1,0,229111.0,0.0,1,0,0.0003608027133122132,0.0,7,0.0,3,False,False
100000003888527100,peripheral,0.6047059963444892,41,0.3339581862091365,"Нет выраженной спецроли: in=1, out=0, оборот 30k KZT.",1,0,30000.0,0.0,1,0,0.0003666748083508476,0.0,7,0.0,3,False,False
100000008490127100,distributor,0.8344919687696393,5,0.7313851852219297,"Распределение: 6 получателей, 9 переводов, выход 923k KZT.",1,6,431755.0,923000.0,2,9,0.00029956211716964667,8.014247551202137e-05,7,2.137786476126507,3,False,False
100000004336228100,terminal,0.527614946538557,9,0.35317378735715976,"Наблюдаемый сток: 1 плательщиков, вход 51k KZT, depth=3<4, исходящих нет.",1,0,51407.0,0.0,2,0,0.0002960285109303709,0.0,7,0.0,3,False,False
100000006844004100,peripheral,0.6410387252656133,1,0.3291868373177767,"Нет выраженной спецроли: in=1, out=0, оборот 21k KZT.",1,0,20600.0,0.0,1,0,0.0005454417164852393,0.0,7,0.0,3,False,False
100000001688676100,terminal,0.5139703409175236,20,0.3922624443654217,"Наблюдаемый сток: 1 плательщиков, вход 134k KZT, depth=3<4, исходящих нет.",1,0,133700.0,0.0,1,0,0.0003084340439985561,0.0,7,0.0,3,False,False
100000008712036100,peripheral,0.700682121390062,7,0.16225594834088347,"Нет выраженной спецроли: in=1, out=0, оборот 21k KZT.",1,0,21000.0,0.0,1,0,0.00028884692758013086,0.0,1,0.0,3,False,False
100000004697956100,transit,0.7076368876080692,6,0.3438242125861247,"Транзит: вход 10k, выход 10k KZT, коэффициент 1.00.",1,1,10000.0,10000.0,1,1,0.0004681160760661781,0.0,1,1.0,3,False,False
100000004921657100,peripheral,0.6008583043015356,3,0.43795082771707045,"Нет выраженной спецроли: in=1, out=1, оборот 30k KZT.",1,1,8300.0,22190.0,1,1,0.00036129622421142676,0.0,10,2.6734939759036145,3,False,False
100000000408846100,peripheral,0.579875987278306,28,0.31568500757733325,"Нет выраженной спецроли: in=1, out=0, оборот 40k KZT.",1,0,40500.0,0.0,1,0,0.0002957255734808806,0.0,7,0.0,3,False,False
100000003406094100,coordinator,0.6994959588065982,2,0.6510381028166409,"Структурный кандидат: degree=4, seed-маршрутов 7, betweenness=0.0000.",1,3,70000.0,47000.0,4,3,0.000778150781378675,2.968239833778569e-05,7,0.6714285714285714,3,False,False
100000008695566100,peripheral,0.6560991658143593,7,0.1977237704503966,"Нет выраженной спецроли: in=1, out=0, оборот 34k KZT.",1,0,33700.0,0.0,1,0,0.0002908291153757531,0.0,1,0.0,3,False,False
100000005974542100,terminal,0.5925174850698354,24,0.43215507019888527,"Наблюдаемый сток: 1 плательщиков, вход 94k KZT, depth=3<4, исходящих нет.",1,0,94500.0,0.0,3,0,0.0004830472191227783,0.0,7,0.0,3,False,False
100000001887715100,consolidator,0.9341018550185035,18,0.7910070514093878,"Консолидация: 3 плательщиков, 9 seed-маршрутов, вход 1.3m KZT.",3,1,1331500.0,750000.0,4,1,0.0007309294553868685,1.4841199168892845e-05,9,0.5632745024408562,3,False,False
100000002472632100,consolidator,0.7894698178374734,27,0.666370813522722,"Консолидация: 2 плательщиков, 7 seed-маршрутов, вход 502k KZT.",2,1,502400.0,20000.0,3,1,0.000985619333290868,1.4841199168892845e-05,7,0.03980891719745223,3,False,False
100000004629688100,peripheral,0.7054783040710597,2,0.31492263886563077,"Нет выраженной спецроли: in=1, out=1, оборот 20k KZT.",1,1,5000.0,15000.0,1,2,0.00038797258449924294,0.0,7,3.0,3,False,False
100000002459832100,terminal,0.8244191169828,22,0.5561818329330213,"Наблюдаемый сток: 2 плательщиков, вход 881k KZT, depth=3<4, исходящих нет.",2,0,880606.0,0.0,2,0,0.0003931880367042986,0.0,7,0.0,3,False,False
100000006100920100,terminal,0.4955659891496178,1,0.39054557113441307,"Наблюдаемый сток: 1 плательщиков, вход 100k KZT, depth=3<4, исходящих нет.",1,0,100000.0,0.0,1,0,0.00032650852666292734,0.0,7,0.0,3,False,False
100000001439416100,peripheral,0.8170724987263246,33,0.41002470579100503,"Нет выраженной спецроли: in=1, out=2, оборот 175k KZT.",1,2,10000.0,165000.0,1,3,0.00034089967599193374,1.3357079252003561e-05,7,16.5,3,False,False
100000002121357100,consolidator,0.8007621361024446,11,0.6805044404036408,"Консолидация: 2 плательщиков, 8 seed-маршрутов, вход 255k KZT.",2,1,255300.0,113000.0,2,1,0.00032627377480928593,1.4841199168892845e-05,8,0.4426165295730513,3,False,False
100000002970466100,peripheral,0.7073513981171421,1,0.4437738599173591,"Нет выраженной спецроли: in=1, out=2, оборот 116k KZT.",1,2,23317.0,93000.0,1,3,0.0002868825068890663,2.6714158504007122e-05,7,3.9885062400823434,3,False,False
100000002581346100,terminal,0.5296775032022017,5,0.3771430841484523,"Наблюдаемый сток: 1 плательщиков, вход 166k KZT, depth=3<4, исходящих нет.",1,0,166400.0,0.0,1,0,0.00029096218078321833,0.0,7,0.0,3,False,False
100000008738658100,peripheral,0.6684745057962271,7,0.18766888019659925,"Нет выраженной спецроли: in=1, out=0, оборот 30k KZT.",1,0,29920.0,0.0,1,0,0.0002902391413704419,0.0,1,0.0,3,False,False
100000005910114100,distributor,0.9563990816598065,1,0.8549122023549761,"Распределение: 19 получателей, 56 переводов, выход 1.5m KZT.",3,19,326144.0,1469993.0,3,56,0.0003616504127742257,0.004490399217484822,7,4.507190075549451,3,False,False
100000001046626100,terminal,0.5223792257769977,5,0.3698368065113047,"Наблюдаемый сток: 1 плательщиков, вход 150k KZT, depth=3<4, исходящих нет.",1,0,150000.0,0.0,1,0,0.00029043067032840335,0.0,7,0.0,3,False,False
100000006492770100,peripheral,0.7564716129141298,1,0.411081885664998,"Нет выраженной спецроли: in=1, out=1, оборот 289k KZT.",1,1,269000.0,20000.0,1,1,0.0003007193653545543,1.3357079252003561e-05,7,0.07434944237918216,3,False,False
100000001674850100,terminal,0.8157666893590111,11,0.567159223577162,"Наблюдаемый сток: 2 плательщиков, вход 237k KZT, depth=3<4, исходящих нет.",2,0,237000.0,0.0,2,0,0.0003140936423748864,0.0,8,0.0,3,False,False
100000000860514100,peripheral,0.6724608013588915,27,0.4355723164376209,"Нет выраженной спецроли: in=1, out=1, оборот 62k KZT.",1,1,12000.0,50000.0,1,1,0.0003062893737864735,1.4841199168892845e-05,7,4.166666666666667,3,False,False
100000003650146100,peripheral,0.6778474288014248,2,0.26068325758389355,"Нет выраженной спецроли: in=1, out=0, оборот 14k KZT.",1,0,14400.0,0.0,1,0,0.00030012735117663754,0.0,7,0.0,3,False,False
100000001227106100,terminal,0.5284082375630358,5,0.37617676853853443,"Наблюдаемый сток: 1 плательщиков, вход 165k KZT, depth=3<4, исходящих нет.",1,0,164765.0,0.0,1,0,0.00029090919178360717,0.0,7,0.0,3,False,False
100000003647799100,terminal,0.4955659891496178,5,0.34599485939064084,"Наблюдаемый сток: 1 плательщиков, вход 100k KZT, depth=3<4, исходящих нет.",1,0,100000.0,0.0,1,0,0.00028881021162469923,0.0,7,0.0,3,False,False
100000008293431100,distributor,0.7587274165878737,1,0.63279085459592,"Распределение: 5 получателей, 7 переводов, выход 297k KZT.",1,5,15000.0,297000.0,1,7,0.00028689952801563704,5.0051944197091124e-05,7,19.8,3,False,False
100000002975287100,peripheral,0.6738809736790313,17,0.23861160112697252,"Нет выраженной спецроли: in=1, out=0, оборот 15k KZT.",1,0,15000.0,0.0,1,0,0.00028919231957213884,0.0,7,0.0,3,False,False
100000008507703100,peripheral,0.670933707972111,7,0.18528729308475636,"Нет выраженной спецроли: in=1, out=0, оборот 28k KZT.",1,0,28500.0,0.0,1,0,0.00029001751092400227,0.0,1,0.0,3,False,False
100000001733687100,terminal,0.6114602523689839,10,0.496986172090584,"Наблюдаемый сток: 1 плательщиков, вход 300k KZT, depth=3<4, исходящих нет.",1,0,300000.0,0.0,1,0,0.0003066249703782886,0.0,8,0.0,3,False,False
100000004552204100,coordinator,0.6185583258509372,34,0.5573803459146195,"Структурный кандидат: degree=3, seed-маршрутов 8, betweenness=0.0000.",1,2,22500.0,10000.0,2,2,0.0008646978335399401,1.3357079252003561e-05,8,0.4444444444444444,3,False,False
100000008223756100,terminal,0.7893556537008417,9,0.5226125827373671,"Наблюдаемый сток: 2 плательщиков, вход 332k KZT, depth=3<4, исходящих нет.",2,0,331682.0,0.0,2,0,0.00035628112116330586,0.0,7,0.0,3,False,False
100000002956769100,terminal,0.9248096625831201,14,0.6584915747248238,"Наблюдаемый сток: 3 плательщиков, вход 840k KZT, depth=3<4, исходящих нет.",3,0,840000.0,0.0,3,0,0.00038478275617858006,0.0,9,0.0,3,False,False
100000008555233100,terminal,0.6398141956746886,18,0.5478786314206,"Наблюдаемый сток: 1 плательщиков, вход 441k KZT, depth=3<4, исходящих нет.",1,0,440600.0,0.0,1,0,0.0003634087205622213,0.0,9,0.0,3,False,False
100000002346166100,peripheral,0.7792972619159007,7,0.10551970199371179,"Нет выраженной спецроли: in=1, out=0, оборот 6k KZT.",1,0,6000.0,0.0,1,0,0.00028650576089238805,0.0,1,0.0,3,False,False
100000000878006100,peripheral,0.5680559510135734,5,0.2971398825329805,"Нет выраженной спецроли: in=1, out=0, оборот 47k KZT.",1,0,47003.0,0.0,1,0,0.000287092622626295,0.0,7,0.0,3,False,False
100000004997515100,consolidator,0.8857949485873209,10,0.8185549624414705,"Консолидация: 4 плательщиков, 9 seed-маршрутов, вход 395k KZT.",4,4,395000.0,54500.0,4,4,0.0003566158833194684,5.9563341146058246e-05,9,0.1379746835443038,3,False,False
100000007653003100,terminal,0.4955659891496178,17,0.37404201241555185,"Наблюдаемый сток: 1 плательщиков, вход 100k KZT, depth=3<4, исходящих нет.",1,0,100000.0,0.0,1,0,0.0003013091989193027,0.0,7,0.0,3,False,False
100000000661131100,peripheral,0.7297165728859822,7,0.13969337752971503,"Нет выраженной спецроли: in=1, out=0, оборот 16k KZT.",1,0,15600.0,0.0,1,0,0.00028800410757254345,0.0,1,0.0,3,False,False
100000003880331100,distributor,0.9501132355355758,9,0.8147301230696878,"Распределение: 16 получателей, 31 переводов, выход 3.9m KZT.",1,16,100000.0,3904908.0,1,31,0.0003076581045462558,0.00035598042983271997,7,39.04908,3,False,False
100000003204491100,transit,0.5462724969737485,1,0.5093780540022441,"Транзит: вход 140k, выход 100k KZT, коэффициент 0.71.",1,1,140000.0,100000.0,1,2,0.00029798480966852173,1.3401751757863106e-05,7,0.7142857142857143,3,False,False
100000008463968100,peripheral,0.7592269989965896,7,0.11869992943450258,"Нет выраженной спецроли: in=1, out=0, оборот 10k KZT.",1,0,10000.0,0.0,1,0,0.00028713007200911945,0.0,1,0.0,3,False,False
100000002712416100,terminal,0.780181376091733,14,0.5439520438021298,"Наблюдаемый сток: 2 плательщиков, вход 117k KZT, depth=3<4, исходящих нет.",2,0,116800.0,0.0,2,0,0.0003026575194807802,0.0,9,0.0,3,False,False
100000008754997100,peripheral,0.7167859291869796,7,0.15000686519802242,"Нет выраженной спецроли: in=1, out=0, оборот 18k KZT.",1,0,18000.0,0.0,1,0,0.0002883786942425823,0.0,1,0.0,3,False,False
100000008011573100,peripheral,0.6738809736790313,17,0.23861160112697252,"Нет выраженной спецроли: in=1, out=0, оборот 15k KZT.",1,0,15000.0,0.0,1,0,0.00028919231957213884,0.0,7,0.0,3,False,False
100000003178549100,consolidator,0.7212548557315378,17,0.6644903623398352,"Консолидация: 2 плательщиков, 7 seed-маршрутов, вход 250k KZT.",2,4,250000.0,89080.0,2,4,0.00035215781948056465,3.409296191790036e-05,7,0.35632,3,False,False
100000000534581100,consolidator,0.6205755977712031,9,0.47638347605851167,"Консолидация: 2 плательщиков, 7 seed-маршрутов, вход 56k KZT.",2,1,55960.0,40000.0,2,1,0.0002984533219886514,1.3357079252003561e-05,7,0.7147962830593281,3,False,False
100000007138613100,consolidator,0.7792141417938138,1,0.6784514275983515,"Консолидация: 3 плательщиков, 7 seed-маршрутов, вход 1.0m KZT.",3,2,1002000.0,179000.0,3,2,0.0003541752272666083,2.6714158504007122e-05,7,0.17864271457085829,3,False,False
100000002380341100,peripheral,0.5448918530987956,1,0.3532284048922496,"Нет выраженной спецроли: in=1, out=0, оборот 58k KZT.",1,0,57566.4,0.0,1,0,0.0003091365365238758,0.0,7,0.0,3,False,False
100000008309514100,peripheral,0.7222596372558825,7,0.14588731620247467,"Нет выраженной спецроли: in=1, out=0, оборот 17k KZT.",1,0,17200.0,0.0,1,0,0.000288253832019236,0.0,1,0.0,3,False,False
100000003134474100,terminal,0.5066720634923195,5,0.3557261767386676,"Наблюдаемый сток: 1 плательщиков, вход 116k KZT, depth=3<4, исходящих нет.",1,0,116000.0,0.0,1,0,0.0002893287584098846,0.0,7,0.0,3,False,False
100000002373386100,peripheral,0.6894967179449125,7,0.17093550089962706,"Нет выраженной спецроли: in=1, out=0, оборот 24k KZT.",1,0,24000.0,0.0,1,0,0.0002893151609176794,0.0,1,0.0,3,False,False
100000008684767100,peripheral,0.6603036082440965,7,0.19335237634286892,"Нет выраженной спецроли: in=1, out=0, оборот 31k KZT.",1,0,31100.0,0.0,1,0,0.0002904233131498777,0.0,1,0.0,3,False,False
100000008332511100,terminal,0.5506482845232833,6,0.5170385649066551,"Наблюдаемый сток: 1 плательщиков, вход 100k KZT, depth=3<4, исходящих нет.",1,0,100000.0,0.0,1,0,0.0011127776746800726,0.0,9,0.0,3,False,False
100000005754335100,peripheral,0.575671544848569,41,0.358110176417478,"Нет выраженной спецроли: in=1, out=0, оборот 44k KZT.",1,0,44037.0,0.0,1,0,0.00040462407841393883,0.0,7,0.0,3,False,False
100000008547295100,peripheral,0.7346349772377502,6,0.2151268368920971,"Нет выраженной спецроли: in=1, out=0, оборот 15k KZT.",1,0,15000.0,0.0,1,0,0.0005629711569533369,0.0,1,0.0,3,False,False
100000001875167100,terminal,0.6893669864297629,5,0.48792700738058803,"Наблюдаемый сток: 1 плательщиков, вход 1.0m KZT, depth=3<4, исходящих нет.",1,0,1000000.0,0.0,2,0,0.0003179784682913741,0.0,7,0.0,3,False,False
100000004670388100,coordinator,0.6423097966096539,49,0.6292071804692194,"Структурный кандидат: degree=3, seed-маршрутов 7, betweenness=0.0000.",1,2,160354.0,720000.0,1,4,0.0005140172616899977,1.632531908578213e-05,7,4.490065729573319,3,False,False
100000004097972100,coordinator,0.5736147492376228,1,0.5636549148202606,"Структурный кандидат: degree=3, seed-маршрутов 7, betweenness=0.0000.",1,2,118878.0,10000.0,1,2,0.0003165811788801667,2.6714158504007122e-05,7,0.0841198539679335,3,False,False
100000000481716100,peripheral,0.7103723608050513,8,0.27034873216933253,"Нет выраженной спецроли: in=1, out=0, оборот 8k KZT.",1,0,8000.0,0.0,1,0,0.0003771539261882796,0.0,7,0.0,3,False,False
100000005089460100,peripheral,0.7463756844000349,7,0.1276898687679403,"Нет выраженной спецроли: in=1, out=0, оборот 12k KZT.",1,0,12300.0,0.0,1,0,0.00028748905090124,0.0,1,0.0,3,False,False
100000003105929100,peripheral,0.6494565528600068,5,0.48362146916123594,"Нет выраженной спецроли: in=1, out=1, оборот 586k KZT.",1,1,429567.0,156354.0,2,1,0.0002994912058967726,1.3401751757863106e-05,7,0.3639804733603838,3,False,False
100000008379273100,transit,0.7724632487056413,8,0.5118578993732829,"Транзит: вход 36k, выход 38k KZT, коэффициент 1.06.",2,4,36000.0,38000.0,2,4,0.0002990171904496492,1.3357079252003561e-05,7,1.0555555555555556,3,False,False
100000005357705100,distributor,0.7408007450898241,9,0.6663016681502775,"Распределение: 4 получателей, 5 переводов, выход 387k KZT.",1,4,52595.0,387080.0,1,5,0.0002962702202200618,5.3428317008014244e-05,7,7.35963494628767,3,False,False
100000003111305100,terminal,0.9206397627950945,6,0.6416003477242499,"Наблюдаемый сток: 4 плательщиков, вход 509k KZT, depth=3<4, исходящих нет.",4,0,509338.0,0.0,4,0,0.00040360180953618035,0.0,8,0.0,3,False,False
100000008503177100,peripheral,0.5950278458458491,9,0.29900195569175425,"Нет выраженной спецроли: in=1, out=0, оборот 34k KZT.",1,0,33951.0,0.0,1,0,0.0002924769306603002,0.0,7,0.0,3,False,False
100000000955529100,peripheral,0.5667339997615656,3,0.3651803251794699,"Нет выраженной спецроли: in=1, out=1, оборот 90k KZT.",1,1,27000.0,63500.0,1,1,0.0002956290149139567,0.0,7,2.3518518518518516,3,False,False
100000008695689100,peripheral,0.6764867451434619,7,0.18030957128778757,"Нет выраженной спецроли: in=1, out=0, оборот 26k KZT.",1,0,26200.0,0.0,1,0,0.00028965853203188175,0.0,1,0.0,3,False,False
100000004184158100,terminal,0.5455433236917756,1,0.4098540371466307,"Наблюдаемый сток: 1 плательщиков, вход 204k KZT, depth=3<4, исходящих нет.",1,0,203805.0,0.0,1,0,0.0003036431808354202,0.0,7,0.0,3,False,False
100000005475379100,coordinator,0.7351103879547485,13,0.7272576514858189,"Структурный кандидат: degree=4, seed-маршрутов 8, betweenness=0.0000.",1,3,108370.0,81000.0,1,3,0.0004216387717503735,4.007123775601068e-05,8,0.7474393282273692,3,False,False
100000003093299100,peripheral,0.6738809736790313,1,0.22809113849352056,"Нет выраженной спецроли: in=1, out=0, оборот 15k KZT.",1,0,15000.0,0.0,1,0,0.00028641409372308623,0.0,7,0.0,3,False,False
100000008767027100,peripheral,0.6731391134821564,18,0.2828685722375085,"Нет выраженной спецроли: in=1, out=0, оборот 5k KZT.",1,0,5000.0,0.0,1,0,0.00028633291495751956,0.0,9,0.0,3,False,False
100000004539443100,consolidator,0.838763800924686,3,0.6025140608292566,"Консолидация: 2 плательщиков, 10 seed-маршрутов, вход 62k KZT.",2,0,61990.0,0.0,2,0,0.0009561831780302799,0.0,10,0.0,3,False,False
100000007863304100,peripheral,0.6233483354197384,5,0.25900736588474726,"Нет выраженной спецроли: in=1, out=0, оборот 25k KZT.",1,0,25000.0,0.0,1,0,0.000286379523569143,0.0,7,0.0,3,False,False
100000004959752100,peripheral,0.5687982548404061,3,0.4477174194733953,"Нет выраженной спецроли: in=1, out=0, оборот 22k KZT.",1,0,22200.0,0.0,1,0,0.0007848703238285036,0.0,11,0.0,3,False,False
100000002214664100,peripheral,0.8408064347340227,7,0.2004973363167492,"Нет выраженной спецроли: in=1, out=1, оборот 85k KZT.",1,1,7950.0,76950.0,1,2,0.0002868101125617946,2.968239833778569e-06,1,9.679245283018869,3,False,False
100000008192264100,transit,0.6002176211818553,5,0.4852789567415009,"Транзит: вход 163k, выход 188k KZT, коэффициент 1.15.",1,1,162810.0,187910.0,1,2,0.00029084583184829237,1.3357079252003561e-05,7,1.1541674344327744,3,False,False
100000000942301100,terminal,0.5369757806274057,1,0.3662676252457476,"Наблюдаемый сток: 1 плательщиков, вход 58k KZT, depth=3<4, исходящих нет.",1,0,57580.0,0.0,2,0,0.000300590276391355,0.0,7,0.0,3,False,False
100000002578653100,peripheral,0.646671091539412,46,0.28990467314763047,"Нет выраженной спецроли: in=1, out=0, оборот 20k KZT.",1,0,20000.0,0.0,1,0,0.0003113100744475735,0.0,7,0.0,3,False,False
100000002511581100,peripheral,0.7192451313628635,7,0.14806155642301727,"Нет выраженной спецроли: in=1, out=0, оборот 18k KZT.",1,0,17600.0,0.0,1,0,0.00028831626313090915,0.0,1,0.0,3,False,False
100000005610717100,consolidator,0.7773522671910642,1,0.5965454225589693,"Консолидация: 4 плательщиков, 7 seed-маршрутов, вход 484k KZT.",4,1,484500.0,265200.0,6,7,0.00034454483671221423,1.3357079252003561e-05,7,0.5473684210526316,3,False,False
100000005704413100,distributor,0.9458885592476631,8,0.8529833955128957,"Распределение: 32 получателей, 35 переводов, выход 1.4m KZT.",3,32,97834.67,1363593.0,4,35,0.0005996888032985918,0.00041654299000692583,7,13.9377278014021,3,False,False
100000000976943100,transit,0.561340339508887,13,0.5603756893543964,"Транзит: вход 70k, выход 84k KZT, коэффициент 1.20.",1,1,70000.0,84000.0,1,3,0.00037346136238482604,1.3357079252003561e-05,8,1.2,3,False,False
100000008708061100,peripheral,0.768746491290334,7,0.11280133117750271,"Нет выраженной спецроли: in=1, out=0, оборот 9k KZT.",1,0,8650.0,0.0,1,0,0.0002869193670072226,0.0,1,0.0,3,False,False
100000003986141100,peripheral,0.722747700786919,17,0.20010527292284896,"Нет выраженной спецроли: in=1, out=0, оборот 5k KZT.",1,0,5286.32,0.0,1,0,0.0002868461256435469,0.0,7,0.0,3,False,False
100000005037490100,peripheral,0.5583966782695546,15,0.4255130523307446,"Нет выраженной спецроли: in=1, out=2, оборот 45k KZT.",1,2,15000.0,30000.0,1,3,0.0003232011772500526,1.3357079252003561e-05,7,2.0,3,False,False
100000004257714100,peripheral,0.6135787669023014,7,0.23287101237868602,"Нет выраженной спецроли: in=1, out=0, оборот 52k KZT.",1,0,52220.0,0.0,1,0,0.0002937196758462196,0.0,1,0.0,3,False,False
100000000569479100,terminal,0.5698973581432715,1,0.45426924141959196,"Наблюдаемый сток: 1 плательщиков, вход 320k KZT, depth=3<4, исходящих нет.",1,0,320000.0,0.0,1,0,0.0003949532398197791,0.0,7,0.0,3,False,False
100000007303047100,peripheral,0.6134201086974056,7,0.23315590762397986,"Нет выраженной спецроли: in=1, out=0, оборот 52k KZT.",1,0,52250.0,0.0,1,0,0.00029372435817959507,0.0,1,0.0,3,False,False
100000008708743100,peripheral,0.7301132183982216,7,0.13935925329548393,"Нет выраженной спецроли: in=1, out=0, оборот 16k KZT.",1,0,15550.0,0.0,1,0,0.0002879963036835843,0.0,1,0.0,3,False,False
100000008745863100,peripheral,0.6957637170382942,7,0.1661020819051286,"Нет выраженной спецроли: in=1, out=0, оборот 23k KZT.",1,0,22900.0,0.0,1,0,0.00028914347536057827,0.0,1,0.0,3,False,False
100000005048668100,distributor,0.8159104420149133,9,0.7060307251906541,"Распределение: 8 получателей, 11 переводов, выход 159k KZT.",2,8,16668.0,159400.0,2,11,0.00028854810674879374,0.0005198633365803585,7,9.563234941204703,3,False,False
100000006522972100,peripheral,0.7049779818385962,5,0.2481909231328609,"Нет выраженной спецроли: in=1, out=0, оборот 10k KZT.",1,0,9515.0,0.0,1,0,0.00030331012596478374,0.0,7,0.0,3,False,False
100000008759857100,peripheral,0.8412525076361268,18,0.4232489923769451,"Нет выраженной спецроли: in=1, out=2, оборот 999k KZT.",1,2,5000.0,994000.0,1,3,0.00028633291495751956,5.041296225623919e-06,9,198.8,3,False,False
100000005342513100,peripheral,0.8418311974983138,4,0.3104565590741458,"Нет выраженной спецроли: in=1, out=1, оборот 265k KZT.",1,1,235000.0,30000.0,2,1,0.0010816512996714893,0.0,1,0.1276595744680851,3,False,False
100000004750897100,peripheral,0.6984729954378708,2,0.28677988939891547,"Нет выраженной спецроли: in=1, out=0, оборот 10k KZT.",1,0,10000.0,0.0,1,0,0.000490375874781195,0.0,7,0.0,3,False,False
100000001140785100,terminal,0.809737677572973,11,0.5638932067466197,"Наблюдаемый сток: 2 плательщиков, вход 215k KZT, depth=3<4, исходящих нет.",2,0,215000.0,0.0,2,0,0.00031534667818847384,0.0,8,0.0,3,False,False
100000002821425100,terminal,0.5227377291953682,14,0.35211020690692796,"Наблюдаемый сток: 1 плательщиков, вход 275k KZT, depth=3<4, исходящих нет.",1,0,275000.0,0.0,1,0,0.00029866805245648467,0.0,2,0.0,3,False,False
100000003221510100,peripheral,0.7596259308868294,62,0.43565995244494327,"Нет выраженной спецроли: in=1, out=2, оборот 144k KZT.",1,2,24000.0,120000.0,1,3,0.00028692097342656345,2.6714158504007122e-05,7,5.0,3,False,False
100000003031003100,terminal,0.8824479218759579,14,0.605876824828923,"Наблюдаемый сток: 3 плательщиков, вход 280k KZT, depth=3<4, исходящих нет.",3,0,280090.0,0.0,3,0,0.00031149881059583785,0.0,9,0.0,3,False,False
100000003060187100,terminal,0.4882677117244138,20,0.36940076258239213,"Наблюдаемый сток: 1 плательщиков, вход 93k KZT, depth=3<4, исходящих нет.",1,0,93046.0,0.0,1,0,0.0003014815867240045,0.0,7,0.0,3,False,False
100000008718811100,peripheral,0.589462719758149,7,0.2546174796088934,"Нет выраженной спецроли: in=1, out=0, оборот 73k KZT.",1,0,73300.0,0.0,1,0,0.0002970097954313942,0.0,1,0.0,3,False,False
100000008043184100,peripheral,0.5556806110317059,17,0.32662858684251994,"Нет выраженной спецроли: in=1, out=0, оборот 51k KZT.",1,0,50564.0,0.0,1,0,0.00029352801963081616,0.0,7,0.0,3,False,False
100000002530224100,terminal,0.5609610678415063,10,0.449621119328625,"Наблюдаемый сток: 1 плательщиков, вход 113k KZT, depth=3<4, исходящих нет.",1,0,113000.0,0.0,1,0,0.00029139102055774377,0.0,9,0.0,3,False,False
100000008754608100,peripheral,0.7463756844000349,7,0.1276898687679403,"Нет выраженной спецроли: in=1, out=0, оборот 12k KZT.",1,0,12300.0,0.0,1,0,0.00028748905090124,0.0,1,0.0,3,False,False
100000006989232100,peripheral,0.6365962955285327,1,0.2545103835449562,"Нет выраженной спецроли: in=1, out=0, оборот 22k KZT.",1,0,22194.0,0.0,1,0,0.00028753750814532387,0.0,7,0.0,3,False,False
100000006532229100,terminal,0.5449824645176694,11,0.4462755275685671,"Наблюдаемый сток: 1 плательщиков, вход 105k KZT, depth=3<4, исходящих нет.",1,0,105000.0,0.0,1,0,0.0003006351862930432,0.0,8,0.0,3,False,False
100000005661829100,transit,0.6124630847140385,20,0.4026330124184554,"Транзит: вход 38k, выход 40k KZT, коэффициент 1.07.",1,2,37790.0,40362.0,1,4,0.0002920319635832895,1.7520860129942943e-07,7,1.0680603334215402,3,False,False
100000004553349100,peripheral,0.7114829682393214,5,0.24027537136894497,"Нет выраженной спецроли: in=1, out=0, оборот 8k KZT.",1,0,7755.0,0.0,1,0,0.0003000285848322995,0.0,7,0.0,3,False,False
100000002945626100,terminal,0.9162421195187502,10,0.6428289521171302,"Наблюдаемый сток: 3 плательщиков, вход 584k KZT, depth=3<4, исходящих нет.",3,0,584000.0,0.0,3,0,0.0003377644362503449,0.0,9,0.0,3,False,False
100000008775471100,terminal,0.7229969704106883,18,0.5598093193330572,"Наблюдаемый сток: 1 плательщиков, вход 580k KZT, depth=3<4, исходящих нет.",1,0,580000.0,0.0,2,0,0.00035837580082273557,0.0,8,0.0,3,False,False
100000000404740100,peripheral,1.0,27,0.24782932518452172,"Нет выраженной спецроли: in=1, out=0, оборот 25k KZT. Depth=4: дальнейшие исходящие не наблюдаются.",1,0,25000.0,0.0,1,0,0.0005579900727464834,0.0,7,0.0,4,False,True
100000004268036100,peripheral,1.0,8,0.056442334864428616,"Нет выраженной спецроли: in=1, out=0, оборот 6k KZT. Depth=4: дальнейшие исходящие не наблюдаются.",1,0,5500.0,0.0,1,0,0.00028851261710781384,0.0,1,0.0,4,False,True
100000001256409100,peripheral,1.0,22,0.1335734949684601,"Нет выраженной спецроли: in=1, out=0, оборот 8k KZT. Depth=4: дальнейшие исходящие не наблюдаются.",1,0,8000.0,0.0,1,0,0.0005471647850140195,0.0,1,0.0,4,False,True
100000005360814100,peripheral,1.0,9,0.29274372195054194,"Нет выраженной спецроли: in=1, out=0, оборот 144k KZT. Depth=4: дальнейшие исходящие не наблюдаются.",1,0,144000.0,0.0,3,0,0.0004336887325641272,0.0,7,0.0,4,False,True
100000002369454100,peripheral,1.0,9,0.23477327536245768,"Нет выраженной спецроли: in=1, out=0, оборот 25k KZT. Depth=4: дальнейшие исходящие не наблюдаются.",1,0,25000.0,0.0,1,0,0.00042888184355224774,0.0,7,0.0,4,False,True
100000004272302100,peripheral,1.0,46,0.14151379662137245,"Нет выраженной спецроли: in=1, out=0, оборот 10k KZT. Depth=4: дальнейшие исходящие не наблюдаются.",1,0,10000.0,0.0,1,0,0.00028773614997434693,0.0,7,0.0,4,False,True
100000008727982100,peripheral,1.0,6,0.16649589525967154,"Нет выраженной спецроли: in=1, out=0, оборот 30k KZT. Depth=4: дальнейшие исходящие не наблюдаются.",1,0,30000.0,0.0,2,0,0.0005138489258762212,0.0,1,0.0,4,False,True
100000000600707100,peripheral,1.0,37,0.21098532926531371,"Нет выраженной спецроли: in=1, out=0, оборот 89k KZT. Depth=4: дальнейшие исходящие не наблюдаются.",1,0,89000.0,0.0,2,0,0.0005701602511841814,0.0,1,0.0,4,False,True
100000004500781100,peripheral,1.0,16,0.29022968824090084,"Нет выраженной спецроли: in=1, out=0, оборот 74k KZT. Depth=4: дальнейшие исходящие не наблюдаются.",1,0,74000.0,0.0,5,0,0.0006807503625850068,0.0,7,0.0,4,False,True
100000008703533100,peripheral,1.0,11,0.290087674762792,"Нет выраженной спецроли: in=1, out=0, оборот 75k KZT. Depth=4: дальнейшие исходящие не наблюдаются.",1,0,75000.0,0.0,1,0,0.00029552677799059583,0.0,8,0.0,4,False,True
100000004549591100,peripheral,1.0,38,0.25984060004885456,"Нет выраженной спецроли: in=1, out=0, оборот 49k KZT. Depth=4: дальнейшие исходящие не наблюдаются.",1,0,49000.0,0.0,1,0,0.000444321168333405,0.0,7,0.0,4,False,True
100000002700161100,peripheral,1.0,50,0.3557796252568457,"Нет выраженной спецроли: in=1, out=0, оборот 39k KZT. Depth=4: дальнейшие исходящие не наблюдаются.",1,0,39000.0,0.0,1,0,0.0009026643078152162,0.0,10,0.0,4,False,True
100000003134550100,peripheral,1.0,11,0.3051772055196065,"Нет выраженной спецроли: in=1, out=0, оборот 100k KZT. Depth=4: дальнейшие исходящие не наблюдаются.",1,0,100000.0,0.0,1,0,0.0002988459392483642,0.0,8,0.0,4,False,True
100000001957974100,peripheral,1.0,16,0.30750935181504246,"Нет выраженной спецроли: in=1, out=0, оборот 500k KZT. Depth=4: дальнейшие исходящие не наблюдаются.",1,0,500000.0,0.0,1,0,0.00032013746769043517,0.0,7,0.0,4,False,True
100000001246806100,peripheral,1.0,10,0.3717171057988438,"Нет выраженной спецроли: in=1, out=0, оборот 130k KZT. Depth=4: дальнейшие исходящие не наблюдаются.",1,0,130000.0,0.0,1,0,0.0005329767614424807,0.0,9,0.0,4,False,True
100000003622955100,peripheral,1.0,13,0.3303692110947731,"Нет выраженной спецроли: in=1, out=0, оборот 15k KZT. Depth=4: дальнейшие исходящие не наблюдаются.",1,0,15000.0,0.0,1,0,0.001334263775828019,0.0,11,0.0,4,False,True
100000003692843100,peripheral,1.0,63,0.33306938304363864,"Нет выраженной спецроли: in=1, out=0, оборот 510k KZT. Depth=4: дальнейшие исходящие не наблюдаются.",1,0,510000.0,0.0,2,0,0.0005294957412060607,0.0,7,0.0,4,False,True
100000008629504100,peripheral,1.0,1,0.19409913642394255,"Нет выраженной спецроли: in=1, out=0, оборот 20k KZT. Depth=4: дальнейшие исходящие не наблюдаются.",1,0,20000.0,0.0,1,0,0.00030201034173378495,0.0,7,0.0,4,False,True
100000005621418100,peripheral,1.0,28,0.21493895575789218,"Нет выраженной спецроли: in=1, out=0, оборот 30k KZT. Depth=4: дальнейшие исходящие не наблюдаются.",1,0,30000.0,0.0,1,0,0.00030782638639647333,0.0,7,0.0,4,False,True
100000004167082100,peripheral,1.0,15,0.2087021572637619,"Нет выраженной спецроли: in=1, out=0, оборот 13k KZT. Depth=4: дальнейшие исходящие не наблюдаются.",1,0,13300.0,0.0,1,0,0.00038491480925942914,0.0,7,0.0,4,False,True
100000004379306100,peripheral,1.0,9,0.22431938903071613,"Нет выраженной спецроли: in=1, out=0, оборот 15k KZT. Depth=4: дальнейшие исходящие не наблюдаются.",1,0,15000.0,0.0,1,0,0.0005320511103436067,0.0,7,0.0,4,False,True
100000004856746100,peripheral,1.0,47,0.19151906524956536,"Нет выраженной спецроли: in=1, out=0, оборот 20k KZT. Depth=4: дальнейшие исходящие не наблюдаются.",1,0,20000.0,0.0,1,0,0.0003000473060624518,0.0,7,0.0,4,False,True
100000004891562100,peripheral,1.0,8,0.19141051953463645,"Нет выраженной спецроли: in=1, out=0, оборот 103k KZT. Depth=4: дальнейшие исходящие не наблюдаются.",1,0,103400.0,0.0,1,0,0.0003409037645591223,0.0,1,0.0,4,False,True
100000007042175100,peripheral,1.0,1,0.2760057691478712,"Нет выраженной спецроли: in=1, out=0, оборот 60k KZT. Depth=4: дальнейшие исходящие не наблюдаются.",1,0,60000.0,0.0,1,0,0.0005340058628254453,0.0,7,0.0,4,False,True
100000002670463100,peripheral,1.0,8,0.13148466350229665,"Нет выраженной спецроли: in=1, out=0, оборот 32k KZT. Depth=4: дальнейшие исходящие не наблюдаются.",1,0,31500.0,0.0,1,0,0.0003024265071357405,0.0,1,0.0,4,False,True
100000005567828100,peripheral,1.0,8,0.26191488291671255,"Нет выраженной спецроли: in=1, out=0, оборот 94k KZT. Depth=4: дальнейшие исходящие не наблюдаются.",1,0,94000.0,0.0,1,0,0.0003207562214579207,0.0,7,0.0,4,False,True
100000004200745100,peripheral,1.0,12,0.3788790275070289,"Нет выраженной спецроли: in=1, out=0, оборот 130k KZT. Depth=4: дальнейшие исходящие не наблюдаются.",1,0,130000.0,0.0,4,0,0.0006010148962169087,0.0,9,0.0,4,False,True
100000003989033100,peripheral,1.0,8,0.25261743053792696,"Нет выраженной спецроли: in=1, out=0, оборот 373k KZT. Depth=4: дальнейшие исходящие не наблюдаются.",1,0,373400.0,0.0,13,0,0.0005989171063455111,0.0,1,0.0,4,False,True
100000005146665100,peripheral,1.0,56,0.13024126724877028,"Нет выраженной спецроли: in=1, out=0, оборот 6k KZT. Depth=4: дальнейшие исходящие не наблюдаются.",1,0,5500.0,0.0,1,0,0.00028645375249411193,0.0,7,0.0,4,False,True
100000003096787100,peripheral,1.0,8,0.16932227480206724,"Нет выраженной спецроли: in=1, out=0, оборот 16k KZT. Depth=4: дальнейшие исходящие не наблюдаются.",1,0,16400.0,0.0,1,0,0.00029170829003374117,0.0,7,0.0,4,False,True
100000003074515100,peripheral,1.0,10,0.3079391641081889,"Нет выраженной спецроли: in=1, out=0, оборот 105k KZT. Depth=4: дальнейшие исходящие не наблюдаются.",1,0,105000.0,0.0,1,0,0.00029938285450538176,0.0,8,0.0,4,False,True
100000004377043100,peripheral,1.0,29,0.1926329011461661,"Нет выраженной спецроли: in=1, out=0, оборот 6k KZT. Depth=4: дальнейшие исходящие не наблюдаются.",1,0,5700.0,0.0,1,0,0.0003635495256865643,0.0,7,0.0,4,False,True
100000008680061100,peripheral,1.0,5,0.2274387162747925,"Нет выраженной спецроли: in=1, out=0, оборот 41k KZT. Depth=4: дальнейшие исходящие не наблюдаются.",1,0,41300.0,0.0,2,0,0.0003106855908070421,0.0,7,0.0,4,False,True
100000008471634100,peripheral,1.0,27,0.2492147947869319,"Нет выраженной спецроли: in=1, out=0, оборот 20k KZT. Depth=4: дальнейшие исходящие не наблюдаются.",1,0,20000.0,0.0,1,0,0.0011246149928916334,0.0,7,0.0,4,False,True
100000002119762100,peripheral,1.0,5,0.2801192506094845,"Нет выраженной спецроли: in=1, out=0, оборот 77k KZT. Depth=4: дальнейшие исходящие не наблюдаются.",1,0,77000.0,0.0,6,0,0.0005295245957280118,0.0,7,0.0,4,False,True
100000008628818100,peripheral,1.0,8,0.22491216957319324,"Нет выраженной спецроли: in=1, out=0, оборот 46k KZT. Depth=4: дальнейшие исходящие не наблюдаются.",1,0,46310.0,0.0,1,0,0.00030290447081849904,0.0,7,0.0,4,False,True
100000007510567100,peripheral,1.0,8,0.2329607774579348,"Нет выраженной спецроли: in=1, out=0, оборот 52k KZT. Depth=4: дальнейшие исходящие не наблюдаются.",1,0,52000.0,0.0,1,0,0.00030503440290359675,0.0,7,0.0,4,False,True
100000004780327100,peripheral,1.0,8,0.0802478530340114,"Нет выраженной спецроли: in=1, out=0, оборот 12k KZT. Depth=4: дальнейшие исходящие не наблюдаются.",1,0,12000.0,0.0,1,0,0.00029199108961479553,0.0,1,0.0,4,False,True
100000008376785100,peripheral,1.0,5,0.31450746708304794,"Нет выраженной спецроли: in=1, out=0, оборот 234k KZT. Depth=4: дальнейшие исходящие не наблюдаются.",1,0,234250.0,0.0,2,0,0.0005318070054641103,0.0,7,0.0,4,False,True
100000005745873100,peripheral,1.0,40,0.2844922120095985,"Нет выраженной спецроли: in=1, out=0, оборот 223k KZT. Depth=4: дальнейшие исходящие не наблюдаются.",1,0,223000.0,0.0,1,0,0.0003163211975392906,0.0,7,0.0,4,False,True
100000002594214100,peripheral,1.0,39,0.3287525205596241,"Нет выраженной спецроли: in=1, out=0, оборот 1.0m KZT. Depth=4: дальнейшие исходящие не наблюдаются.",1,0,1000000.0,0.0,1,0,0.00036705924336221985,0.0,7,0.0,4,False,True
100000001299323100,peripheral,1.0,10,0.3097589961826394,"Нет выраженной спецроли: in=1, out=0, оборот 109k KZT. Depth=4: дальнейшие исходящие не наблюдаются.",1,0,109000.0,0.0,1,0,0.0002999090853734995,0.0,8,0.0,4,False,True
100000003838587100,peripheral,1.0,16,0.21333334131610335,"Нет выраженной спецроли: in=1, out=0, оборот 6k KZT. Depth=4: дальнейшие исходящие не наблюдаются.",1,0,6000.0,0.0,1,0,0.0005550324069085224,0.0,7,0.0,4,False,True
100000000673915100,peripheral,1.0,36,0.1620084609379116,"Нет выраженной спецроли: in=1, out=0, оборот 20k KZT. Depth=4: дальнейшие исходящие не наблюдаются.",1,0,20200.0,0.0,1,0,0.0002875765133018172,0.0,7,0.0,4,False,True
100000003061115100,peripheral,1.0,1,0.2639491721069244,"Нет выраженной спецроли: in=1, out=0, оборот 45k KZT. Depth=4: дальнейшие исходящие не наблюдаются.",1,0,45000.0,0.0,1,0,0.0005339039923107205,0.0,7,0.0,4,False,True
100000004326224100,peripheral,1.0,5,0.2761837050909317,"Нет выраженной спецроли: in=1, out=0, оборот 60k KZT. Depth=4: дальнейшие исходящие не наблюдаются.",1,0,60000.0,0.0,1,0,0.0005348779091078309,0.0,7,0.0,4,False,True
100000004988240100,peripheral,1.0,1,0.23297813998266143,"Нет выраженной спецроли: in=1, out=0, оборот 20k KZT. Depth=4: дальнейшие исходящие не наблюдаются.",1,0,20000.0,0.0,1,0,0.0005299271891403068,0.0,7,0.0,4,False,True
100000008525136100,peripheral,1.0,1,0.15216241264853939,"Нет выраженной спецроли: in=1, out=0, оборот 14k KZT. Depth=4: дальнейшие исходящие не наблюдаются.",1,0,14100.0,0.0,1,0,0.0002885216550484359,0.0,7,0.0,4,False,True
100000001991973100,peripheral,1.0,8,0.10784121552042072,"Нет выраженной спецроли: in=1, out=0, оборот 21k KZT. Depth=4: дальнейшие исходящие не наблюдаются.",1,0,20800.0,0.0,1,0,0.00029670040623963227,0.0,1,0.0,4,False,True
100000004569637100,peripheral,1.0,9,0.21226973699965995,"Нет выраженной спецроли: in=1, out=0, оборот 6k KZT. Depth=4: дальнейшие исходящие не наблюдаются.",1,0,5500.0,0.0,1,0,0.0005531603067223192,0.0,7,0.0,4,False,True
100000008675322100,peripheral,1.0,36,0.29664579970591476,"Нет выраженной спецроли: in=1, out=0, оборот 340k KZT. Depth=4: дальнейшие исходящие не наблюдаются.",1,0,340000.0,0.0,4,0,0.0003193541698974364,0.0,7,0.0,4,False,True
100000004235471100,peripheral,1.0,5,0.2890684945613388,"Нет выраженной спецроли: in=1, out=0, оборот 180k KZT. Depth=4: дальнейшие исходящие не наблюдаются.",1,0,180000.0,0.0,1,0,0.00034861353029746133,0.0,7,0.0,4,False,True
100000003194831100,peripheral,1.0,8,0.06695306849695616,"Нет выраженной спецроли: in=1, out=0, оборот 6k KZT. Depth=4: дальнейшие исходящие не наблюдаются.",1,0,6265.0,0.0,1,0,0.00029082672336293444,0.0,1,0.0,4,False,True
100000008588665100,peripheral,1.0,1,0.2249645565012477,"Нет выраженной спецроли: in=1, out=0, оборот 25k KZT. Depth=4: дальнейшие исходящие не наблюдаются.",1,0,25000.0,0.0,1,0,0.0003524909066556901,0.0,7,0.0,4,False,True
100000003230329100,peripheral,1.0,10,0.31028424249100744,"Нет выраженной спецроли: in=1, out=0, оборот 110k KZT. Depth=4: дальнейшие исходящие не наблюдаются.",1,0,110000.0,0.0,1,0,0.00030004064309052897,0.0,8,0.0,4,False,True
100000002217806100,peripheral,1.0,38,0.2670006657630171,"Нет выраженной спецроли: in=1, out=0, оборот 55k KZT. Depth=4: дальнейшие исходящие не наблюдаются.",1,0,55000.0,0.0,2,0,0.0004637601733272149,0.0,7,0.0,4,False,True
100000004041294100,peripheral,1.0,27,0.18897330002921695,"Нет выраженной спецроли: in=1, out=0, оборот 18k KZT. Depth=4: дальнейшие исходящие не наблюдаются.",1,0,17800.0,0.0,2,0,0.0003008542855735774,0.0,7,0.0,4,False,True
100000008583971100,consolidator,0.6489093962438255,1,0.42769580195223583,"Консолидация: 2 плательщиков, 7 seed-маршрутов, вход 51k KZT. Depth=4: дальнейшие исходящие не наблюдаются.",2,0,51000.0,0.0,2,0,0.00032971602313587925,0.0,7,0.0,4,False,True
100000008251939100,peripheral,1.0,8,0.22200250978288463,"Нет выраженной спецроли: in=1, out=0, оборот 44k KZT. Depth=4: дальнейшие исходящие не наблюдаются.",1,0,44360.0,0.0,1,0,0.00030217452924276257,0.0,7,0.0,4,False,True
100000004049912100,peripheral,1.0,20,0.1903572129914792,"Нет выраженной спецроли: in=1, out=0, оборот 10k KZT. Depth=4: дальнейшие исходящие не наблюдаются.",1,0,10000.0,0.0,1,0,0.0003245564257590689,0.0,7,0.0,4,False,True
100000002227960100,peripheral,1.0,23,0.1714292770484187,"Нет выраженной спецроли: in=1, out=0, оборот 10k KZT. Depth=4: дальнейшие исходящие не наблюдаются.",1,0,10000.0,0.0,1,0,0.00029943768321597685,0.0,7,0.0,4,False,True
100000008677368100,peripheral,1.0,6,0.2223490418281182,"Нет выраженной спецроли: in=1, out=0, оборот 14k KZT. Depth=4: дальнейшие исходящие не наблюдаются.",1,0,13500.0,0.0,1,0,0.0005340288694748735,0.0,7,0.0,4,False,True
100000008631800100,peripheral,1.0,8,0.08308453034969324,"Нет выраженной спецроли: in=1, out=0, оборот 13k KZT. Depth=4: дальнейшие исходящие не наблюдаются.",1,0,12850.0,0.0,1,0,0.00029244596678878543,0.0,1,0.0,4,False,True
100000003220685100,peripheral,1.0,5,0.34744429623101497,"Нет выраженной спецроли: in=1, out=0, оборот 1.3m KZT. Depth=4: дальнейшие исходящие не наблюдаются.",1,0,1306000.0,0.0,2,0,0.0005375987236644607,0.0,7,0.0,4,False,True
100000003072205100,consolidator,0.7787937620788338,10,0.5502193641581273,"Консолидация: 2 плательщиков, 8 seed-маршрутов, вход 163k KZT. Depth=4: дальнейшие исходящие не наблюдаются.",2,0,163000.0,0.0,2,0,0.0003189739255881062,0.0,8,0.0,4,False,True
100000001202637100,peripheral,1.0,8,0.29235899235090984,"Нет выраженной спецроли: in=1, out=0, оборот 10k KZT. Depth=4: дальнейшие исходящие не наблюдаются.",1,0,10000.0,0.0,1,0,0.0005487659443752247,0.0,9,0.0,4,False,True
100000002835874100,peripheral,1.0,10,0.27890123956452395,"Нет выраженной спецроли: in=1, out=0, оборот 59k KZT. Depth=4: дальнейшие исходящие не наблюдаются.",1,0,58700.0,0.0,1,0,0.00029329173220691884,0.0,8,0.0,4,False,True
100000002707106100,peripheral,1.0,16,0.14713967372822503,"Нет выраженной спецроли: in=1, out=0, оборот 15k KZT. Depth=4: дальнейшие исходящие не наблюдаются.",1,0,15000.0,0.0,2,0,0.00028660633942148524,0.0,7,0.0,4,False,True
100000008343415100,peripheral,1.0,22,0.2836469564092862,"Нет выраженной спецроли: in=1, out=0, оборот 100k KZT. Depth=4: дальнейшие исходящие не наблюдаются.",1,0,100000.0,0.0,3,0,0.0004339920196479948,0.0,7,0.0,4,False,True
100000004981068100,peripheral,1.0,3,0.20210098523347209,"Нет выраженной спецроли: in=1, out=0, оборот 10k KZT. Depth=4: дальнейшие исходящие не наблюдаются.",1,0,10000.0,0.0,1,0,0.0003788472368268382,0.0,7,0.0,4,False,True
100000004241142100,peripheral,1.0,1,0.24569571037871857,"Нет выраженной спецроли: in=1, out=0, оборот 27k KZT. Depth=4: дальнейшие исходящие не наблюдаются.",1,0,27102.0,0.0,1,0,0.0005301329725055737,0.0,7,0.0,4,False,True
100000008190411100,peripheral,1.0,51,0.30143384518854505,"Нет выраженной спецроли: in=1, out=0, оборот 198k KZT. Depth=4: дальнейшие исходящие не наблюдаются.",1,0,198450.0,0.0,12,0,0.0004241348636842565,0.0,7,0.0,4,False,True
100000008699083100,peripheral,1.0,14,0.3382904139704861,"Нет выраженной спецроли: in=1, out=0, оборот 238k KZT. Depth=4: дальнейшие исходящие не наблюдаются.",1,0,238500.0,0.0,1,0,0.00030640170893457883,0.0,8,0.0,4,False,True
100000008136608100,peripheral,1.0,8,0.31204677823386007,"Нет выраженной спецроли: in=1, out=0, оборот 170k KZT. Depth=4: дальнейшие исходящие не наблюдаются.",1,0,170000.0,0.0,1,0,0.0005643778935793362,0.0,7,0.0,4,False,True
100000008695157100,peripheral,1.0,9,0.3260204973585014,"Нет выраженной спецроли: in=1, out=0, оборот 426k KZT. Depth=4: дальнейшие исходящие не наблюдаются.",1,0,425546.0,0.0,3,0,0.0004975174254247276,0.0,7,0.0,4,False,True
100000000369781100,peripheral,1.0,5,0.20595762107068108,"Нет выраженной спецроли: in=1, out=0, оборот 5k KZT. Depth=4: дальнейшие исходящие не наблюдаются.",1,0,5000.0,0.0,1,0,0.0005324777910582564,0.0,7,0.0,4,False,True
100000003133045100,peripheral,1.0,51,0.2559707926411633,"Нет выраженной спецроли: in=1, out=0, оборот 68k KZT. Depth=4: дальнейшие исходящие не наблюдаются.",1,0,68000.0,0.0,1,0,0.00033304955989506193,0.0,7,0.0,4,False,True
100000002474570100,peripheral,1.0,8,0.06140681952074642,"Нет выраженной спецроли: in=1, out=0, оборот 7k KZT. Depth=4: дальнейшие исходящие не наблюдаются.",1,0,6750.0,0.0,1,0,0.0002891815541283873,0.0,1,0.0,4,False,True
100000002514975100,peripheral,1.0,28,0.23012212440668062,"Нет выраженной спецроли: in=1, out=0, оборот 18k KZT. Depth=4: дальнейшие исходящие не наблюдаются.",1,0,17920.0,0.0,1,0,0.0005310425183631422,0.0,7,0.0,4,False,True
100000001089055100,peripheral,1.0,17,0.19724354952271017,"Нет выраженной спецроли: in=1, out=0, оборот 13k KZT. Depth=4: дальнейшие исходящие не наблюдаются.",1,0,13000.0,0.0,1,0,0.00032930768290614026,0.0,7,0.0,4,False,True
100000000608031100,peripheral,1.0,17,0.2517716959714153,"Нет выраженной спецроли: in=1, out=0, оборот 30k KZT. Depth=4: дальнейшие исходящие не наблюдаются.",1,0,30000.0,0.0,1,0,0.0005386366709608574,0.0,7,0.0,4,False,True
100000002659103100,peripheral,1.0,44,0.28703654033134884,"Нет выраженной спецроли: in=1, out=0, оборот 165k KZT. Depth=4: дальнейшие исходящие не наблюдаются.",1,0,165000.0,0.0,1,0,0.00034971052425683584,0.0,7,0.0,4,False,True
100000000733940100,peripheral,1.0,32,0.3304002241561813,"Нет выраженной спецроли: in=1, out=0, оборот 752k KZT. Depth=4: дальнейшие исходящие не наблюдаются.",1,0,752000.0,0.0,2,0,0.0004111852101832481,0.0,7,0.0,4,False,True
100000001537524100,peripheral,1.0,14,0.31562100362577417,"Нет выраженной спецроли: in=1, out=0, оборот 150k KZT. Depth=4: дальнейшие исходящие не наблюдаются.",1,0,150000.0,0.0,1,0,0.0002986714418382267,0.0,8,0.0,4,False,True
100000002971593100,peripheral,1.0,5,0.2656246557430442,"Нет выраженной спецроли: in=1, out=0, оборот 49k KZT. Depth=4: дальнейшие исходящие не наблюдаются.",1,0,49050.0,0.0,1,0,0.000530380154395715,0.0,7,0.0,4,False,True
100000006918814100,peripheral,1.0,3,0.19641230368372903,"Нет выраженной спецроли: in=1, out=0, оборот 20k KZT. Depth=4: дальнейшие исходящие не наблюдаются.",1,0,20000.0,0.0,2,0,0.0003043279710896785,0.0,7,0.0,4,False,True
100000007381662100,peripheral,1.0,3,0.17067583328144534,"Нет выраженной спецроли: in=1, out=0, оборот 11k KZT. Depth=4: дальнейшие исходящие не наблюдаются.",1,0,11000.0,0.0,1,0,0.0002968339281028911,0.0,7,0.0,4,False,True
100000003199390100,peripheral,1.0,5,0.3042350191346997,"Нет выраженной спецроли: in=1, out=0, оборот 260k KZT. Depth=4: дальнейшие исходящие не наблюдаются.",1,0,260000.0,0.0,1,0,0.0003766331907775371,0.0,7,0.0,4,False,True
100000007749747100,peripheral,1.0,11,0.3205640545446708,"Нет выраженной спецроли: in=1, out=0, оборот 50k KZT. Depth=4: дальнейшие исходящие не наблюдаются.",1,0,50000.0,0.0,1,0,0.000443621967101852,0.0,8,0.0,4,False,True
100000003447411100,peripheral,1.0,9,0.28496309565433964,"Нет выраженной спецроли: in=1, out=0, оборот 302k KZT. Depth=4: дальнейшие исходящие не наблюдаются.",1,0,302000.0,0.0,3,0,0.000305818442968074,0.0,7,0.0,4,False,True
100000000500040100,peripheral,1.0,3,0.19770233927091765,"Нет выраженной спецроли: in=1, out=0, оборот 20k KZT. Depth=4: дальнейшие исходящие не наблюдаются.",1,0,20000.0,0.0,1,0,0.00030605044673656407,0.0,7,0.0,4,False,True
100000008551752100,peripheral,1.0,40,0.308552001360264,"Нет выраженной спецроли: in=1, out=0, оборот 406k KZT. Depth=4: дальнейшие исходящие не наблюдаются.",1,0,406000.0,0.0,2,0,0.0003415570643909764,0.0,7,0.0,4,False,True
100000002876914100,peripheral,1.0,8,0.0802478530340114,"Нет выраженной спецроли: in=1, out=0, оборот 12k KZT. Depth=4: дальнейшие исходящие не наблюдаются.",1,0,12000.0,0.0,1,0,0.00029199108961479553,0.0,1,0.0,4,False,True
100000004571634100,peripheral,1.0,13,0.2794639051072166,"Нет выраженной спецроли: in=1, out=0, оборот 20k KZT. Depth=4: дальнейшие исходящие не наблюдаются.",1,0,20000.0,0.0,1,0,0.0003741773489468036,0.0,8,0.0,4,False,True
100000004610802100,peripheral,1.0,59,0.31085918154255854,"Нет выраженной спецроли: in=1, out=0, оборот 241k KZT. Depth=4: дальнейшие исходящие не наблюдаются.",1,0,241000.0,0.0,18,0,0.00047395222486411233,0.0,7,0.0,4,False,True
100000001311175100,peripheral,1.0,14,0.2687207531264519,"Нет выраженной спецроли: in=1, out=0, оборот 300k KZT. Depth=4: дальнейшие исходящие не наблюдаются.",1,0,300000.0,0.0,1,0,0.0005315144876960898,0.0,2,0.0,4,False,True
100000008740295100,peripheral,1.0,10,0.3555090093542099,"Нет выраженной спецроли: in=1, out=0, оборот 300k KZT. Depth=4: дальнейшие исходящие не наблюдаются.",1,0,300000.0,0.0,1,0,0.000325036609326122,0.0,8,0.0,4,False,True
100000002596039100,peripheral,1.0,9,0.2814164108188885,"Нет выраженной спецроли: in=1, out=0, оборот 280k KZT. Depth=4: дальнейшие исходящие не наблюдаются.",1,0,280000.0,0.0,1,0,0.00030434333941669245,0.0,7,0.0,4,False,True
100000002126791100,peripheral,1.0,10,0.4253585660709924,"Нет выраженной спецроли: in=1, out=0, оборот 1.3m KZT. Depth=4: дальнейшие исходящие не наблюдаются.",1,0,1313000.0,0.0,3,0,0.000571680600606073,0.0,9,0.0,4,False,True
100000005783452100,consolidator,0.7961385238576125,14,0.5672513919075833,"Консолидация: 2 плательщиков, 8 seed-маршрутов, вход 286k KZT. Depth=4: дальнейшие исходящие не наблюдаются.",2,0,286500.0,0.0,2,0,0.0003144185669015849,0.0,8,0.0,4,False,True
100000006693788100,peripheral,1.0,1,0.2179144135298372,"Нет выраженной спецроли: in=1, out=0, оборот 11k KZT. Depth=4: дальнейшие исходящие не наблюдаются.",1,0,10764.0,0.0,1,0,0.0005320949120369108,0.0,7,0.0,4,False,True
100000002832753100,peripheral,1.0,2,0.23147969422797834,"Нет выраженной спецроли: in=1, out=0, оборот 12k KZT. Depth=4: дальнейшие исходящие не наблюдаются.",1,0,12500.0,0.0,1,0,0.0007555331214190867,0.0,7,0.0,4,False,True
100000002981489100,peripheral,1.0,5,0.1441383517815148,"Нет выраженной спецроли: in=1, out=0, оборот 10k KZT. Depth=4: дальнейшие исходящие не наблюдаются.",1,0,10000.0,0.0,1,0,0.00028833129648364,0.0,7,0.0,4,False,True
100000003084870100,peripheral,1.0,14,0.1380840992801138,"Нет выраженной спецроли: in=1, out=0, оборот 6k KZT. Depth=4: дальнейшие исходящие не наблюдаются.",1,0,6500.0,0.0,1,0,0.00034517865606512906,0.0,2,0.0,4,False,True
100000002791494100,peripheral,1.0,8,0.2570736123151789,"Нет выраженной спецроли: in=1, out=0, оборот 86k KZT. Depth=4: дальнейшие исходящие не наблюдаются.",1,0,85860.0,0.0,1,0,0.00031770918329048745,0.0,7,0.0,4,False,True
100000003345947100,peripheral,1.0,9,0.27830965643754524,"Нет выраженной спецроли: in=1, out=0, оборот 80k KZT. Depth=4: дальнейшие исходящие не наблюдаются.",1,0,79500.0,0.0,6,0,0.000494765923207766,0.0,7,0.0,4,False,True
100000002733083100,peripheral,1.0,8,0.16565297461958112,"Нет выраженной спецроли: in=1, out=0, оборот 15k KZT. Depth=4: дальнейшие исходящие не наблюдаются.",1,0,15200.0,0.0,1,0,0.00029125909521790337,0.0,7,0.0,4,False,True
100000003247600100,peripheral,1.0,3,0.2865838574021831,"Нет выраженной спецроли: in=1, out=0, оборот 58k KZT. Depth=4: дальнейшие исходящие не наблюдаются.",1,0,58000.0,0.0,1,0,0.0008412090951663764,0.0,7,0.0,4,False,True
100000001378288100,peripheral,1.0,9,0.3164076457374403,"Нет выраженной спецроли: in=1, out=0, оборот 268k KZT. Depth=4: дальнейшие исходящие не наблюдаются.",1,0,268000.0,0.0,3,0,0.0005234508868762802,0.0,7,0.0,4,False,True
100000002305477100,peripheral,1.0,23,0.20330732147732333,"Нет выраженной спецроли: in=1, out=0, оборот 20k KZT. Depth=4: дальнейшие исходящие не наблюдаются.",1,0,20000.0,0.0,1,0,0.0003133060722146628,0.0,7,0.0,4,False,True
100000006638021100,consolidator,0.874936964216001,18,0.6415737442702583,"Консолидация: 2 плательщиков, 9 seed-маршрутов, вход 388k KZT. Depth=4: дальнейшие исходящие не наблюдаются.",2,0,388500.0,0.0,2,0,0.000544485696289975,0.0,9,0.0,4,False,True
100000008517061100,peripheral,1.0,16,0.34008839321209106,"Нет выраженной спецроли: in=1, out=0, оборот 1.8m KZT. Depth=4: дальнейшие исходящие не наблюдаются.",1,0,1844000.0,0.0,4,0,0.00041305671798624714,0.0,7,0.0,4,False,True
100000005910895100,peripheral,1.0,13,0.27331661342159086,"Нет выраженной спецроли: in=1, out=0, оборот 5k KZT. Depth=4: дальнейшие исходящие не наблюдаются.",1,0,5100.0,0.0,1,0,0.0005976000607837528,0.0,8,0.0,4,False,True
100000002723439100,peripheral,1.0,13,0.2945948065695004,"Нет выраженной спецроли: in=1, out=0, оборот 18k KZT. Depth=4: дальнейшие исходящие не наблюдаются.",1,0,18000.0,0.0,2,0,0.0005526233540248644,0.0,8,0.0,4,False,True
100000002320495100,peripheral,1.0,17,0.2227277244794835,"Нет выраженной спецроли: in=1, out=0, оборот 14k KZT. Depth=4: дальнейшие исходящие не наблюдаются.",1,0,13526.27,0.0,1,0,0.0005354179344206217,0.0,7,0.0,4,False,True
100000002229615100,peripheral,1.0,23,0.2534343073909274,"Нет выраженной спецроли: in=1, out=0, оборот 25k KZT. Depth=4: дальнейшие исходящие не наблюдаются.",1,0,25000.0,0.0,1,0,0.0007184983881728359,0.0,7,0.0,4,False,True
100000008327791100,peripheral,1.0,17,0.21965270160884748,"Нет выраженной спецроли: in=1, out=0, оборот 11k KZT. Depth=4: дальнейшие исходящие не наблюдаются.",1,0,11000.0,0.0,1,0,0.0005367685704661637,0.0,7,0.0,4,False,True
100000002208836100,peripheral,1.0,5,0.2633258574692384,"Нет выраженной спецроли: in=1, out=0, оборот 90k KZT. Depth=4: дальнейшие исходящие не наблюдаются.",1,0,90000.0,0.0,1,0,0.0003298185449195238,0.0,7,0.0,4,False,True
100000001724740100,peripheral,1.0,10,0.38287893410861995,"Нет выраженной спецроли: in=1, out=0, оборот 185k KZT. Depth=4: дальнейшие исходящие не наблюдаются.",1,0,185000.0,0.0,4,0,0.0005364804152149869,0.0,9,0.0,4,False,True
100000004386286100,peripheral,1.0,12,0.3007857440500424,"Нет выраженной спецроли: in=1, out=0, оборот 12k KZT. Depth=4: дальнейшие исходящие не наблюдаются.",1,0,12500.0,0.0,1,0,0.0005972866869113222,0.0,9,0.0,4,False,True
100000001714883100,peripheral,1.0,8,0.062108864227451474,"Нет выраженной спецроли: in=1, out=0, оборот 7k KZT. Depth=4: дальнейшие исходящие не наблюдаются.",1,0,6900.0,0.0,1,0,0.00028926182657085605,0.0,1,0.0,4,False,True
100000008337304100,peripheral,1.0,9,0.2754669920443714,"Нет выраженной спецроли: in=1, out=0, оборот 105k KZT. Depth=4: дальнейшие исходящие не наблюдаются.",1,0,105465.0,0.0,2,0,0.00035426504692391266,0.0,7,0.0,4,False,True
100000000655469100,peripheral,1.0,23,0.21505109371931624,"Нет выраженной спецроли: in=1, out=0, оборот 20k KZT. Depth=4: дальнейшие исходящие не наблюдаются.",1,0,20000.0,0.0,2,0,0.0003454311507267085,0.0,7,0.0,4,False,True
100000008722541100,peripheral,1.0,5,0.30646089480465366,"Нет выраженной спецроли: in=1, out=0, оборот 280k KZT. Depth=4: дальнейшие исходящие не наблюдаются.",1,0,280000.0,0.0,4,0,0.000383638105897556,0.0,7,0.0,4,False,True
100000004222274100,peripheral,1.0,1,0.22856757973589806,"Нет выраженной спецроли: in=1, out=0, оборот 16k KZT. Depth=4: дальнейшие исходящие не наблюдаются.",1,0,15500.0,0.0,1,0,0.0005454170226679215,0.0,7,0.0,4,False,True
100000006232642100,peripheral,1.0,41,0.32330122663243654,"Нет выраженной спецроли: in=1, out=0, оборот 456k KZT. Depth=4: дальнейшие исходящие не наблюдаются.",1,0,456000.0,0.0,4,0,0.00042785609111614025,0.0,7,0.0,4,False,True
100000004066370100,peripheral,1.0,37,0.20291283294137935,"Нет выраженной спецроли: in=1, out=0, оборот 65k KZT. Depth=4: дальнейшие исходящие не наблюдаются.",1,0,65000.0,0.0,2,0,0.0005893461583954324,0.0,1,0.0,4,False,True
100000005685783100,peripheral,1.0,7,0.16398437612257705,"Нет выраженной спецроли: in=1, out=0, оборот 26k KZT. Depth=4: дальнейшие исходящие не наблюдаются.",1,0,26150.0,0.0,1,0,0.0005320610913052177,0.0,1,0.0,4,False,True
100000006171671100,peripheral,1.0,1,0.21362233754663934,"Нет выраженной спецроли: in=1, out=0, оборот 10k KZT. Depth=4: дальнейшие исходящие не наблюдаются.",1,0,10000.0,0.0,1,0,0.0005290656990407927,0.0,7,0.0,4,False,True
100000003481025100,peripheral,1.0,1,0.21190805764837176,"Нет выраженной спецроли: in=1, out=0, оборот 9k KZT. Depth=4: дальнейшие исходящие не наблюдаются.",1,0,9000.0,0.0,1,0,0.0005310260909453555,0.0,7,0.0,4,False,True
100000003646145100,peripheral,1.0,34,0.2740626032770867,"Нет выраженной спецроли: in=1, out=0, оборот 5k KZT. Depth=4: дальнейшие исходящие не наблюдаются.",1,0,5000.0,0.0,1,0,0.0006536813277109187,0.0,8,0.0,4,False,True
100000002659265100,peripheral,1.0,10,0.33211947332876723,"Нет выраженной спецроли: in=1, out=0, оборот 141k KZT. Depth=4: дальнейшие исходящие не наблюдаются.",1,0,141000.0,0.0,1,0,0.00031969973198944335,0.0,8,0.0,4,False,True
100000003289281100,peripheral,1.0,1,0.26653103940454925,"Нет выраженной спецроли: in=1, out=0, оборот 40k KZT. Depth=4: дальнейшие исходящие не наблюдаются.",1,0,40000.0,0.0,1,0,0.0005967179150727089,0.0,7,0.0,4,False,True
100000004840086100,peripheral,1.0,1,0.2930775613914926,"Нет выраженной спецроли: in=1, out=0, оборот 100k KZT. Depth=4: дальнейшие исходящие не наблюдаются.",1,0,100000.0,0.0,2,0,0.0005391572563123895,0.0,7,0.0,4,False,True
100000008554390100,peripheral,1.0,8,0.08608944454289862,"Нет выраженной спецроли: in=1, out=0, оборот 14k KZT. Depth=4: дальнейшие исходящие не наблюдаются.",1,0,14000.0,0.0,1,0,0.00029306138884771293,0.0,1,0.0,4,False,True
100000004691350100,peripheral,1.0,49,0.23454735299329926,"Нет выраженной спецроли: in=1, out=0, оборот 13k KZT. Depth=4: дальнейшие исходящие не наблюдаются.",1,0,13300.0,0.0,1,0,0.0008870591048616337,0.0,7,0.0,4,False,True
100000004652395100,consolidator,0.7105665598190636,1,0.47304146896383276,"Консолидация: 3 плательщиков, 7 seed-маршрутов, вход 102k KZT. Depth=4: дальнейшие исходящие не наблюдаются.",3,0,101528.0,0.0,5,0,0.00033570670989277517,0.0,7,0.0,4,False,True
100000004979264100,peripheral,1.0,11,0.3086756345104726,"Нет выраженной спецроли: in=1, out=0, оборот 40k KZT. Depth=4: дальнейшие исходящие не наблюдаются.",1,0,39800.0,0.0,1,0,0.00041137922183340155,0.0,8,0.0,4,False,True
100000008074304100,peripheral,1.0,5,0.1853569256117596,"Нет выраженной спецроли: in=1, out=0, оборот 6k KZT. Depth=4: дальнейшие исходящие не наблюдаются.",1,0,5500.0,0.0,1,0,0.00033242119278309483,0.0,7,0.0,4,False,True
100000002227989100,peripheral,1.0,23,0.22328063108586427,"Нет выраженной спецроли: in=1, out=0, оборот 20k KZT. Depth=4: дальнейшие исходящие не наблюдаются.",1,0,20000.0,0.0,1,0,0.00039446042046132154,0.0,7,0.0,4,False,True
100000003207060100,peripheral,1.0,1,0.2629498091319696,"Нет выраженной спецроли: in=1, out=0, оборот 53k KZT. Depth=4: дальнейшие исходящие не наблюдаются.",1,0,53000.0,0.0,1,0,0.00042744311258669713,0.0,7,0.0,4,False,True
100000004601193100,peripheral,1.0,13,0.35060235986646426,"Нет выраженной спецроли: in=1, out=0, оборот 84k KZT. Depth=4: дальнейшие исходящие не наблюдаются.",1,0,84000.0,0.0,3,0,0.0006034150427286833,0.0,8,0.0,4,False,True
100000004991593100,peripheral,1.0,9,0.24566625395745822,"Нет выраженной спецроли: in=1, out=0, оборот 45k KZT. Depth=4: дальнейшие исходящие не наблюдаются.",1,0,45000.0,0.0,2,0,0.00035489105110696656,0.0,7,0.0,4,False,True
100000003128638100,peripheral,1.0,10,0.3636050947634626,"Нет выраженной спецроли: in=1, out=0, оборот 300k KZT. Depth=4: дальнейшие исходящие не наблюдаются.",1,0,300000.0,0.0,1,0,0.0003581872469239982,0.0,8,0.0,4,False,True
100000005878334100,peripheral,1.0,22,0.27085346987063125,"Нет выраженной спецроли: in=1, out=0, оборот 76k KZT. Depth=4: дальнейшие исходящие не наблюдаются.",1,0,76400.0,0.0,2,0,0.0003989642564463486,0.0,7,0.0,4,False,True
100000002878483100,peripheral,1.0,8,0.05855131284635243,"Нет выраженной спецроли: in=1, out=0, оборот 6k KZT. Depth=4: дальнейшие исходящие не наблюдаются.",1,0,6000.0,0.0,1,0,0.00028878019191604315,0.0,1,0.0,4,False,True
100000000981693100,peripheral,1.0,1,0.22648647159969926,"Нет выраженной спецроли: in=1, out=0, оборот 16k KZT. Depth=4: дальнейшие исходящие не наблюдаются.",1,0,16500.0,0.0,1,0,0.000529081521154152,0.0,7,0.0,4,False,True
100000006416061100,peripheral,1.0,9,0.24269696287532994,"Нет выраженной спецроли: in=1, out=0, оборот 30k KZT. Depth=4: дальнейшие исходящие не наблюдаются.",1,0,30000.0,0.0,1,0,0.0004348563786213132,0.0,7,0.0,4,False,True
100000008168850100,peripheral,1.0,5,0.30893912579089294,"Нет выраженной спецроли: in=1, out=0, оборот 188k KZT. Depth=4: дальнейшие исходящие не наблюдаются.",1,0,187910.0,0.0,2,0,0.0005330795799856522,0.0,7,0.0,4,False,True
100000004747154100,peripheral,1.0,51,0.25556816167983026,"Нет выраженной спецроли: in=1, out=0, оборот 67k KZT. Depth=4: дальнейшие исходящие не наблюдаются.",1,0,67000.0,0.0,1,0,0.0003323513206939182,0.0,7,0.0,4,False,True
100000008524903100,peripheral,1.0,1,0.2015880723047375,"Нет выраженной спецроли: in=1, out=0, оборот 15k KZT. Depth=4: дальнейшие исходящие не наблюдаются.",1,0,15000.0,0.0,1,0,0.0003317732501869909,0.0,7,0.0,4,False,True
100000005049404100,peripheral,1.0,5,0.2584490834981775,"Нет выраженной спецроли: in=1, out=0, оборот 98k KZT. Depth=4: дальнейшие исходящие не наблюдаются.",1,0,98000.0,0.0,2,0,0.0003126369164275119,0.0,7,0.0,4,False,True
100000002258492100,peripheral,1.0,21,0.2738964918120728,"Нет выраженной спецроли: in=1, out=0, оборот 9k KZT. Depth=4: дальнейшие исходящие не наблюдаются.",1,0,9000.0,0.0,1,0,0.0005401265380892354,0.0,8,0.0,4,False,True
100000005497148100,peripheral,1.0,5,0.23694847042144238,"Нет выраженной спецроли: in=1, out=0, оборот 24k KZT. Depth=4: дальнейшие исходящие не наблюдаются.",1,0,24000.0,0.0,2,0,0.0004900139425044355,0.0,7,0.0,4,False,True
100000004596284100,peripheral,1.0,2,0.2568873543344046,"Нет выраженной спецроли: in=1, out=0, оборот 30k KZT. Depth=4: дальнейшие исходящие не наблюдаются.",1,0,30000.0,0.0,1,0,0.0005914888430857142,0.0,7,0.0,4,False,True
100000007960337100,peripheral,1.0,9,0.21661324197851362,"Нет выраженной спецроли: in=1, out=0, оборот 36k KZT. Depth=4: дальнейшие исходящие не наблюдаются.",1,0,35500.0,0.0,1,0,0.00030276808937766193,0.0,7,0.0,4,False,True
100000003180305100,peripheral,1.0,1,0.29834870415694764,"Нет выраженной спецроли: in=1, out=0, оборот 144k KZT. Depth=4: дальнейшие исходящие не наблюдаются.",1,0,144000.0,0.0,1,0,0.0005280565512084164,0.0,7,0.0,4,False,True
100000007653094100,peripheral,1.0,15,0.2333518533597084,"Нет выраженной спецроли: in=1, out=0, оборот 16k KZT. Depth=4: дальнейшие исходящие не наблюдаются.",1,0,16000.0,0.0,1,0,0.0005754742432917503,0.0,7,0.0,4,False,True
100000008175078100,peripheral,1.0,36,0.3438923427673709,"Нет выраженной спецроли: in=1, out=0, оборот 1.8m KZT. Depth=4: дальнейшие исходящие не наблюдаются.",1,0,1846711.0,0.0,15,0,0.00046907194584128284,0.0,7,0.0,4,False,True
100000004263867100,peripheral,1.0,8,0.06864738149178813,"Нет выраженной спецроли: in=1, out=0, оборот 9k KZT. Depth=4: дальнейшие исходящие не наблюдаются.",1,0,9000.0,0.0,1,0,0.00029038564076541934,0.0,1,0.0,4,False,True
100000002194320100,peripheral,1.0,57,0.31461972478602185,"Нет выраженной спецроли: in=1, out=0, оборот 275k KZT. Depth=4: дальнейшие исходящие не наблюдаются.",1,0,275000.0,0.0,1,0,0.00048656793463182596,0.0,7,0.0,4,False,True
100000001222245100,peripheral,1.0,5,0.3330130446444395,"Нет выраженной спецроли: in=1, out=0, оборот 420k KZT. Depth=4: дальнейшие исходящие не наблюдаются.",1,0,420000.0,0.0,5,0,0.0005491629789918046,0.0,7,0.0,4,False,True
100000008151098100,peripheral,1.0,28,0.2158286354731947,"Нет выраженной спецроли: in=1, out=0, оборот 30k KZT. Depth=4: дальнейшие исходящие не наблюдаются.",1,0,30000.0,0.0,1,0,0.0003093477246134631,0.0,7,0.0,4,False,True
100000008735802100,peripheral,1.0,1,0.2819692575544944,"Нет выраженной спецроли: in=1, out=0, оборот 85k KZT. Depth=4: дальнейшие исходящие не наблюдаются.",1,0,85000.0,0.0,2,0,0.0005087033417052578,0.0,7,0.0,4,False,True
100000004047887100,peripheral,1.0,39,0.17699411590024094,"Нет выраженной спецроли: in=1, out=0, оборот 30k KZT. Depth=4: дальнейшие исходящие не наблюдаются.",1,0,30000.0,0.0,1,0,0.00028801399269163874,0.0,7,0.0,4,False,True
100000003146511100,peripheral,1.0,15,0.18301735534023364,"Нет выраженной спецроли: in=1, out=0, оборот 10k KZT. Depth=4: дальнейшие исходящие не наблюдаются.",1,0,10000.0,0.0,1,0,0.000311813667487197,0.0,7,0.0,4,False,True
100000007511780100,peripheral,1.0,33,0.3085183539847593,"Нет выраженной спецроли: in=1, out=0, оборот 155k KZT. Depth=4: дальнейшие исходящие не наблюдаются.",1,0,155000.0,0.0,2,0,0.0005577703986813199,0.0,7,0.0,4,False,True
100000007867364100,peripheral,1.0,20,0.2544439082683935,"Нет выраженной спецроли: in=1, out=0, оборот 42k KZT. Depth=4: дальнейшие исходящие не наблюдаются.",1,0,41852.0,0.0,1,0,0.0004487382371459403,0.0,7,0.0,4,False,True
100000006288612100,peripheral,1.0,12,0.2050760239099927,"Нет выраженной спецроли: in=1, out=0, оборот 31k KZT. Depth=4: дальнейшие исходящие не наблюдаются.",1,0,30805.0,0.0,3,0,0.0002976242451746879,0.0,7,0.0,4,False,True
100000006735545100,peripheral,1.0,9,0.15119783459381272,"Нет выраженной спецроли: in=1, out=0, оборот 5k KZT. Depth=4: дальнейшие исходящие не наблюдаются.",1,0,5000.0,0.0,1,0,0.0002932717116494771,0.0,7,0.0,4,False,True
100000004403641100,peripheral,1.0,14,0.32378198895503946,"Нет выраженной спецроли: in=1, out=0, оборот 172k KZT. Depth=4: дальнейшие исходящие не наблюдаются.",1,0,171500.0,0.0,1,0,0.0003005494163305608,0.0,8,0.0,4,False,True
100000003370425100,peripheral,1.0,15,0.24316497272287496,"Нет выраженной спецроли: in=1, out=0, оборот 20k KZT. Depth=4: дальнейшие исходящие не наблюдаются.",1,0,20000.0,0.0,1,0,0.000647950480560365,0.0,7,0.0,4,False,True
100000004350094100,peripheral,1.0,20,0.24788027521397815,"Нет выраженной спецроли: in=1, out=0, оборот 20k KZT. Depth=4: дальнейшие исходящие не наблюдаются.",1,0,20000.0,0.0,1,0,0.0008939457051040855,0.0,7,0.0,4,False,True
100000004911971100,peripheral,1.0,36,0.18754867494000949,"Нет выраженной спецроли: in=1, out=0, оборот 35k KZT. Depth=4: дальнейшие исходящие не наблюдаются.",1,0,35000.0,0.0,3,0,0.00028904714906671764,0.0,7,0.0,4,False,True
100000001202787100,consolidator,0.5873977432947348,1,0.37138968814307755,"Консолидация: 2 плательщиков, 7 seed-маршрутов, вход 15k KZT. Depth=4: дальнейшие исходящие не наблюдаются.",2,0,14850.0,0.0,2,0,0.00035114494940795553,0.0,7,0.0,4,False,True
100000008469048100,peripheral,1.0,1,0.32441135054099235,"Нет выраженной спецроли: in=1, out=0, оборот 265k KZT. Depth=4: дальнейшие исходящие не наблюдаются.",1,0,265200.0,0.0,7,0,0.0005788057669614711,0.0,7,0.0,4,False,True
100000002635746100,peripheral,1.0,8,0.05557091573547655,"Нет выраженной спецроли: in=1, out=0, оборот 5k KZT. Depth=4: дальнейшие исходящие не наблюдаются.",1,0,5300.0,0.0,1,0,0.0002884055871845221,0.0,1,0.0,4,False,True
100000008321975100,peripheral,1.0,23,0.1696141448297994,"Нет выраженной спецроли: in=1, out=0, оборот 6k KZT. Depth=4: дальнейшие исходящие не наблюдаются.",1,0,5900.0,0.0,1,0,0.00030322854188756906,0.0,7,0.0,4,False,True
100000003078839100,peripheral,1.0,9,0.1924951384930766,"Нет выраженной спецроли: in=1, out=0, оборот 14k KZT. Depth=4: дальнейшие исходящие не наблюдаются.",1,0,14000.0,0.0,2,0,0.0003147926722848661,0.0,7,0.0,4,False,True
100000004006327100,peripheral,1.0,11,0.384823955973427,"Нет выраженной спецроли: in=1, out=0, оборот 300k KZT. Depth=4: дальнейшие исходящие не наблюдаются.",1,0,300000.0,0.0,3,0,0.0005549673062458663,0.0,8,0.0,4,False,True
100000007865484100,peripheral,1.0,40,0.3216323886523328,"Нет выраженной спецроли: in=1, out=0, оборот 585k KZT. Depth=4: дальнейшие исходящие не наблюдаются.",1,0,584600.0,0.0,2,0,0.00036618616723092773,0.0,7,0.0,4,False,True
100000005367180100,peripheral,1.0,9,0.22253805386453882,"Нет выраженной спецроли: in=1, out=0, оборот 8k KZT. Depth=4: дальнейшие исходящие не наблюдаются.",1,0,7700.0,0.0,1,0,0.0007828047220453434,0.0,7,0.0,4,False,True
100000001669260100,peripheral,1.0,22,0.25839903153034494,"Нет выраженной спецроли: in=1, out=0, оборот 500k KZT. Depth=4: дальнейшие исходящие не наблюдаются.",1,0,500000.0,0.0,1,0,0.000560115378020431,0.0,1,0.0,4,False,True
100000001297206100,peripheral,1.0,1,0.16435473673622852,"Нет выраженной спецроли: in=1, out=0, оборот 7k KZT. Depth=4: дальнейшие исходящие не наблюдаются.",1,0,6758.0,0.0,1,0,0.00029851097242758,0.0,7,0.0,4,False,True
100000002645046100,peripheral,1.0,8,0.0802478530340114,"Нет выраженной спецроли: in=1, out=0, оборот 12k KZT. Depth=4: дальнейшие исходящие не наблюдаются.",1,0,12000.0,0.0,1,0,0.00029199108961479553,0.0,1,0.0,4,False,True
100000006308406100,peripheral,1.0,23,0.30995656973987346,"Нет выраженной спецроли: in=1, out=0, оборот 183k KZT. Depth=4: дальнейшие исходящие не наблюдаются.",1,0,183000.0,0.0,2,0,0.0005393608128932442,0.0,7,0.0,4,False,True
100000002728246100,peripheral,1.0,5,0.21709208843631905,"Нет выраженной спецроли: in=1, out=0, оборот 10k KZT. Depth=4: дальнейшие исходящие не наблюдаются.",1,0,10000.0,0.0,1,0,0.0005386393313923881,0.0,7,0.0,4,False,True
100000001590795100,peripheral,1.0,8,0.05434362472040348,"Нет выраженной спецроли: in=1, out=0, оборот 5k KZT. Depth=4: дальнейшие исходящие не наблюдаются.",1,0,5060.0,0.0,1,0,0.00028827715127657203,0.0,1,0.0,4,False,True
100000006257675100,peripheral,1.0,23,0.26608518174372436,"Нет выраженной спецроли: in=1, out=0, оборот 70k KZT. Depth=4: дальнейшие исходящие не наблюдаются.",1,0,70000.0,0.0,2,0,0.0003826480172080926,0.0,7,0.0,4,False,True
100000002130400100,peripheral,1.0,37,0.10592660800927277,"Нет выраженной спецроли: in=1, out=0, оборот 10k KZT. Depth=4: дальнейшие исходящие не наблюдаются.",1,0,10000.0,0.0,1,0,0.00031754580623604263,0.0,1,0.0,4,False,True
100000000557536100,peripheral,1.0,36,0.2612381635477985,"Нет выраженной спецроли: in=1, out=0, оборот 153k KZT. Depth=4: дальнейшие исходящие не наблюдаются.",1,0,153000.0,0.0,7,0,0.00030077248827335636,0.0,7,0.0,4,False,True
100000002689717100,peripheral,1.0,8,0.2271716926186519,"Нет выраженной спецроли: in=1, out=0, оборот 48k KZT. Depth=4: дальнейшие исходящие не наблюдаются.",1,0,47500.0,0.0,1,0,0.0003033499223442049,0.0,7,0.0,4,False,True
100000005189258100,peripheral,1.0,5,0.23911387660872774,"Нет выраженной спецроли: in=1, out=0, оборот 50k KZT. Depth=4: дальнейшие исходящие не наблюдаются.",1,0,50000.0,0.0,1,0,0.00031597643294580327,0.0,7,0.0,4,False,True
100000002748511100,peripheral,1.0,2,0.2400066097335511,"Нет выраженной спецроли: in=1, out=0, оборот 20k KZT. Depth=4: дальнейшие исходящие не наблюдаются.",1,0,20000.0,0.0,1,0,0.0005674892808776474,0.0,7,0.0,4,False,True
100000002371892100,peripheral,1.0,63,0.22549165880363822,"Нет выраженной спецроли: in=1, out=0, оборот 44k KZT. Depth=4: дальнейшие исходящие не наблюдаются.",1,0,43830.0,0.0,1,0,0.00030653262004379635,0.0,7,0.0,4,False,True
100000008130868100,peripheral,1.0,14,0.15111838607549466,"Нет выраженной спецроли: in=1, out=0, оборот 23k KZT. Depth=4: дальнейшие исходящие не наблюдаются.",1,0,22782.0,0.0,1,0,0.0004516044976627326,0.0,1,0.0,4,False,True
100000007153161100,peripheral,1.0,1,0.2620654579156349,"Нет выраженной спецроли: in=1, out=0, оборот 45k KZT. Depth=4: дальнейшие исходящие не наблюдаются.",1,0,44997.0,0.0,1,0,0.0005309451743246838,0.0,7,0.0,4,False,True
100000002994441100,peripheral,1.0,9,0.210228083704133,"Нет выраженной спецроли: in=1, out=0, оборот 5k KZT. Depth=4: дальнейшие исходящие не наблюдаются.",1,0,5000.0,0.0,1,0,0.0005532703163220673,0.0,7,0.0,4,False,True
100000001065481100,peripheral,1.0,15,0.2196063017582849,"Нет выраженной спецроли: in=1, out=0, оборот 16k KZT. Depth=4: дальнейшие исходящие не наблюдаются.",1,0,16000.0,0.0,2,0,0.00043226569249872176,0.0,7,0.0,4,False,True
100000007731977100,peripheral,1.0,3,0.24658718621726866,"Нет выраженной спецроли: in=1, out=0, оборот 50k KZT. Depth=4: дальнейшие исходящие не наблюдаются.",1,0,50000.0,0.0,1,0,0.0003367721755154738,0.0,7,0.0,4,False,True
100000003252446100,peripheral,1.0,11,0.30979150601342065,"Нет выраженной спецроли: in=1, out=0, оборот 109k KZT. Depth=4: дальнейшие исходящие не наблюдаются.",1,0,108600.0,0.0,1,0,0.00029998773072103645,0.0,8,0.0,4,False,True
100000002671326100,peripheral,1.0,11,0.35274705076562746,"Нет выраженной спецроли: in=1, out=0, оборот 1.1m KZT. Depth=4: дальнейшие исходящие не наблюдаются.",1,0,1050000.0,0.0,2,0,0.0006294451129335774,0.0,7,0.0,4,False,True
100000005087923100,peripheral,1.0,6,0.1472574994132664,"Нет выраженной спецроли: in=1, out=0, оборот 20k KZT. Depth=4: дальнейшие исходящие не наблюдаются.",1,0,20000.0,0.0,1,0,0.0004605791647030636,0.0,1,0.0,4,False,True
100000008770483100,peripheral,1.0,18,0.21098431146214014,"Нет выраженной спецроли: in=1, out=0, оборот 5k KZT. Depth=4: дальнейшие исходящие не наблюдаются.",1,0,5000.0,0.0,1,0,0.0002888920536538102,0.0,9,0.0,4,False,True
100000002748040100,peripheral,1.0,8,0.17426562507483848,"Нет выраженной спецроли: in=1, out=0, оборот 18k KZT. Depth=4: дальнейшие исходящие не наблюдаются.",1,0,18000.0,0.0,1,0,0.0002923072164548583,0.0,7,0.0,4,False,True
100000004800648100,peripheral,1.0,12,0.2766896131390008,"Нет выраженной спецроли: in=1, out=0, оборот 131k KZT. Depth=4: дальнейшие исходящие не наблюдаются.",1,0,131000.0,0.0,1,0,0.0003368336531012062,0.0,7,0.0,4,False,True
100000005025629100,peripheral,1.0,5,0.17694376457853372,"Нет выраженной спецроли: in=1, out=0, оборот 5k KZT. Depth=4: дальнейшие исходящие не наблюдаются.",1,0,5227.0,0.0,1,0,0.0003141510108848508,0.0,7,0.0,4,False,True
100000000581682100,peripheral,1.0,29,0.14452523672904405,"Нет выраженной спецроли: in=1, out=0, оборот 5k KZT. Depth=4: дальнейшие исходящие не наблюдаются.",1,0,5000.0,0.0,1,0,0.0002908621872233397,0.0,7,0.0,4,False,True
100000004976946100,peripheral,1.0,40,0.2895895499154625,"Нет выраженной спецроли: in=1, out=0, оборот 246k KZT. Depth=4: дальнейшие исходящие не наблюдаются.",1,0,246000.0,0.0,1,0,0.000319492918509721,0.0,7,0.0,4,False,True
100000000957746100,peripheral,1.0,17,0.18866700114472926,"Нет выраженной спецроли: in=1, out=0, оборот 5k KZT. Depth=4: дальнейшие исходящие не наблюдаются.",1,0,5300.0,0.0,1,0,0.00034730735985062075,0.0,7,0.0,4,False,True
100000003001138100,peripheral,1.0,29,0.22152258565113064,"Нет выраженной спецроли: in=1, out=0, оборот 30k KZT. Depth=4: дальнейшие исходящие не наблюдаются.",1,0,30000.0,0.0,1,0,0.0003173266522535839,0.0,7,0.0,4,False,True
100000001325618100,peripheral,1.0,8,0.06985129296925516,"Нет выраженной спецроли: in=1, out=0, оборот 9k KZT. Depth=4: дальнейшие исходящие не наблюдаются.",1,0,9300.0,0.0,1,0,0.000290546185650357,0.0,1,0.0,4,False,True
100000003792647100,peripheral,1.0,5,0.20105570137415404,"Нет выраженной спецроли: in=1, out=0, оборот 8k KZT. Depth=4: дальнейшие исходящие не наблюдаются.",1,0,8000.0,0.0,1,0,0.0004002731421119268,0.0,7,0.0,4,False,True
100000004107228100,peripheral,1.0,3,0.13634018334826112,"Нет выраженной спецроли: in=1, out=0, оборот 5k KZT. Depth=4: дальнейшие исходящие не наблюдаются.",1,0,5000.0,0.0,1,0,0.0002887085719064815,0.0,7,0.0,4,False,True
100000003500764100,peripheral,1.0,17,0.2358250552008545,"Нет выраженной спецроли: in=1, out=0, оборот 21k KZT. Depth=4: дальнейшие исходящие не наблюдаются.",1,0,21000.0,0.0,1,0,0.0005301918184248244,0.0,7,0.0,4,False,True
100000004261340100,peripheral,1.0,1,0.24749345013722385,"Нет выраженной спецроли: in=1, out=0, оборот 48k KZT. Depth=4: дальнейшие исходящие не наблюдаются.",1,0,48500.0,0.0,4,0,0.00034738504920153653,0.0,7,0.0,4,False,True
100000008172721100,peripheral,1.0,9,0.2951947716049679,"Нет выраженной спецроли: in=1, out=0, оборот 168k KZT. Depth=4: дальнейшие исходящие не наблюдаются.",1,0,168335.0,0.0,1,0,0.00039521609203523213,0.0,7,0.0,4,False,True
100000005079473100,peripheral,1.0,9,0.23400642054190238,"Нет выраженной спецроли: in=1, out=0, оборот 39k KZT. Depth=4: дальнейшие исходящие не наблюдаются.",1,0,39312.0,0.0,1,0,0.00032600590088597723,0.0,7,0.0,4,False,True
100000004850609100,peripheral,1.0,5,0.18395151904130128,"Нет выраженной спецроли: in=1, out=0, оборот 10k KZT. Depth=4: дальнейшие исходящие не наблюдаются.",1,0,10000.0,0.0,1,0,0.00031302949674031055,0.0,7,0.0,4,False,True
100000005042822100,peripheral,1.0,32,0.33729344582652804,"Нет выраженной спецроли: in=1, out=0, оборот 1.0m KZT. Depth=4: дальнейшие исходящие не наблюдаются.",1,0,1000000.0,0.0,1,0,0.00045261173566138284,0.0,7,0.0,4,False,True
100000002794374100,peripheral,1.0,18,0.35236950565898567,"Нет выраженной спецроли: in=1, out=0, оборот 111k KZT. Depth=4: дальнейшие исходящие не наблюдаются.",1,0,111000.0,0.0,1,0,0.0003637625168388325,0.0,9,0.0,4,False,True
100000002860934100,peripheral,1.0,29,0.3255205763879243,"Нет выраженной спецроли: in=1, out=0, оборот 280k KZT. Depth=4: дальнейшие исходящие не наблюдаются.",1,0,279500.0,0.0,4,0,0.0005814420132554212,0.0,7,0.0,4,False,True
100000003097947100,peripheral,1.0,9,0.24432071816191933,"Нет выраженной спецроли: in=1, out=0, оборот 53k KZT. Depth=4: дальнейшие исходящие не наблюдаются.",1,0,52980.0,0.0,1,0,0.0003200783823355938,0.0,7,0.0,4,False,True
100000004260869100,peripheral,1.0,2,0.22781272900571406,"Нет выраженной спецроли: in=1, out=0, оборот 10k KZT. Depth=4: дальнейшие исходящие не наблюдаются.",1,0,10000.0,0.0,1,0,0.000842208480336415,0.0,7,0.0,4,False,True
100000008762885100,peripheral,1.0,10,0.194118504619629,"Нет выраженной спецроли: in=1, out=0, оборот 7k KZT. Depth=4: дальнейшие исходящие не наблюдаются.",1,0,7000.0,0.0,1,0,0.0002872637131137807,0.0,8,0.0,4,False,True
100000002986245100,peripheral,1.0,8,0.05746887917119689,"Нет выраженной спецроли: in=1, out=0, оборот 6k KZT. Depth=4: дальнейшие исходящие не наблюдаются.",1,0,5750.0,0.0,1,0,0.0002886464045119285,0.0,1,0.0,4,False,True
100000001471706100,peripheral,1.0,21,0.388062036899556,"Нет выраженной спецроли: in=1, out=0, оборот 377k KZT. Depth=4: дальнейшие исходящие не наблюдаются.",1,0,377000.0,0.0,8,0,0.0005401265380892354,0.0,8,0.0,4,False,True
100000002304943100,peripheral,1.0,23,0.18797597266060936,"Нет выраженной спецроли: in=1, out=0, оборот 15k KZT. Depth=4: дальнейшие исходящие не наблюдаются.",1,0,15000.0,0.0,1,0,0.00030637187771531986,0.0,7,0.0,4,False,True
100000002695812100,peripheral,1.0,8,0.26312277580071175,"Нет выраженной спецроли: in=1, out=0, оборот 95k KZT. Depth=4: дальнейшие исходящие не наблюдаются.",1,0,95000.0,0.0,1,0,0.00032113055047111887,0.0,7,0.0,4,False,True
100000008761220100,peripheral,1.0,10,0.19809742651461087,"Нет выраженной спецроли: in=1, out=0, оборот 10k KZT. Depth=4: дальнейшие исходящие не наблюдаются.",1,0,10000.0,0.0,1,0,0.00028688487138758524,0.0,8,0.0,4,False,True
100000004890713100,peripheral,1.0,8,0.21824879180776213,"Нет выраженной спецроли: in=1, out=0, оборот 40k KZT. Depth=4: дальнейшие исходящие не наблюдаются.",1,0,40485.0,0.0,1,0,0.0003007240043166196,0.0,7,0.0,4,False,True
100000003083865100,peripheral,1.0,8,0.1641992822691503,"Нет выраженной спецроли: in=1, out=0, оборот 15k KZT. Depth=4: дальнейшие исходящие не наблюдаются.",1,0,15000.0,0.0,1,0,0.00029118422941526375,0.0,7,0.0,4,False,True
100000004030553100,peripheral,1.0,22,0.19722397177931156,"Нет выраженной спецроли: in=1, out=0, оборот 70k KZT. Depth=4: дальнейшие исходящие не наблюдаются.",1,0,70000.0,0.0,1,0,0.0005308297210537953,0.0,1,0.0,4,False,True
100000002653187100,peripheral,1.0,12,0.2782784637638122,"Нет выраженной спецроли: in=1, out=0, оборот 15k KZT. Depth=4: дальнейшие исходящие не наблюдаются.",1,0,15000.0,0.0,1,0,0.0004732789140150342,0.0,8,0.0,4,False,True
100000006412162100,peripheral,1.0,8,0.08962188013391895,"Нет выраженной спецроли: in=1, out=0, оборот 15k KZT. Depth=4: дальнейшие исходящие не наблюдаются.",1,0,15000.0,0.0,2,0,0.00029359653846417166,0.0,1,0.0,4,False,True
100000004674178100,peripheral,1.0,27,0.19489984816771483,"Нет выраженной спецроли: in=1, out=0, оборот 20k KZT. Depth=4: дальнейшие исходящие не наблюдаются.",1,0,20000.0,0.0,1,0,0.00030274344180862404,0.0,7,0.0,4,False,True
100000004070530100,peripheral,1.0,39,0.15868988375490342,"Нет выраженной спецроли: in=1, out=0, оборот 20k KZT. Depth=4: дальнейшие исходящие не наблюдаются.",1,0,20000.0,0.0,1,0,0.00028719909320018945,0.0,7,0.0,4,False,True
100000006706519100,peripheral,1.0,1,0.24442998232614727,"Нет выраженной спецроли: in=1, out=0, оборот 36k KZT. Depth=4: дальнейшие исходящие не наблюдаются.",1,0,36000.0,0.0,3,0,0.00039071092103657676,0.0,7,0.0,4,False,True
100000005636951100,peripheral,1.0,6,0.18708264082803677,"Нет выраженной спецроли: in=1, out=0, оборот 40k KZT. Depth=4: дальнейшие исходящие не наблюдаются.",1,0,40000.0,0.0,1,0,0.0006355890351888364,0.0,1,0.0,4,False,True
100000003040087100,peripheral,1.0,8,0.20022277915347514,"Нет выраженной спецроли: in=1, out=0, оборот 29k KZT. Depth=4: дальнейшие исходящие не наблюдаются.",1,0,29000.0,0.0,1,0,0.0002964248356000384,0.0,7,0.0,4,False,True
100000008766764100,peripheral,1.0,10,0.18660708726285188,"Нет выраженной спецроли: in=1, out=0, оборот 5k KZT. Depth=4: дальнейшие исходящие не наблюдаются.",1,0,5000.0,0.0,1,0,0.00028622708280243804,0.0,8,0.0,4,False,True
100000000299820100,peripheral,1.0,9,0.208862551069771,"Нет выраженной спецроли: in=1, out=0, оборот 10k KZT. Depth=4: дальнейшие исходящие не наблюдаются.",1,0,10000.0,0.0,1,0,0.0004501620352243437,0.0,7,0.0,4,False,True
100000008349740100,peripheral,1.0,36,0.22275777960849302,"Нет выраженной спецроли: in=1, out=0, оборот 70k KZT. Depth=4: дальнейшие исходящие не наблюдаются.",1,0,70000.0,0.0,2,0,0.00029252500391614434,0.0,7,0.0,4,False,True
100000008761132100,peripheral,1.0,10,0.19809742651461087,"Нет выраженной спецроли: in=1, out=0, оборот 10k KZT. Depth=4: дальнейшие исходящие не наблюдаются.",1,0,10000.0,0.0,1,0,0.00028688487138758524,0.0,8,0.0,4,False,True
100000002540033100,peripheral,1.0,18,0.29578425925482443,"Нет выраженной спецроли: in=1, out=0, оборот 10k KZT. Depth=4: дальнейшие исходящие не наблюдаются.",1,0,10000.0,0.0,1,0,0.0005960851621180808,0.0,9,0.0,4,False,True
100000001845505100,peripheral,1.0,9,0.24129664532073972,"Нет выраженной спецроли: in=1, out=0, оборот 20k KZT. Depth=4: дальнейшие исходящие не наблюдаются.",1,0,20000.0,0.0,1,0,0.0005923838494805277,0.0,7,0.0,4,False,True
100000003782913100,peripheral,1.0,16,0.26686577690712365,"Нет выраженной спецроли: in=1, out=0, оборот 200k KZT. Depth=4: дальнейшие исходящие не наблюдаются.",1,0,200000.0,0.0,1,0,0.0002993965636065486,0.0,7,0.0,4,False,True
100000008778753100,peripheral,1.0,27,0.16291059377439734,"Нет выраженной спецроли: in=1, out=0, оборот 10k KZT. Depth=4: дальнейшие исходящие не наблюдаются.",1,0,10000.0,0.0,1,0,0.00029415636801295746,0.0,7,0.0,4,False,True
100000008710913100,peripheral,1.0,10,0.20877627728311215,"Нет выраженной спецроли: in=1, out=0, оборот 14k KZT. Depth=4: дальнейшие исходящие не наблюдаются.",1,0,14000.0,0.0,1,0,0.00028811097479962785,0.0,8,0.0,4,False,True
100000005495211100,peripheral,1.0,1,0.22815530957980296,"Нет выраженной спецроли: in=1, out=0, оборот 14k KZT. Depth=4: дальнейшие исходящие не наблюдаются.",1,0,14500.0,0.0,1,0,0.0005599644833584307,0.0,7,0.0,4,False,True
100000004013952100,peripheral,1.0,1,0.20831066226656386,"Нет выраженной спецроли: in=1, out=0, оборот 6k KZT. Depth=4: дальнейшие исходящие не наблюдаются.",1,0,5500.0,0.0,1,0,0.0005331412160251213,0.0,7,0.0,4,False,True
100000007330432100,peripheral,1.0,71,0.3384701460367942,"Нет выраженной спецроли: in=1, out=0, оборот 585k KZT. Depth=4: дальнейшие исходящие не наблюдаются.",1,0,584900.0,0.0,1,0,0.00053817599306743,0.0,7,0.0,4,False,True
100000000737152100,peripheral,1.0,1,0.23585828348093477,"Нет выраженной спецроли: in=1, out=0, оборот 35k KZT. Depth=4: дальнейшие исходящие не наблюдаются.",1,0,35000.0,0.0,1,0,0.0003445071691804116,0.0,7,0.0,4,False,True
100000004674389100,peripheral,1.0,13,0.2655560438349866,"Нет выраженной спецроли: in=1, out=0, оборот 15k KZT. Depth=4: дальнейшие исходящие не наблюдаются.",1,0,15000.0,0.0,1,0,0.0003520253352644254,0.0,8,0.0,4,False,True
100000002529877100,peripheral,1.0,14,0.3368589636129379,"Нет выраженной спецроли: in=1, out=0, оборот 232k KZT. Depth=4: дальнейшие исходящие не наблюдаются.",1,0,232000.0,0.0,1,0,0.0003058339492043382,0.0,8,0.0,4,False,True
100000004035925100,peripheral,1.0,65,0.3388497866205582,"Нет выраженной спецроли: in=1, out=0, оборот 1.1m KZT. Depth=4: дальнейшие исходящие не наблюдаются.",1,0,1111588.0,0.0,2,0,0.00046241262393565346,0.0,7,0.0,4,False,True
100000002188586100,peripheral,1.0,8,0.21505169242706543,"Нет выраженной спецроли: in=1, out=0, оборот 38k KZT. Depth=4: дальнейшие исходящие не наблюдаются.",1,0,38310.0,0.0,1,0,0.0002999098387129135,0.0,7,0.0,4,False,True
100000008050986100,peripheral,1.0,5,0.25676156583629894,"Нет выраженной спецроли: in=1, out=0, оборот 95k KZT. Depth=4: дальнейшие исходящие не наблюдаются.",1,0,95000.0,0.0,2,0,0.00031180831574760716,0.0,7,0.0,4,False,True
100000004777215100,peripheral,1.0,23,0.2693776552688677,"Нет выраженной спецроли: in=1, out=0, оборот 60k KZT. Depth=4: дальнейшие исходящие не наблюдаются.",1,0,60000.0,0.0,1,0,0.00046515486374554374,0.0,7,0.0,4,False,True
100000000926078100,peripheral,1.0,9,0.3145701517843886,"Нет выраженной спецроли: in=1, out=0, оборот 250k KZT. Depth=4: дальнейшие исходящие не наблюдаются.",1,0,250000.0,0.0,1,0,0.0005165635899862601,0.0,7,0.0,4,False,True
100000003486846100,peripheral,1.0,2,0.2460818170061739,"Нет выраженной спецроли: in=1, out=0, оборот 27k KZT. Depth=4: дальнейшие исходящие не наблюдаются.",1,0,27000.0,0.0,2,0,0.0005311359663531782,0.0,7,0.0,4,False,True
100000002516862100,peripheral,1.0,59,0.2644830996776557,"Нет выраженной спецроли: in=1, out=0, оборот 82k KZT. Depth=4: дальнейшие исходящие не наблюдаются.",1,0,81710.0,0.0,5,0,0.00034943970609758876,0.0,7,0.0,4,False,True
100000008730238100,peripheral,1.0,11,0.3596477562828391,"Нет выраженной спецроли: in=1, out=0, оборот 113k KZT. Depth=4: дальнейшие исходящие не наблюдаются.",1,0,113000.0,0.0,1,0,0.0005632359245676687,0.0,8,0.0,4,False,True
100000000803368100,peripheral,1.0,16,0.3027218451693864,"Нет выраженной спецроли: in=1, out=0, оборот 140k KZT. Depth=4: дальнейшие исходящие не наблюдаются.",1,0,139503.0,0.0,1,0,0.0005481144591336169,0.0,7,0.0,4,False,True
100000002528978100,peripheral,1.0,8,0.16783436630376994,"Нет выраженной спецроли: in=1, out=0, оборот 16k KZT. Depth=4: дальнейшие исходящие не наблюдаются.",1,0,15900.0,0.0,1,0,0.0002915211255271421,0.0,7,0.0,4,False,True
100000002597074100,peripheral,1.0,1,0.17805748073358463,"Нет выраженной спецроли: in=1, out=0, оборот 8k KZT. Depth=4: дальнейшие исходящие не наблюдаются.",1,0,8000.0,0.0,1,0,0.00031042832358882426,0.0,7,0.0,4,False,True
100000003631015100,peripheral,1.0,40,0.29249465952687725,"Нет выраженной спецроли: in=1, out=0, оборот 266k KZT. Depth=4: дальнейшие исходящие не наблюдаются.",1,0,266000.0,0.0,1,0,0.00032225093674487795,0.0,7,0.0,4,False,True
100000008255655100,peripheral,1.0,17,0.2071289927819794,"Нет выраженной спецроли: in=1, out=0, оборот 5k KZT. Depth=4: дальнейшие исходящие не наблюдаются.",1,0,5400.0,0.0,1,0,0.0005311928331096004,0.0,7,0.0,4,False,True
100000004265639100,peripheral,1.0,9,0.21953870765340092,"Нет выраженной спецроли: in=1, out=0, оборот 10k KZT. Depth=4: дальнейшие исходящие не наблюдаются.",1,0,10000.0,0.0,1,0,0.0005523205956514877,0.0,7,0.0,4,False,True
100000002726055100,peripheral,1.0,23,0.1948500955537568,"Нет выраженной спецроли: in=1, out=0, оборот 10k KZT. Depth=4: дальнейшие исходящие не наблюдаются.",1,0,10000.0,0.0,1,0,0.00034001485733930624,0.0,7,0.0,4,False,True
100000003696422100,peripheral,1.0,32,0.3063085835532587,"Нет выраженной спецроли: in=1, out=0, оборот 118k KZT. Depth=4: дальнейшие исходящие не наблюдаются.",1,0,118000.0,0.0,2,0,0.0007085171420194981,0.0,7,0.0,4,False,True
100000007745062100,peripheral,1.0,12,0.3727483798968307,"Нет выраженной спецроли: in=1, out=0, оборот 100k KZT. Depth=4: дальнейшие исходящие не наблюдаются.",1,0,100000.0,0.0,1,0,0.0006252799425245716,0.0,9,0.0,4,False,True
100000005041147100,peripheral,1.0,1,0.21593550480642582,"Нет выраженной спецроли: in=1, out=0, оборот 10k KZT. Depth=4: дальнейшие исходящие не наблюдаются.",1,0,10000.0,0.0,1,0,0.0005337622626216141,0.0,7,0.0,4,False,True
100000003819173100,peripheral,1.0,9,0.24970375940569875,"Нет выраженной спецроли: in=1, out=0, оборот 144k KZT. Depth=4: дальнейшие исходящие не наблюдаются.",1,0,143777.0,0.0,1,0,0.0002952095652766993,0.0,7,0.0,4,False,True
100000001275557100,peripheral,1.0,24,0.21567386952002798,"Нет выраженной спецроли: in=1, out=0, оборот 20k KZT. Depth=4: дальнейшие исходящие не наблюдаются.",1,0,20000.0,0.0,1,0,0.0003475117995580225,0.0,7,0.0,4,False,True
100000002706810100,peripheral,1.0,8,0.14829080911760056,"Нет выраженной спецроли: in=1, out=0, оборот 45k KZT. Depth=4: дальнейшие исходящие не наблюдаются.",1,0,45000.0,0.0,1,0,0.0003096510269579332,0.0,1,0.0,4,False,True
100000002896506100,peripheral,1.0,5,0.23249899417098135,"Нет выраженной спецроли: in=1, out=0, оборот 45k KZT. Depth=4: дальнейшие исходящие не наблюдаются.",1,0,45000.0,0.0,1,0,0.0003136296448083371,0.0,7,0.0,4,False,True
100000008766031100,peripheral,1.0,10,0.18740779900662413,"Нет выраженной спецроли: in=1, out=0, оборот 5k KZT. Depth=4: дальнейшие исходящие не наблюдаются.",1,0,5000.0,0.0,1,0,0.0002864770372824112,0.0,8,0.0,4,False,True
100000008758607100,peripheral,1.0,10,0.18660708726285188,"Нет выраженной спецроли: in=1, out=0, оборот 5k KZT. Depth=4: дальнейшие исходящие не наблюдаются.",1,0,5000.0,0.0,1,0,0.00028622708280243804,0.0,8,0.0,4,False,True
100000008648783100,peripheral,1.0,8,0.05509015341287365,"Нет выраженной спецроли: in=1, out=0, оборот 5k KZT. Depth=4: дальнейшие исходящие не наблюдаются.",1,0,5200.0,0.0,1,0,0.0002883520722228762,0.0,1,0.0,4,False,True
100000004291663100,peripheral,1.0,3,0.2099289693126356,"Нет выраженной спецроли: in=1, out=0, оборот 25k KZT. Depth=4: дальнейшие исходящие не наблюдаются.",1,0,25000.0,0.0,1,0,0.00031117073486638236,0.0,7,0.0,4,False,True
100000003037476100,consolidator,0.8625322841619265,10,0.6192426201895982,"Консолидация: 3 плательщиков, 8 seed-маршрутов, вход 555k KZT. Depth=4: дальнейшие исходящие не наблюдаются.",3,0,555000.0,0.0,3,0,0.0003593540563280306,0.0,8,0.0,4,False,True
100000008715513100,peripheral,1.0,8,0.13316134455391485,"Нет выраженной спецроли: in=1, out=0, оборот 32k KZT. Depth=4: дальнейшие исходящие не наблюдаются.",1,0,32500.0,0.0,1,0,0.00030296165675219926,0.0,1,0.0,4,False,True
100000001276409100,peripheral,1.0,8,0.26268649746387396,"Нет выраженной спецроли: in=1, out=0, оборот 95k KZT. Depth=4: дальнейшие исходящие не наблюдаются.",1,0,94760.0,0.0,1,0,0.00032104071150795133,0.0,7,0.0,4,False,True
100000003232675100,peripheral,1.0,15,0.251649379978255,"Нет выраженной спецроли: in=1, out=0, оборот 44k KZT. Depth=4: дальнейшие исходящие не наблюдаются.",1,0,44000.0,0.0,2,0,0.00040104453660487797,0.0,7,0.0,4,False,True
100000007988344100,peripheral,1.0,1,0.2220350794844408,"Нет выраженной спецроли: in=1, out=0, оборот 20k KZT. Depth=4: дальнейшие исходящие не наблюдаются.",1,0,20000.0,0.0,3,0,0.00038745764148945846,0.0,7,0.0,4,False,True
100000003047800100,peripheral,1.0,14,0.12473525143330635,"Нет выраженной спецроли: in=1, out=0, оборот 12k KZT. Depth=4: дальнейшие исходящие не наблюдаются.",1,0,12212.0,0.0,1,0,0.00037457034348758035,0.0,1,0.0,4,False,True
100000003230328100,consolidator,0.6515057204066554,3,0.4157586092062845,"Консолидация: 3 плательщиков, 7 seed-маршрутов, вход 27k KZT. Depth=4: дальнейшие исходящие не наблюдаются.",3,0,26572.0,0.0,3,0,0.00035168013741866146,0.0,7,0.0,4,False,True
100000002702968100,peripheral,1.0,8,0.20586302524630837,"Нет выраженной спецроли: in=1, out=0, оборот 32k KZT. Depth=4: дальнейшие исходящие не наблюдаются.",1,0,31600.0,0.0,1,0,0.00029739809103435365,0.0,7,0.0,4,False,True
100000004788983100,peripheral,1.0,1,0.23202487750439452,"Нет выраженной спецроли: in=1, out=0, оборот 27k KZT. Depth=4: дальнейшие исходящие не наблюдаются.",1,0,27000.0,0.0,1,0,0.000369468518346216,0.0,7,0.0,4,False,True
100000006490615100,peripheral,1.0,15,0.24977195221833196,"Нет выраженной спецроли: in=1, out=0, оборот 42k KZT. Depth=4: дальнейшие исходящие не наблюдаются.",1,0,41600.0,0.0,6,0,0.00039474588702010044,0.0,7,0.0,4,False,True
100000008745676100,peripheral,1.0,7,0.17269731012582443,"Нет выраженной спецроли: in=1, out=0, оборот 35k KZT. Depth=4: дальнейшие исходящие не наблюдаются.",1,0,34547.0,0.0,1,0,0.0005303236661827129,0.0,1,0.0,4,False,True
100000001598625100,peripheral,1.0,9,0.23477327536245768,"Нет выраженной спецроли: in=1, out=0, оборот 25k KZT. Depth=4: дальнейшие исходящие не наблюдаются.",1,0,25000.0,0.0,1,0,0.00042888184355224774,0.0,7,0.0,4,False,True
100000008461217100,peripheral,1.0,50,0.31785993112466054,"Нет выраженной спецроли: in=1, out=0, оборот 18k KZT. Depth=4: дальнейшие исходящие не наблюдаются.",1,0,18000.0,0.0,1,0,0.0005455897895490721,0.0,10,0.0,4,False,True
100000005711521100,peripheral,1.0,15,0.3161590622799749,"Нет выраженной спецроли: in=1, out=0, оборот 238k KZT. Depth=4: дальнейшие исходящие не наблюдаются.",1,0,238000.0,0.0,1,0,0.0005338432844113278,0.0,7,0.0,4,False,True
100000002713974100,peripheral,1.0,9,0.24480782678666368,"Нет выраженной спецроли: in=1, out=0, оборот 50k KZT. Depth=4: дальнейшие исходящие не наблюдаются.",1,0,50000.0,0.0,1,0,0.0003299501883700874,0.0,7,0.0,4,False,True
100000005272139100,peripheral,1.0,2,0.3165294228936264,"Нет выраженной спецроли: in=1, out=0, оборот 165k KZT. Depth=4: дальнейшие исходящие не наблюдаются.",1,0,165000.0,0.0,1,0,0.0007555290963517883,0.0,7,0.0,4,False,True
100000002968096100,peripheral,1.0,9,0.252028242241945,"Нет выраженной спецроли: in=1, out=0, оборот 70k KZT. Depth=4: дальнейшие исходящие не наблюдаются.",1,0,70000.0,0.0,1,0,0.0003194824114349239,0.0,7,0.0,4,False,True
100000004449824100,peripheral,1.0,8,0.06864738149178813,"Нет выраженной спецроли: in=1, out=0, оборот 9k KZT. Depth=4: дальнейшие исходящие не наблюдаются.",1,0,9000.0,0.0,1,0,0.00029038564076541934,0.0,1,0.0,4,False,True
100000004502048100,peripheral,1.0,20,0.20122142367913098,"Нет выраженной спецроли: in=1, out=0, оборот 14k KZT. Depth=4: дальнейшие исходящие не наблюдаются.",1,0,13888.0,0.0,1,0,0.00033971462250251223,0.0,7,0.0,4,False,True
100000002660298100,peripheral,1.0,8,0.20452054286029037,"Нет выраженной спецроли: in=1, out=0, оборот 31k KZT. Depth=4: дальнейшие исходящие не наблюдаются.",1,0,30900.0,0.0,1,0,0.00029713606072511497,0.0,7,0.0,4,False,True
100000001299828100,peripheral,1.0,1,0.2943675969786812,"Нет выраженной спецроли: in=1, out=0, оборот 100k KZT. Depth=4: дальнейшие исходящие не наблюдаются.",1,0,100000.0,0.0,1,0,0.0005472629597932584,0.0,7,0.0,4,False,True
100000000581662100,peripheral,1.0,14,0.14594800582422898,"Нет выраженной спецроли: in=1, out=0, оборот 21k KZT. Depth=4: дальнейшие исходящие не наблюдаются.",1,0,21160.0,0.0,1,0,0.00030291662853066217,0.0,2,0.0,4,False,True
100000001249054100,peripheral,1.0,8,0.1720397494048845,"Нет выраженной спецроли: in=1, out=0, оборот 17k KZT. Depth=4: дальнейшие исходящие не наблюдаются.",1,0,17375.0,0.0,1,0,0.00029207326082160943,0.0,7,0.0,4,False,True
100000008759795100,peripheral,1.0,8,0.09610732195628954,"Нет выраженной спецроли: in=1, out=0, оборот 17k KZT. Depth=4: дальнейшие исходящие не наблюдаются.",1,0,17000.0,0.0,1,0,0.0002946668376970891,0.0,1,0.0,4,False,True
100000001299443100,peripheral,1.0,8,0.06600232059123588,"Нет выраженной спецроли: in=1, out=0, оборот 8k KZT. Depth=4: дальнейшие исходящие не наблюдаются.",1,0,8000.0,0.0,1,0,0.00028985049114896067,0.0,1,0.0,4,False,True
100000007997939100,peripheral,1.0,10,0.27749265984299487,"Нет выраженной спецроли: in=1, out=0, оборот 13k KZT. Depth=4: дальнейшие исходящие не наблюдаются.",1,0,13000.0,0.0,1,0,0.00035796308347988245,0.0,9,0.0,4,False,True
100000003470579100,peripheral,1.0,28,0.3311681865860726,"Нет выраженной спецроли: in=1, out=0, оборот 357k KZT. Depth=4: дальнейшие исходящие не наблюдаются.",1,0,357000.0,0.0,2,0,0.0005685326159317399,0.0,7,0.0,4,False,True
100000008649416100,peripheral,1.0,17,0.2064024609283323,"Нет выраженной спецроли: in=1, out=0, оборот 5k KZT. Depth=4: дальнейшие исходящие не наблюдаются.",1,0,5000.0,0.0,1,0,0.000533726717629368,0.0,7,0.0,4,False,True
100000008183752100,peripheral,1.0,18,0.35741661198469227,"Нет выраженной спецроли: in=1, out=0, оборот 140k KZT. Depth=4: дальнейшие исходящие не наблюдаются.",1,0,140000.0,0.0,1,0,0.0005301890395310136,0.0,8,0.0,4,False,True
100000003950749100,peripheral,1.0,2,0.19756601351642614,"Нет выраженной спецроли: in=1, out=0, оборот 7k KZT. Depth=4: дальнейшие исходящие не наблюдаются.",1,0,7000.0,0.0,1,0,0.00038424128954841564,0.0,7,0.0,4,False,True
100000005979037100,peripheral,1.0,9,0.25087686736946974,"Нет выраженной спецроли: in=1, out=0, оборот 60k KZT. Depth=4: дальнейшие исходящие не наблюдаются.",1,0,60300.0,0.0,1,0,0.0003248463424153593,0.0,7,0.0,4,False,True
100000008734279100,peripheral,1.0,9,0.21166875416101888,"Нет выраженной спецроли: in=1, out=0, оборот 32k KZT. Depth=4: дальнейшие исходящие не наблюдаются.",1,0,31650.0,0.0,1,0,0.0003013329445693454,0.0,7,0.0,4,False,True
100000005589319100,peripheral,1.0,3,0.2107769789685942,"Нет выраженной спецроли: in=1, out=0, оборот 26k KZT. Depth=4: дальнейшие исходящие не наблюдаются.",1,0,26000.0,0.0,1,0,0.00030995557415139477,0.0,7,0.0,4,False,True
100000003626268100,peripheral,1.0,9,0.2051569093269088,"Нет выраженной спецроли: in=1, out=0, оборот 5k KZT. Depth=4: дальнейшие исходящие не наблюдаются.",1,0,5000.0,0.0,1,0,0.0005308903791336683,0.0,7,0.0,4,False,True
100000001220124100,peripheral,1.0,9,0.2615488329988553,"Нет выраженной спецроли: in=1, out=0, оборот 40k KZT. Depth=4: дальнейшие исходящие не наблюдаются.",1,0,40000.0,0.0,1,0,0.0005395565851958802,0.0,7,0.0,4,False,True
100000003904497100,peripheral,1.0,10,0.2686490279380985,"Нет выраженной спецроли: in=1, out=0, оборот 10k KZT. Depth=4: дальнейшие исходящие не наблюдаются.",1,0,10000.0,0.0,1,0,0.0003412568244192844,0.0,9,0.0,4,False,True
100000001270470100,peripheral,1.0,1,0.23959511789753002,"Нет выраженной спецроли: in=1, out=0, оборот 28k KZT. Depth=4: дальнейшие исходящие не наблюдаются.",1,0,28300.0,0.0,2,0,0.000429741305607408,0.0,7,0.0,4,False,True
100000003091142100,peripheral,1.0,1,0.2499385127141578,"Нет выраженной спецроли: in=1, out=0, оборот 40k KZT. Depth=4: дальнейшие исходящие не наблюдаются.",1,0,40000.0,0.0,1,0,0.00040986444107495766,0.0,7,0.0,4,False,True
100000001053894100,peripheral,1.0,39,0.3436995588721304,"Нет выраженной спецроли: in=1, out=0, оборот 2.0m KZT. Depth=4: дальнейшие исходящие не наблюдаются.",1,0,2000000.0,0.0,7,0,0.0004485491925071488,0.0,7,0.0,4,False,True
100000004722630100,peripheral,1.0,49,0.31999989223260517,"Нет выраженной спецроли: in=1, out=0, оборот 340k KZT. Depth=4: дальнейшие исходящие не наблюдаются.",1,0,340000.0,0.0,2,0,0.0004921869960127064,0.0,7,0.0,4,False,True
100000004655046100,peripheral,1.0,8,0.319288328072688,"Нет выраженной спецроли: in=1, out=0, оборот 24k KZT. Depth=4: дальнейшие исходящие не наблюдаются.",1,0,24000.0,0.0,1,0,0.0005575082914139779,0.0,9,0.0,4,False,True
100000004019056100,peripheral,1.0,15,0.27065302251620105,"Нет выраженной спецроли: in=1, out=0, оборот 50k KZT. Depth=4: дальнейшие исходящие не наблюдаются.",1,0,50000.0,0.0,1,0,0.0005409213827074575,0.0,7,0.0,4,False,True
100000008071749100,peripheral,1.0,8,0.19104895992489812,"Нет выраженной спецроли: in=1, out=0, оборот 25k KZT. Depth=4: дальнейшие исходящие не наблюдаются.",1,0,24943.0,0.0,1,0,0.0002949061827934933,0.0,7,0.0,4,False,True
100000008221765100,peripheral,1.0,5,0.3062747565654292,"Нет выраженной спецроли: in=1, out=0, оборот 156k KZT. Depth=4: дальнейшие исходящие не наблюдаются.",1,0,156354.0,0.0,1,0,0.0005404417175185718,0.0,7,0.0,4,False,True
100000008778010100,peripheral,1.0,7,0.19905745439044367,"Нет выраженной спецроли: in=1, out=0, оборот 77k KZT. Depth=4: дальнейшие исходящие не наблюдаются.",1,0,76950.0,0.0,2,0,0.0005296426486872762,0.0,1,0.0,4,False,True
100000004584730100,peripheral,1.0,44,0.22670805333767596,"Нет выраженной спецроли: in=1, out=0, оборот 47k KZT. Depth=4: дальнейшие исходящие не наблюдаются.",1,0,47000.0,0.0,1,0,0.00030383982641037343,0.0,7,0.0,4,False,True
100000004797167100,peripheral,1.0,22,0.17467292595661524,"Нет выраженной спецроли: in=1, out=0, оборот 31k KZT. Depth=4: дальнейшие исходящие не наблюдаются.",1,0,31000.0,0.0,1,0,0.0005516247027029544,0.0,1,0.0,4,False,True
100000005010159100,peripheral,1.0,9,0.21854305666649104,"Нет выраженной спецроли: in=1, out=0, оборот 7k KZT. Depth=4: дальнейшие исходящие не наблюдаются.",1,0,7092.0,0.0,1,0,0.0006143684568259249,0.0,7,0.0,4,False,True
100000003025903100,peripheral,1.0,5,0.32528941532596045,"Нет выраженной спецроли: in=1, out=0, оборот 386k KZT. Depth=4: дальнейшие исходящие не наблюдаются.",1,0,386300.0,0.0,6,0,0.0005264518149577612,0.0,7,0.0,4,False,True
100000003005167100,peripheral,1.0,8,0.06273505266233362,"Нет выраженной спецроли: in=1, out=0, оборот 7k KZT. Depth=4: дальнейшие исходящие не наблюдаются.",1,0,7000.0,0.0,1,0,0.00028931534153250194,0.0,1,0.0,4,False,True
100000002214383100,peripheral,1.0,7,0.2305673833597563,"Нет выраженной спецроли: in=1, out=0, оборот 213k KZT. Depth=4: дальнейшие исходящие не наблюдаются.",1,0,213000.0,0.0,1,0,0.0005308718022156257,0.0,1,0.0,4,False,True
100000004800452100,peripheral,1.0,5,0.217266731486759,"Нет выраженной спецроли: in=1, out=0, оборот 7k KZT. Depth=4: дальнейшие исходящие не наблюдаются.",1,0,6544.53,0.0,1,0,0.000607979765974599,0.0,7,0.0,4,False,True
100000006903193100,peripheral,1.0,9,0.17187247045975967,"Нет выраженной спецроли: in=1, out=0, оборот 9k KZT. Depth=4: дальнейшие исходящие не наблюдаются.",1,0,9000.0,0.0,1,0,0.0003016045268852538,0.0,7,0.0,4,False,True
100000007811950100,peripheral,1.0,27,0.2712757983169128,"Нет выраженной спецроли: in=1, out=0, оборот 50k KZT. Depth=4: дальнейшие исходящие не наблюдаются.",1,0,50000.0,0.0,1,0,0.0005462285400719733,0.0,7,0.0,4,False,True
100000000375150100,peripheral,1.0,15,0.4160517139805444,"Нет выраженной спецроли: in=1, out=0, оборот 300k KZT. Depth=4: дальнейшие исходящие не наблюдаются.",1,0,300000.0,0.0,1,0,0.0007463802351751577,0.0,10,0.0,4,False,True
100000008775747100,peripheral,1.0,10,0.18660708726285188,"Нет выраженной спецроли: in=1, out=0, оборот 5k KZT. Depth=4: дальнейшие исходящие не наблюдаются.",1,0,5000.0,0.0,1,0,0.00028622708280243804,0.0,8,0.0,4,False,True
100000006689603100,peripheral,1.0,9,0.2964500821427032,"Нет выраженной спецроли: in=1, out=0, оборот 400k KZT. Depth=4: дальнейшие исходящие не наблюдаются.",1,0,400000.0,0.0,2,0,0.00031238935878786454,0.0,7,0.0,4,False,True
100000005075949100,peripheral,1.0,46,0.36216496314355096,"Нет выраженной спецроли: in=1, out=0, оборот 2.2m KZT. Depth=4: дальнейшие исходящие не наблюдаются.",1,0,2226000.0,0.0,7,0,0.0007679113857379712,0.0,7,0.0,4,False,True
100000003985389100,peripheral,1.0,9,0.325418257233587,"Нет выраженной спецроли: in=1, out=0, оборот 423k KZT. Depth=4: дальнейшие исходящие не наблюдаются.",1,0,422698.0,0.0,16,0,0.0004903551059552773,0.0,7,0.0,4,False,True
100000002478829100,peripheral,1.0,23,0.24207807867498793,"Нет выраженной спецроли: in=1, out=0, оборот 34k KZT. Depth=4: дальнейшие исходящие не наблюдаются.",1,0,34000.0,0.0,1,0,0.0003873344502833008,0.0,7,0.0,4,False,True
100000003125997100,peripheral,1.0,11,0.3483593012841084,"Нет выраженной спецроли: in=1, out=0, оборот 88k KZT. Depth=4: дальнейшие исходящие не наблюдаются.",1,0,87750.0,0.0,1,0,0.0005483720399494517,0.0,8,0.0,4,False,True
100000003214786100,peripheral,1.0,1,0.19681616199594795,"Нет выраженной спецроли: in=1, out=0, оборот 5k KZT. Depth=4: дальнейшие исходящие не наблюдаются.",1,0,5000.0,0.0,1,0,0.00042028195414468963,0.0,7,0.0,4,False,True
100000008308418100,peripheral,1.0,1,0.2604661897759875,"Нет выраженной спецроли: in=1, out=0, оборот 50k KZT. Depth=4: дальнейшие исходящие не наблюдаются.",1,0,50000.0,0.0,1,0,0.00043159933146629903,0.0,7,0.0,4,False,True
100000008619159100,peripheral,1.0,65,0.3133505242285052,"Нет выраженной спецроли: in=1, out=0, оборот 446k KZT. Depth=4: дальнейшие исходящие не наблюдаются.",1,0,446400.0,0.0,2,0,0.00035658738939848845,0.0,7,0.0,4,False,True
100000004418967100,peripheral,1.0,11,0.3439672411067951,"Нет выраженной спецроли: in=1, out=0, оборот 100k KZT. Depth=4: дальнейшие исходящие не наблюдаются.",1,0,100000.0,0.0,1,0,0.0004534748089525571,0.0,8,0.0,4,False,True
100000003173783100,peripheral,1.0,31,0.22066679279443252,"Нет выраженной спецроли: in=1, out=0, оборот 24k KZT. Depth=4: дальнейшие исходящие не наблюдаются.",1,0,23500.0,0.0,2,0,0.0003468224290716631,0.0,7,0.0,4,False,True
100000002242455100,peripheral,1.0,5,0.29413655565826724,"Нет выраженной спецроли: in=1, out=0, оборот 110k KZT. Depth=4: дальнейшие исходящие не наблюдаются.",1,0,110000.0,0.0,1,0,0.0005321740677312218,0.0,7,0.0,4,False,True
100000004848236100,peripheral,1.0,1,0.17618460315255555,"Нет выраженной спецроли: in=1, out=0, оборот 8k KZT. Depth=4: дальнейшие исходящие не наблюдаются.",1,0,7500.0,0.0,1,0,0.00030887463425310343,0.0,7,0.0,4,False,True
100000004674412100,peripheral,1.0,13,0.31895987700148,"Нет выраженной спецроли: in=1, out=0, оборот 46k KZT. Depth=4: дальнейшие исходящие не наблюдаются.",1,0,46000.0,0.0,1,0,0.00048936782009517,0.0,8,0.0,4,False,True
100000007071852100,peripheral,1.0,9,0.30292121484986806,"Нет выраженной спецроли: in=1, out=0, оборот 195k KZT. Depth=4: дальнейшие исходящие не наблюдаются.",1,0,195000.0,0.0,1,0,0.0004435147927696225,0.0,7,0.0,4,False,True
100000001498732100,peripheral,1.0,51,0.1417181355761724,"Нет выраженной спецроли: in=1, out=0, оборот 6k KZT. Depth=4: дальнейшие исходящие не наблюдаются.",1,0,5500.0,0.0,1,0,0.0002894096098235812,0.0,7,0.0,4,False,True
100000000627521100,peripheral,1.0,39,0.13061078967157289,"Нет выраженной спецроли: in=1, out=0, оборот 6k KZT. Depth=4: дальнейшие исходящие не наблюдаются.",1,0,6500.0,0.0,1,0,0.00028609897888673294,0.0,7,0.0,4,False,True
100000003105089100,peripheral,1.0,23,0.1714292770484187,"Нет выраженной спецроли: in=1, out=0, оборот 10k KZT. Depth=4: дальнейшие исходящие не наблюдаются.",1,0,10000.0,0.0,1,0,0.00029943768321597685,0.0,7,0.0,4,False,True
100000003166017100,peripheral,1.0,8,0.1641992822691503,"Нет выраженной спецроли: in=1, out=0, оборот 15k KZT. Depth=4: дальнейшие исходящие не наблюдаются.",1,0,15000.0,0.0,1,0,0.00029118422941526375,0.0,7,0.0,4,False,True
100000002506987100,peripheral,1.0,8,0.1986578768386315,"Нет выраженной спецроли: in=1, out=0, оборот 28k KZT. Depth=4: дальнейшие исходящие не наблюдаются.",1,0,28200.0,0.0,1,0,0.0002961253723894798,0.0,7,0.0,4,False,True
100000005767403100,peripheral,1.0,47,0.3594675452503317,"Нет выраженной спецроли: in=1, out=0, оборот 1.1m KZT. Depth=4: дальнейшие исходящие не наблюдаются.",1,0,1100000.0,0.0,2,0,0.0010818599457011425,0.0,7,0.0,4,False,True
100000005553088100,peripheral,1.0,9,0.177546064574223,"Нет выраженной спецроли: in=1, out=0, оборот 18k KZT. Depth=4: дальнейшие исходящие не наблюдаются.",1,0,17500.0,0.0,1,0,0.0002942853726110019,0.0,7,0.0,4,False,True
100000003632533100,peripheral,1.0,5,0.2073500955537568,"Нет выраженной спецроли: in=1, out=0, оборот 10k KZT. Depth=4: дальнейшие исходящие не наблюдаются.",1,0,10000.0,0.0,1,0,0.00042894910408558583,0.0,7,0.0,4,False,True
100000008762005100,peripheral,1.0,10,0.1881195427788661,"Нет выраженной спецроли: in=1, out=0, оборот 5k KZT. Depth=4: дальнейшие исходящие не наблюдаются.",1,0,5000.0,0.0,1,0,0.0002867795934290693,0.0,8,0.0,4,False,True
100000002214207100,peripheral,1.0,37,0.21873344573073478,"Нет выраженной спецроли: in=1, out=0, оборот 97k KZT. Depth=4: дальнейшие исходящие не наблюдаются.",1,0,97000.0,0.0,1,0,0.0006906066279546782,0.0,1,0.0,4,False,True
100000003180820100,peripheral,1.0,10,0.3062647581460176,"Нет выраженной спецроли: in=1, out=0, оборот 101k KZT. Depth=4: дальнейшие исходящие не наблюдаются.",1,0,101000.0,0.0,1,0,0.0002988566236372641,0.0,8,0.0,4,False,True
100000003786516100,peripheral,1.0,1,0.15088644669345685,"Нет выраженной спецроли: in=1, out=0, оборот 5k KZT. Depth=4: дальнейшие исходящие не наблюдаются.",1,0,5000.0,0.0,1,0,0.0002931596479812034,0.0,7,0.0,4,False,True
100000005226217100,peripheral,1.0,10,0.2903574524745789,"Нет выраженной спецроли: in=1, out=0, оборот 18k KZT. Depth=4: дальнейшие исходящие не наблюдаются.",1,0,17500.0,0.0,1,0,0.0003830224720707795,0.0,9,0.0,4,False,True
100000001533161100,peripheral,1.0,44,0.266075782032062,"Нет выраженной спецроли: in=1, out=0, оборот 100k KZT. Depth=4: дальнейшие исходящие не наблюдаются.",1,0,100000.0,0.0,1,0,0.0003244427669685303,0.0,7,0.0,4,False,True
100000007034089100,consolidator,0.788429989546465,10,0.5594126778850285,"Консолидация: 2 плательщиков, 8 seed-маршрутов, вход 198k KZT. Depth=4: дальнейшие исходящие не наблюдаются.",2,0,198000.0,0.0,2,0,0.00032111599242809935,0.0,8,0.0,4,False,True
100000008336318100,peripheral,1.0,10,0.3412282728957817,"Нет выраженной спецроли: in=1, out=0, оборот 170k KZT. Depth=4: дальнейшие исходящие не наблюдаются.",1,0,170000.0,0.0,1,0,0.00032671946741775836,0.0,8,0.0,4,False,True
100000005370558100,peripheral,1.0,5,0.1614736353055565,"Нет выраженной спецроли: in=1, out=0, оборот 5k KZT. Depth=4: дальнейшие исходящие не наблюдаются.",1,0,5000.0,0.0,1,0,0.00029929939547880074,0.0,7,0.0,4,False,True
100000002729875100,peripheral,1.0,8,0.2507900547458366,"Нет выраженной спецроли: in=1, out=0, оборот 76k KZT. Depth=4: дальнейшие исходящие не наблюдаются.",1,0,76000.0,0.0,1,0,0.00031401829922035325,0.0,7,0.0,4,False,True
100000006512787100,peripheral,1.0,1,0.23306710795419167,"Нет выраженной спецроли: in=1, out=0, оборот 20k KZT. Depth=4: дальнейшие исходящие не наблюдаются.",1,0,20000.0,0.0,2,0,0.0005300461906110881,0.0,7,0.0,4,False,True
100000003186579100,peripheral,1.0,9,0.2916009684696551,"Нет выраженной спецроли: in=1, out=0, оборот 110k KZT. Depth=4: дальнейшие исходящие не наблюдаются.",1,0,110000.0,0.0,2,0,0.0005151815504625246,0.0,7,0.0,4,False,True
100000004472936100,peripheral,1.0,15,0.20564623317032518,"Нет выраженной спецроли: in=1, out=0, оборот 5k KZT. Depth=4: дальнейшие исходящие не наблюдаются.",1,0,5000.0,0.0,1,0,0.0005318955309395101,0.0,7,0.0,4,False,True
100000002231144100,peripheral,1.0,23,0.2095507057566948,"Нет выраженной спецроли: in=1, out=0, оборот 15k KZT. Depth=4: дальнейшие исходящие не наблюдаются.",1,0,15000.0,0.0,1,0,0.0003672376389003139,0.0,7,0.0,4,False,True
100000002505277100,peripheral,1.0,62,0.26552979050018444,"Нет выраженной спецроли: in=1, out=0, оборот 60k KZT. Depth=4: дальнейшие исходящие не наблюдаются.",1,0,60000.0,0.0,1,0,0.0004076531172154509,0.0,7,0.0,4,False,True
100000003177533100,peripheral,1.0,9,0.21327173428871127,"Нет выраженной спецроли: in=1, out=0, оборот 20k KZT. Depth=4: дальнейшие исходящие не наблюдаются.",1,0,20000.0,0.0,3,0,0.0003381973769821903,0.0,7,0.0,4,False,True
100000005888829100,peripheral,1.0,10,0.33630701493895576,"Нет выраженной спецроли: in=1, out=0, оборот 197k KZT. Depth=4: дальнейшие исходящие не наблюдаются.",1,0,197000.0,0.0,1,0,0.00031148616447209,0.0,8,0.0,4,False,True
100000002242066100,peripheral,1.0,35,0.2758723171905759,"Нет выраженной спецроли: in=1, out=0, оборот 60k KZT. Depth=4: дальнейшие исходящие не наблюдаются.",1,0,60000.0,0.0,1,0,0.0005337841025658814,0.0,7,0.0,4,False,True
100000008027922100,peripheral,1.0,24,0.27587165861205176,"Нет выраженной спецроли: in=1, out=0, оборот 70k KZT. Depth=4: дальнейшие исходящие не наблюдаются.",1,0,70000.0,0.0,1,0,0.0005023680629098515,0.0,7,0.0,4,False,True
100000002686226100,peripheral,1.0,17,0.338921990775111,"Нет выраженной спецроли: in=1, out=0, оборот 430k KZT. Depth=4: дальнейшие исходящие не наблюдаются.",1,0,430000.0,0.0,2,0,0.0006546162523072483,0.0,7,0.0,4,False,True
100000001065234100,peripheral,1.0,57,0.3292011921468702,"Нет выраженной спецроли: in=1, out=0, оборот 360k KZT. Depth=4: дальнейшие исходящие не наблюдаются.",1,0,360000.0,0.0,1,0,0.0005486947871235914,0.0,7,0.0,4,False,True
100000000424935100,peripheral,1.0,29,0.1835275740840969,"Нет выраженной спецроли: in=1, out=0, оборот 15k KZT. Depth=4: дальнейшие исходящие не наблюдаются.",1,0,15000.0,0.0,1,0,0.0003014479732354374,0.0,7,0.0,4,False,True
100000005723580100,peripheral,1.0,11,0.294888532591255,"Нет выраженной спецроли: in=1, out=0, оборот 35k KZT. Depth=4: дальнейшие исходящие не наблюдаются.",1,0,35000.0,0.0,1,0,0.00034433622437463404,0.0,8,0.0,4,False,True
100000000704700100,peripheral,1.0,26,0.1347522307850735,"Нет выраженной спецроли: in=1, out=0, оборот 10k KZT. Depth=4: дальнейшие исходящие не наблюдаются.",1,0,10000.0,0.0,1,0,0.000533255171856773,0.0,1,0.0,4,False,True
100000005293969100,peripheral,1.0,1,0.2066179957180422,"Нет выраженной спецроли: in=1, out=0, оборот 5k KZT. Depth=4: дальнейшие исходящие не наблюдаются.",1,0,5466.97,0.0,1,0,0.0005304901604905838,0.0,7,0.0,4,False,True
100000002512742100,peripheral,1.0,8,0.05855131284635243,"Нет выраженной спецроли: in=1, out=0, оборот 6k KZT. Depth=4: дальнейшие исходящие не наблюдаются.",1,0,6000.0,0.0,1,0,0.00028878019191604315,0.0,1,0.0,4,False,True
100000001816678100,peripheral,1.0,3,0.24135274423683922,"Нет выраженной спецроли: in=1, out=0, оборот 60k KZT. Depth=4: дальнейшие исходящие не наблюдаются.",1,0,60000.0,0.0,1,0,0.0003096552220398208,0.0,7,0.0,4,False,True
100000004586598100,peripheral,1.0,68,0.3420789767366117,"Нет выраженной спецроли: in=1, out=0, оборот 761k KZT. Depth=4: дальнейшие исходящие не наблюдаются.",1,0,761255.0,0.0,4,0,0.0005392658410384634,0.0,7,0.0,4,False,True
100000005782886100,peripheral,1.0,10,0.27999513849307656,"Нет выраженной спецроли: in=1, out=0, оборот 14k KZT. Depth=4: дальнейшие исходящие не наблюдаются.",1,0,14000.0,0.0,1,0,0.00036353183650008177,0.0,9,0.0,4,False,True
100000002622822100,peripheral,1.0,18,0.42690766250125733,"Нет выраженной спецроли: in=1, out=0, оборот 750k KZT. Depth=4: дальнейшие исходящие не наблюдаются.",1,0,750000.0,0.0,1,0,0.0009076861139921067,0.0,9,0.0,4,False,True
100000003718715100,peripheral,1.0,15,0.34890777745314516,"Нет выраженной спецроли: in=1, out=0, оборот 915k KZT. Depth=4: дальнейшие исходящие не наблюдаются.",1,0,915000.0,0.0,3,0,0.000575576480964531,0.0,7,0.0,4,False,True
100000006491963100,peripheral,1.0,8,0.09376110602874756,"Нет выраженной спецроли: in=1, out=0, оборот 16k KZT. Depth=4: дальнейшие исходящие не наблюдаются.",1,0,16000.0,0.0,3,0,0.0002941316880806304,0.0,1,0.0,4,False,True
100000004526651100,peripheral,1.0,10,0.24851059473232975,"Нет выраженной спецроли: in=1, out=0, оборот 33k KZT. Depth=4: дальнейшие исходящие не наблюдаются.",1,0,33000.0,0.0,1,0,0.0002899106988792623,0.0,8,0.0,4,False,True
100000008331280100,peripheral,1.0,28,0.2323861377602583,"Нет выраженной спецроли: in=1, out=0, оборот 41k KZT. Depth=4: дальнейшие исходящие не наблюдаются.",1,0,41000.0,0.0,2,0,0.00031806648242539286,0.0,7,0.0,4,False,True
100000004177936100,peripheral,1.0,9,0.19382696388115891,"Нет выраженной спецроли: in=1, out=0, оборот 10k KZT. Depth=4: дальнейшие исходящие не наблюдаются.",1,0,10000.0,0.0,1,0,0.00033700711990315843,0.0,7,0.0,4,False,True
100000002922000100,peripheral,1.0,44,0.32451714220027494,"Нет выраженной спецроли: in=1, out=0, оборот 448k KZT. Depth=4: дальнейшие исходящие не наблюдаются.",1,0,448000.0,0.0,1,0,0.0004597224521428434,0.0,7,0.0,4,False,True
100000002404112100,peripheral,1.0,28,0.25185096487740866,"Нет выраженной спецроли: in=1, out=0, оборот 60k KZT. Depth=4: дальнейшие исходящие не наблюдаются.",1,0,60000.0,0.0,1,0,0.0003300834785756558,0.0,7,0.0,4,False,True
100000000634341100,peripheral,1.0,1,0.24544491170258115,"Нет выраженной спецроли: in=1, out=0, оборот 24k KZT. Depth=4: дальнейшие исходящие не наблюдаются.",1,0,24000.0,0.0,2,0,0.00055493827193886,0.0,7,0.0,4,False,True
100000001822650100,peripheral,1.0,10,0.317017848675419,"Нет выраженной спецроли: in=1, out=0, оборот 112k KZT. Depth=4: дальнейшие исходящие не наблюдаются.",1,0,112000.0,0.0,1,0,0.00030590273887598653,0.0,8,0.0,4,False,True
100000004791226100,peripheral,1.0,1,0.2368927307299924,"Нет выраженной спецроли: in=1, out=0, оборот 20k KZT. Depth=4: дальнейшие исходящие не наблюдаются.",1,0,20000.0,0.0,1,0,0.0005414836607379305,0.0,7,0.0,4,False,True
100000007841978100,peripheral,1.0,5,0.32789906266314783,"Нет выраженной спецроли: in=1, out=0, оборот 449k KZT. Depth=4: дальнейшие исходящие не наблюдаются.",1,0,449000.0,0.0,1,0,0.0005063238893873195,0.0,7,0.0,4,False,True
100000006866831100,peripheral,1.0,9,0.2133636957989875,"Нет выраженной спецроли: in=1, out=0, оборот 16k KZT. Depth=4: дальнейшие исходящие не наблюдаются.",1,0,16500.0,0.0,1,0,0.00036767719063950316,0.0,7,0.0,4,False,True
100000002999140100,peripheral,1.0,12,0.14938746210179948,"Нет выраженной спецроли: in=1, out=0, оборот 10k KZT. Depth=4: дальнейшие исходящие не наблюдаются.",1,0,10000.0,0.0,2,0,0.0002894826040557577,0.0,7,0.0,4,False,True
100000002884708100,peripheral,1.0,11,0.40982796731534654,"Нет выраженной спецроли: in=1, out=0, оборот 1.2m KZT. Depth=4: дальнейшие исходящие не наблюдаются.",1,0,1171644.0,0.0,2,0,0.0005625754563953265,0.0,8,0.0,4,False,True
100000001130553100,peripheral,1.0,5,0.23387416600010538,"Нет выраженной спецроли: in=1, out=0, оборот 18k KZT. Depth=4: дальнейшие исходящие не наблюдаются.",1,0,18000.0,0.0,2,0,0.0005436529519802218,0.0,7,0.0,4,False,True
100000006351075100,peripheral,1.0,40,0.19900434901309016,"Нет выраженной спецроли: in=1, out=0, оборот 40k KZT. Depth=4: дальнейшие исходящие не наблюдаются.",1,0,40000.0,0.0,2,0,0.0002910853306876047,0.0,7,0.0,4,False,True
100000005616568100,peripheral,1.0,5,0.3276708352691551,"Нет выраженной спецроли: in=1, out=0, оборот 530k KZT. Depth=4: дальнейшие исходящие не наблюдаются.",1,0,530000.0,0.0,1,0,0.0004319554143337925,0.0,7,0.0,4,False,True
100000006381453100,peripheral,1.0,10,0.3284954354521202,"Нет выраженной спецроли: in=1, out=0, оборот 45k KZT. Depth=4: дальнейшие исходящие не наблюдаются.",1,0,45000.0,0.0,1,0,0.0005761677704875264,0.0,8,0.0,4,False,True
100000004616845100,peripheral,1.0,56,0.1673020552439614,"Нет выраженной спецроли: in=1, out=0, оборот 20k KZT. Depth=4: дальнейшие исходящие не наблюдаются.",1,0,20200.0,0.0,2,0,0.000288817668252161,0.0,7,0.0,4,False,True
100000004908173100,peripheral,1.0,11,0.26981082032540965,"Нет выраженной спецроли: in=1, out=0, оборот 21k KZT. Depth=4: дальнейшие исходящие не наблюдаются.",1,0,21000.0,0.0,1,0,0.0003208294523116968,0.0,8,0.0,4,False,True
100000004433250100,peripheral,1.0,1,0.17516602165885153,"Нет выраженной спецроли: in=1, out=0, оборот 8k KZT. Depth=4: дальнейшие исходящие не наблюдаются.",1,0,8000.0,0.0,1,0,0.0003065701457455701,0.0,7,0.0,4,False,True
100000003664994100,peripheral,1.0,41,0.3118690219031243,"Нет выраженной спецроли: in=1, out=0, оборот 338k KZT. Depth=4: дальнейшие исходящие не наблюдаются.",1,0,338271.0,0.0,2,0,0.0003911208228878406,0.0,7,0.0,4,False,True
100000004673335100,peripheral,1.0,31,0.27838892534353854,"Нет выраженной спецроли: in=1, out=0, оборот 80k KZT. Depth=4: дальнейшие исходящие не наблюдаются.",1,0,80000.0,0.0,1,0,0.0004940906043598346,0.0,7,0.0,4,False,True
100000002487222100,peripheral,1.0,5,0.25345041262938073,"Нет выраженной спецроли: in=1, out=0, оборот 90k KZT. Depth=4: дальнейшие исходящие не наблюдаются.",1,0,90000.0,0.0,2,0,0.0003104273146144327,0.0,7,0.0,4,False,True
100000000018102100,peripheral,1.0,9,0.18386494590076777,"Нет выраженной спецроли: in=1, out=0, оборот 7k KZT. Depth=4: дальнейшие исходящие не наблюдаются.",1,0,7000.0,0.0,1,0,0.0003204029472448961,0.0,7,0.0,4,False,True
100000008638859100,peripheral,1.0,5,0.33002291853263915,"Нет выраженной спецроли: in=1, out=0, оборот 34k KZT. Depth=4: дальнейшие исходящие не наблюдаются.",1,0,34000.0,0.0,1,0,0.0005396486131466575,0.0,9,0.0,4,False,True
100000001131403100,peripheral,1.0,56,0.3495749174980721,"Нет выраженной спецроли: in=1, out=0, оборот 1.6m KZT. Depth=4: дальнейшие исходящие не наблюдаются.",1,0,1570000.0,0.0,3,0,0.0005380419296007599,0.0,7,0.0,4,False,True
100000001733216100,peripheral,1.0,62,0.26552979050018444,"Нет выраженной спецроли: in=1, out=0, оборот 60k KZT. Depth=4: дальнейшие исходящие не наблюдаются.",1,0,60000.0,0.0,2,0,0.0004076531172154509,0.0,7,0.0,4,False,True
100000004400480100,peripheral,1.0,14,0.18111544043336864,"Нет выраженной спецроли: in=1, out=0, оборот 22k KZT. Depth=4: дальнейшие исходящие не наблюдаются.",1,0,21700.0,0.0,1,0,0.0004845728560785352,0.0,2,0.0,4,False,True
100000007539296100,peripheral,1.0,5,0.2687819410584195,"Нет выраженной спецроли: in=1, out=0, оборот 46k KZT. Depth=4: дальнейшие исходящие не наблюдаются.",1,0,46000.0,0.0,2,0,0.0005573238796527794,0.0,7,0.0,4,False,True
100000008757301100,peripheral,1.0,1,0.27328428320313436,"Нет выраженной спецроли: in=1, out=0, оборот 58k KZT. Depth=4: дальнейшие исходящие не наблюдаются.",1,0,58398.0,0.0,3,0,0.0005305464848242216,0.0,7,0.0,4,False,True
100000002752565100,peripheral,1.0,9,0.25261635286397843,"Нет выраженной спецроли: in=1, out=0, оборот 57k KZT. Depth=4: дальнейшие исходящие не наблюдаются.",1,0,57000.0,0.0,1,0,0.00033823599365261585,0.0,7,0.0,4,False,True
100000002734815100,peripheral,1.0,10,0.3210493670461676,"Нет выраженной спецроли: in=1, out=0, оборот 110k KZT. Depth=4: дальнейшие исходящие не наблюдаются.",1,0,110000.0,0.0,1,0,0.00031219587687641694,0.0,8,0.0,4,False,True
100000008333492100,peripheral,1.0,18,0.3790811512431568,"Нет выраженной спецроли: in=1, out=0, оборот 216k KZT. Depth=4: дальнейшие исходящие не наблюдаются.",1,0,216400.0,0.0,1,0,0.00043801085615694494,0.0,9,0.0,4,False,True
100000006527156100,peripheral,1.0,46,0.2173777917742345,"Нет выраженной спецроли: in=1, out=0, оборот 48k KZT. Depth=4: дальнейшие исходящие не наблюдаются.",1,0,48500.0,0.0,1,0,0.0002960785446390128,0.0,7,0.0,4,False,True
100000003448713100,peripheral,1.0,9,0.2798178611285401,"Нет выраженной спецроли: in=1, out=0, оборот 267k KZT. Depth=4: дальнейшие исходящие не наблюдаются.",1,0,266750.0,0.0,1,0,0.00030345492477779225,0.0,7,0.0,4,False,True
100000004780083100,peripheral,1.0,59,0.15895612909097007,"Нет выраженной спецроли: in=1, out=0, оборот 10k KZT. Depth=4: дальнейшие исходящие не наблюдаются.",1,0,9999.0,0.0,1,0,0.00029338523165935545,0.0,7,0.0,4,False,True
100000004798515100,peripheral,1.0,12,0.29542449576833363,"Нет выраженной спецроли: in=1, out=0, оборот 200k KZT. Depth=4: дальнейшие исходящие не наблюдаются.",1,0,200000.0,0.0,2,0,0.0003638354909866272,0.0,7,0.0,4,False,True
100000004232712100,peripheral,1.0,5,0.21862382234185737,"Нет выраженной спецроли: in=1, out=0, оборот 12k KZT. Depth=4: дальнейшие исходящие не наблюдаются.",1,0,12500.0,0.0,1,0,0.0005292762077277109,0.0,7,0.0,4,False,True
100000005209352100,peripheral,1.0,1,0.19681616199594795,"Нет выраженной спецроли: in=1, out=0, оборот 5k KZT. Depth=4: дальнейшие исходящие не наблюдаются.",1,0,5000.0,0.0,1,0,0.00042028195414468963,0.0,7,0.0,4,False,True
100000000561160100,peripheral,1.0,3,0.3086001973340742,"Нет выраженной спецроли: in=1, out=0, оборот 240k KZT. Depth=4: дальнейшие исходящие не наблюдаются.",1,0,240000.0,0.0,1,0,0.00043625462329844033,0.0,7,0.0,4,False,True
100000003568904100,peripheral,1.0,15,0.2662462939990325,"Нет выраженной спецроли: in=1, out=0, оборот 49k KZT. Depth=4: дальнейшие исходящие не наблюдаются.",1,0,49000.0,0.0,1,0,0.000531731011956939,0.0,7,0.0,4,False,True
100000000470237100,peripheral,1.0,29,0.25998518797028497,"Нет выраженной спецроли: in=1, out=0, оборот 32k KZT. Depth=4: дальнейшие исходящие не наблюдаются.",1,0,32500.0,0.0,1,0,0.0005846333941764128,0.0,7,0.0,4,False,True
100000008560263100,peripheral,1.0,5,0.2599814759822399,"Нет выраженной спецроли: in=1, out=0, оборот 100k KZT. Depth=4: дальнейшие исходящие не наблюдаются.",1,0,100000.0,0.0,1,0,0.0003131893168807817,0.0,7,0.0,4,False,True
100000000542087100,peripheral,1.0,36,0.1342572790888147,"Нет выраженной спецроли: in=1, out=0, оборот 9k KZT. Depth=4: дальнейшие исходящие не наблюдаются.",1,0,8506.91,0.0,1,0,0.0002864146027372091,0.0,7,0.0,4,False,True
100000004403548100,peripheral,1.0,9,0.1911444538108946,"Нет выраженной спецроли: in=1, out=0, оборот 5k KZT. Depth=4: дальнейшие исходящие не наблюдаются.",1,0,5000.0,0.0,1,0,0.0003678656647208173,0.0,7,0.0,4,False,True
100000003010908100,peripheral,1.0,8,0.21812689491002618,"Нет выраженной спецроли: in=1, out=0, оборот 17k KZT. Depth=4: дальнейшие исходящие не наблюдаются.",1,0,17000.0,0.0,1,0,0.00039940942699817443,0.0,7,0.0,4,False,True
100000006756956100,peripheral,1.0,1,0.26386684979141023,"Нет выраженной спецроли: in=1, out=0, оборот 121k KZT. Depth=4: дальнейшие исходящие не наблюдаются.",1,0,121200.0,0.0,9,0,0.00031094703412755853,0.0,7,0.0,4,False,True
100000007357489100,consolidator,0.7731031996205753,10,0.5452186065512789,"Консолидация: 2 плательщиков, 8 seed-маршрутов, вход 164k KZT. Depth=4: дальнейшие исходящие не наблюдаются.",2,0,164500.0,0.0,2,0,0.00031295949170801585,0.0,8,0.0,4,False,True
100000002599729100,peripheral,1.0,1,0.27284165856415515,"Нет выраженной спецроли: in=1, out=0, оборот 65k KZT. Depth=4: дальнейшие исходящие не наблюдаются.",1,0,65000.0,0.0,2,0,0.00048578643675265784,0.0,7,0.0,4,False,True
100000005849862100,peripheral,1.0,6,0.2243787808394362,"Нет выраженной спецроли: in=1, out=0, оборот 13k KZT. Depth=4: дальнейшие исходящие не наблюдаются.",1,0,13000.0,0.0,2,0,0.0005484355639203493,0.0,7,0.0,4,False,True
100000008762843100,peripheral,1.0,10,0.194118504619629,"Нет выраженной спецроли: in=1, out=0, оборот 7k KZT. Depth=4: дальнейшие исходящие не наблюдаются.",1,0,7000.0,0.0,1,0,0.0002872637131137807,0.0,8,0.0,4,False,True
100000002723674100,peripheral,1.0,23,0.22574856429881746,"Нет выраженной спецроли: in=1, out=0, оборот 30k KZT. Depth=4: дальнейшие исходящие не наблюдаются.",1,0,30000.0,0.0,1,0,0.00032717446121334877,0.0,7,0.0,4,False,True
100000008758106100,peripheral,1.0,10,0.19809742651461087,"Нет выраженной спецроли: in=1, out=0, оборот 10k KZT. Depth=4: дальнейшие исходящие не наблюдаются.",1,0,10000.0,0.0,1,0,0.00028688487138758524,0.0,8,0.0,4,False,True
100000001286703100,peripheral,1.0,39,0.16104292495078623,"Нет выраженной спецроли: in=1, out=0, оборот 20k KZT. Depth=4: дальнейшие исходящие не наблюдаются.",1,0,20500.0,0.0,1,0,0.0002872398381747619,0.0,7,0.0,4,False,True
